{"RTG": [8, 7, 6, 5, 4, 3, 2, 1, 0, 0, 0, 0, 0, 0, 0, 0, 0, 0, 0, 0, 0, 0, 0, 0, 0, 0, 0, 0, 0, 0, 0, 0, 0, 0, 0, 0, 0, 0, 0, 0, 0, 0, 0, 0, 0, 0, 0, 0, 0, 0, 0, 0], "S": [0, 0.021317089904629626, 1.0392373462346414, 1.1988872073150763, 1.1327279928260916, 1.2473233634412009, 1.3014072903111207, 0.6560959005237793, 2.6194882783227276, 2.665056914615652, 1.9816540052700344, 0.20124723393830407, 1.187614098414235, 1.3227683909951515, 0.3857365692963434, -1.0316810346736789, -0.1445968462172942, -0.6929902457178543, 0.7665022349198103, 0.7810947647226019, 0.7582537177375791, 0.5544970678689413, 0.624834862100612, -0.7762990261304845, -0.11157989388860974, 0.0074048302044516555, -0.5681424030680832, -1.0364517181494661, 1.0942090702771463, 1.9421985709844345, 0.8934834654088644, -0.10563491063426701, -2.18235760737755, -0.8754740322537258, 0.5488342955281749, 0.5188737380858635, -0.06490318263147667, -0.4064917918700017, 1.1345633600572884, 2.1300292046727938, 0.7690116833676693, 1.1392762323358923, 1.1380356008066348, -0.3552532035130716, -1.3684260504266743, -0.44919934217062807, 0.7652276639764811, 0.41543750807331425, 1.0814212867534516, 0.43558581507364647, 0.4014163575618112, 0.9978997859167429], "A": [0.875, 0.6900000000000001, 0.65, 0.595, 0.41500000000000004, 0.37, 0.29, 1.68, 1.705, 1.77, 1.485, 2.62, 2.75, 2.895, 2.455, 3.165, 3.995, 4.84, 5.0, 4.665, 4.495, 4.305, 3.56, 1.185, 2.095, 0.0, 3.7800000000000002, 3.35, 4.175, 2.25, 1.03, 1.335, 1.94, 3.025, 4.115, 3.435, 0.135, 1.59, 4.225, 4.75, 2.685, 3.27, 2.33, 3.8850000000000002, 3.67, 4.575, 4.93, 2.1750000000000003, 1.11, 0.795, 2.82, 0], "R": [1, 1, 1, 1, 1, 1, 1, 1, 0, 0, 0, 0, 0, 0, 0, 0, 0, 0, 0, 0, 0, 0, 0, 0, 0, 0, 0, 0, 0, 0, 0, 0, 0, 0, 0, 0, 0, 0, 0, 0, 0, 0, 0, 0, 0, 0, 0, 0, 0, 0, 0, 0]}