{"RTG": [24, 23, 22, 21, 20, 19, 18, 17, 16, 15, 14, 13, 12, 11, 10, 9, 8, 7, 6, 5, 4, 3, 2, 1, 0, 0, 0, 0, 0, 0, 0, 0, 0, 0, 0, 0, 0, 0, 0, 0, 0, 0, 0, 0, 0, 0, 0, 0, 0, 0, 0, 0], "S": [0, -0.6250762041214045, -0.5681424030680832, 0.1642534074841468, -0.6092041357060602, 0.3680109104289028, 0.4949049722078865, 1.1832205329391008, 1.1914882796809394, -2.2383187886964397, 1.0814212867534516, 1.0245921516336474, -0.4345148689017537, 0.7652276639764811, 0.7360187314858049, 0.10058988888118321, 0.7861115957725884, 0.4307974516011793, 0.5800560575903002, 0.5668338030505861, -0.26899053000129997, 1.1602292902251623, 1.154923932830813, 0.43020799552765826, 0.26206678582391096, 2.6730387989219673, 2.593288167724146, 2.1109965038009197, -0.06490318263147667, 0.6560959005237793, -0.8455440470023323, 1.7165118520294746, 1.2473233634412009, -0.7506979107943184, 1.2699450427223564, 0.1134268335735682, -0.5519999276125631, 0.42103107830772674, -1.1142781305849165, 0.3165938873653324, 2.1614265129414165, 0.23008588075507877, 1.2198638448838093, -1.4864591883310811, 0.7810947647226019, 0.7801908353249076, 0.7824357235715943, -0.4757085314032074, 1.2607647850267172, -1.054315683292044, -0.11355670144341846, -0.47945674206180294], "A": [3.735, 0.0, 0.86, 0.96, 0.8200000000000001, 0.76, 0.66, 0.63, 1.32, 2.1750000000000003, 2.235, 2.07, 4.575, 4.675, 4.4350000000000005, 4.835, 4.945, 2.99, 2.865, 3.145, 2.695, 2.645, 2.54, 4.105, 1.695, 1.72, 1.6400000000000001, 3.435, 0.29, 3.94, 4.255, 0.41500000000000004, 3.575, 3.3000000000000003, 1.87, 0.155, 1.1300000000000001, 2.39, 4.32, 4.195, 1.49, 0.495, 3.835, 5.0, 3.235, 4.755, 1.205, 2.785, 1.965, 0.075, 3.6550000000000002, 0], "R": [1, 1, 1, 1, 1, 1, 1, 1, 1, 1, 1, 1, 1, 1, 1, 1, 1, 1, 1, 1, 1, 1, 1, 1, 0, 0, 0, 0, 0, 0, 0, 0, 0, 0, 0, 0, 0, 0, 0, 0, 0, 0, 0, 0, 0, 0, 0, 0, 0, 0, 0, 0]}