{"RTG": [25, 24, 23, 22, 21, 20, 19, 18, 17, 16, 15, 14, 13, 12, 11, 10, 9, 8, 7, 6, 5, 4, 3, 2, 1, 0, 0, 0, 0, 0, 0, 0, 0, 0, 0, 0, 0, 0, 0, 0, 0, 0, 0, 0, 0, 0, 0, 0, 0, 0, 0, 0], "S": [0, 0.9720001096732416, 0.3643491653233505, 1.1260754615276558, -1.2153810007194785, 1.294516094678491, 1.2417797507923742, 1.2207514698396822, 1.1211829717379291, 1.1293561077306389, 0.4534819021847498, -0.48797384671598903, 0.46043837533281906, 0.14424649044003368, 0.4301388341903039, 1.2066195172364638, 1.1390065784520442, 0.028266080697662052, -0.7250333914407979, -0.07443101875082657, 0.7810947647226019, 0.5209078855902575, 0.7259718516629005, 0.7535780975912624, -0.7762351625212653, 2.4252267062251835, 2.6640935024130794, 2.5551020877188306, -0.43538446450642626, -0.5915936314210155, 1.66510693211448, -0.5681424030680832, -0.1333343676888655, -0.08326043425258514, 2.1300292046727938, 1.1701627407828141, -0.2319763522557701, -0.8797078913319923, 0.8405098459569589, 0.43558581507364647, 0.4462543804591722, -1.4864591883310811, -0.5821590646936314, 1.1718425673152988, -0.03201196311671608, 0.5331467533500495, 1.1686108490458247, -0.1444384360798626, -2.035680965350923, -1.1185111654206692, 0.15531055956049092, 0.5340475232331015], "A": [2.16, 2.115, 2.185, 1.24, 0.385, 0.34500000000000003, 0.465, 0.5700000000000001, 0.675, 0.77, 0.215, 3.04, 3.19, 2.8850000000000002, 2.71, 2.6550000000000002, 2.52, 3.5100000000000002, 4.345, 5.0, 4.89, 4.68, 4.57, 3.95, 1.6600000000000001, 1.69, 1.725, 0.995, 3.73, 4.16, 0.0, 1.45, 4.09, 4.225, 3.34, 1.8900000000000001, 2.365, 4.78, 1.11, 4.4750000000000005, 3.835, 3.625, 3.275, 0.88, 1.545, 2.8000000000000003, 0.095, 1.35, 1.985, 3.42, 2.975, 0], "R": [1, 1, 1, 1, 1, 1, 1, 1, 1, 1, 1, 1, 1, 1, 1, 1, 1, 1, 1, 1, 1, 1, 1, 1, 1, 0, 0, 0, 0, 0, 0, 0, 0, 0, 0, 0, 0, 0, 0, 0, 0, 0, 0, 0, 0, 0, 0, 0, 0, 0, 0, 0]}