{"RTG": [30, 29, 28, 27, 26, 25, 24, 23, 22, 21, 20, 19, 18, 17, 16, 15, 14, 13, 12, 11, 10, 9, 8, 7, 6, 5, 4, 3, 2, 1, 0, 0, 0, 0, 0, 0, 0, 0, 0, 0, 0, 0, 0, 0, 0, 0, 0, 0, 0, 0, 0, 0], "S": [0, 0.2560876713757903, -0.7568219640141731, 0.3971961720618536, -0.5681424030680832, -1.168351323450353, 1.099627421136071, 1.275078842405209, 1.0487836559167683, 2.1300292046727938, 1.7165118520294746, 2.186387029405289, 0.7810947647226019, 0.6977617291854273, 0.7360187314858049, 1.0022667714886981, 1.124212497936378, 1.240122479297734, 0.7332462169914621, 0.2404961358400748, -1.0773133856651251, 0.9001162474095208, 0.49351587614176184, 1.1485285121397457, -0.8348946779313645, 0.28719849522687874, 0.6951830673805045, 1.1037847808441072, 2.2787485889783183, 1.899839506890742, 2.510577190859736, 2.648718288939445, 1.1260754615276558, -0.7260747810041374, -0.7695552481135107, -0.5807826452226514, -0.034142590711439366, -0.28478069236999004, 0.718905993062926, -0.6004221706752727, 0.14978629205510915, 0.8085877969105064, 0.0074048302044516555, 1.221849818761846, -0.4354061667458947, -1.5129641137469552, -0.074182758754499, -0.4672195710409025, 0.4534819021847498, 0.421746209599056, 0.3857365692963434, -0.3764877984809053], "A": [1.495, 1.415, 1.5250000000000001, 0.0, 2.4, 3.265, 3.305, 3.355, 4.225, 4.255, 4.2, 5.0, 4.855, 4.675, 0.6950000000000001, 0.5650000000000001, 0.42, 0.295, 0.85, 1.97, 2.83, 2.965, 2.69, 3.7600000000000002, 1.075, 4.545, 2.59, 1.75, 1.7750000000000001, 1.73, 1.71, 2.185, 3.96, 3.565, 0.16, 3.09, 1.195, 2.265, 0.965, 4.44, 4.765, 2.095, 0.49, 4.07, 3.855, 2.515, 3.66, 0.77, 4.94, 2.895, 3.46, 0], "R": [1, 1, 1, 1, 1, 1, 1, 1, 1, 1, 1, 1, 1, 1, 1, 1, 1, 1, 1, 1, 1, 1, 1, 1, 1, 1, 1, 1, 1, 1, 0, 0, 0, 0, 0, 0, 0, 0, 0, 0, 0, 0, 0, 0, 0, 0, 0, 0, 0, 0, 0, 0]}