{"RTG": [8, 7, 6, 5, 4, 3, 2, 1, 0, 0, 0, 0, 0, 0, 0, 0, 0, 0, 0, 0, 0, 0, 0, 0, 0, 0, 0, 0, 0, 0, 0, 0, 0, 0, 0, 0, 0, 0, 0, 0, 0, 0, 0, 0, 0, 0, 0, 0, 0, 0, 0, 0], "S": [0, -0.30250143554770165, -0.5681424030680832, 0.1134268335735682, -1.1095620561736692, 0.783357385465521, 1.1737062158429918, 1.8155548068888594, 2.404467632602444, 2.6246497070519292, 0.7014264433005017, 0.5821843027492473, 1.1288287176578806, 0.3327416839338406, 0.3573440360234566, 0.15531055956049092, -0.44919934217062807, 0.6090386641418352, 0.7170916018157362, 0.672534868209102, 0.22426911458075124, 0.7810947647226019, -0.2767185250323555, 1.2072785431808835, 1.2005613140987013, 1.2790399283068352, -0.3169393062321038, 0.4254157691859527, -2.2239717903468845, -0.0017655707758112728, -1.4061401913825524, 0.3027282790335336, 2.1990799042829505, 1.1260754615276558, -0.7834705376033333, 1.2752776432954898, 0.4035438731462402, 1.3266242924078386, 1.2287157098589727, 0.8058072136235602, -0.08708410671312418, -1.186829352316274, 1.9631888737933478, -0.1908265540465092, -0.1275144827788334, 0.8405098459569589, -0.9336474874188099, 1.5204906701516285, 0.4485587152594895, -0.4757085314032074, 0.3782747663821225, 0.920655627807069], "A": [1.01, 0.0, 1.87, 1.98, 1.835, 1.815, 1.78, 1.74, 1.715, 2.85, 3.015, 2.6750000000000003, 2.535, 3.205, 3.42, 3.67, 4.51, 4.6850000000000005, 4.86, 4.325, 5.0, 4.08, 0.51, 0.64, 0.355, 0.23, 0.78, 1.31, 2.31, 3.88, 1.5050000000000001, 4.205, 2.185, 3.54, 3.31, 1.135, 2.755, 0.43, 4.595, 0.885, 2.43, 4.24, 0.105, 3.1, 4.78, 3.77, 1.61, 2.12, 1.205, 2.935, 0.705, 0], "R": [1, 1, 1, 1, 1, 1, 1, 1, 0, 0, 0, 0, 0, 0, 0, 0, 0, 0, 0, 0, 0, 0, 0, 0, 0, 0, 0, 0, 0, 0, 0, 0, 0, 0, 0, 0, 0, 0, 0, 0, 0, 0, 0, 0, 0, 0, 0, 0, 0, 0, 0, 0]}