{"RTG": [9, 8, 7, 6, 5, 4, 3, 2, 1, 0, 0, 0, 0, 0, 0, 0, 0, 0, 0, 0, 0, 0, 0, 0, 0, 0, 0, 0, 0, 0, 0, 0, 0, 0, 0, 0, 0, 0, 0, 0, 0, 0, 0, 0, 0, 0, 0, 0, 0, 0, 0, 0], "S": [0, 0.49295855336629363, -0.4371655090445092, 0.8758965088053228, 1.10297997475711, 1.2628973292464318, 1.176806974670785, 1.14814577970639, 0.8327877808682069, 0.07219968659936347, 2.6640935024130794, 2.6246497070519292, 1.723220249425911, -1.0269167683512421, 1.0887396232185838, 0.4109152650008146, 1.129227959703775, -0.17560713225483768, 0.2847659930484283, 0.2318331862051065, -0.5091648528801574, 0.5317048528935276, 0.7468985423979649, 0.7665022349198103, 0.7810947647226019, 0.8479373402835767, 1.0554799424175512, -0.68423059871148, -0.5765074546122056, 0.8934834654088644, -0.5681424030680832, -0.9737435211646027, 0.7486707964918938, -0.05613805381416219, -1.2849974428615545, 0.12372982621026657, -0.8797078913319923, -0.7657231146818407, 1.2752776432954898, -0.24919191085202425, 2.199560797986056, 1.1737062158429918, 0.7824357235715943, 1.2918036410372127, 0.41543750807331425, 0.7765038309941795, -2.201677621553729, 0.438911988125878, 0.3249895437356506, 0.4014163575618112, -1.2326682407776417, -0.593214709912086], "A": [0.28, 0.22, 0.305, 0.325, 0.35000000000000003, 0.53, 0.605, 0.715, 0.87, 1.69, 1.715, 1.62, 1.96, 2.81, 2.945, 2.665, 2.5100000000000002, 3.2, 3.415, 3.645, 4.49, 4.67, 4.84, 5.0, 4.295, 4.135, 3.985, 1.21, 2.25, 0.0, 1.405, 2.14, 1.035, 3.805, 3.075, 2.365, 3.525, 3.31, 4.39, 4.21, 1.815, 4.755, 2.735, 4.93, 4.58, 1.305, 1.12, 1.51, 0.795, 3.9, 2.06, 0], "R": [1, 1, 1, 1, 1, 1, 1, 1, 1, 0, 0, 0, 0, 0, 0, 0, 0, 0, 0, 0, 0, 0, 0, 0, 0, 0, 0, 0, 0, 0, 0, 0, 0, 0, 0, 0, 0, 0, 0, 0, 0, 0, 0, 0, 0, 0, 0, 0, 0, 0, 0, 0]}