{"RTG": [4, 3, 2, 1, 0, 0, 0, 0, 0, 0, 0, 0, 0, 0, 0, 0, 0, 0, 0, 0, 0, 0, 0, 0, 0, 0, 0, 0, 0, 0, 0, 0, 0, 0, 0, 0, 0, 0, 0, 0, 0, 0, 0, 0, 0, 0, 0, 0, 0, 0, 0, 0], "S": [0, -0.19932815225345174, -0.5681424030680832, 2.404467632602444, 1.9816540052700344, 2.6246497070519292, 2.6194882783227276, -0.9561600736877052, 0.45867151981736537, 0.17769761202432371, 1.1485285121397457, 0.6982589645466594, -0.7495170589353438, 1.2704887200104722, -0.1336677750241096, 0.5033711967483209, 0.8479373402835767, 0.2454218611888777, 1.1870405829024617, -0.7001124557070517, 0.7002211277137405, 0.6466991670257178, 1.219837753571638, 1.1228239058413378, 0.940457295044262, -1.4239948062371293, 0.7810947647226019, 0.7881508443671758, -0.5109588790481822, -0.6433226681011133, 0.04365670661903363, 0.7871845460010397, 0.13123823407706264, 1.1484487020849217, 1.2829686885252671, -1.512229542652904, -0.7253309927571581, 2.1880040451103517, 1.294516094678491, -1.7182524106449804, -0.8626716533395865, 0.8399611402853264, 0.38008632231324074, 0.3959299450209885, 0.8478622810701648, -0.5980416703876035, 0.5519536381881391, 0.7456394742923096, -0.11299887448909537, 0.6369849008242138, 0.8848719625808373, 0.4307974516011793], "A": [0.895, 0.0, 1.74, 1.77, 1.715, 1.68, 2.0300000000000002, 2.88, 3.0700000000000003, 2.69, 2.555, 2.355, 3.315, 3.44, 3.215, 4.295, 4.45, 4.14, 4.0, 4.7, 4.865, 0.46, 0.585, 0.31, 1.25, 5.0, 0.72, 3.715, 0.18, 1.465, 4.585, 1.055, 2.195, 2.7800000000000002, 3.845, 3.585, 4.215, 0.385, 1.37, 2.47, 2.255, 1.1400000000000001, 0.8, 4.785, 1.915, 2.98, 1.565, 0.08, 4.5200000000000005, 3.37, 4.945, 0], "R": [1, 1, 1, 1, 0, 0, 0, 0, 0, 0, 0, 0, 0, 0, 0, 0, 0, 0, 0, 0, 0, 0, 0, 0, 0, 0, 0, 0, 0, 0, 0, 0, 0, 0, 0, 0, 0, 0, 0, 0, 0, 0, 0, 0, 0, 0, 0, 0, 0, 0, 0, 0]}