{"RTG": [8, 7, 6, 5, 4, 3, 2, 1, 0, 0, 0, 0, 0, 0, 0, 0, 0, 0, 0, 0, 0, 0, 0, 0, 0, 0, 0, 0, 0, 0, 0, 0, 0, 0, 0, 0, 0, 0, 0, 0, 0, 0, 0, 0, 0, 0, 0, 0, 0, 0, 0, 0], "S": [0, 0.8127354545276446, 0.37144358779605585, 1.4202812468229182, 1.723220249425911, 1.9226645203488157, 2.1109965038009197, 2.2807160561275923, 2.486335711065681, 2.6730387989219673, 2.6640935024130794, -0.5681424030680832, 1.154923932830813, 1.3006506431464921, 0.35682762061356665, -0.7197448335686071, 0.2847659930484283, 0.2318331862051065, -0.5091648528801574, 0.5317048528935276, 0.7468985423979649, 0.7665022349198103, 0.7810947647226019, 0.8479373402835767, 1.0554799424175512, -0.68423059871148, 0.7881508443671758, 1.128847864961221, 1.2473233634412009, 0.408254220927261, -0.19932815225345174, 1.050618440940789, 0.4268874504834266, 0.4327458304589763, -0.7349959441494497, 0.23093654685116718, -1.2849974428615545, -0.4836500766001137, -1.1083866239228302, -0.20518968612651028, -0.7548756490013011, 1.2752776432954898, -0.24919191085202425, 2.199560797986056, 0.7824357235715943, 1.2005613140987013, 1.2066195172364638, 0.41543750807331425, 0.7765038309941795, 1.2628973292464318, -0.9899543682703261, -0.8275862870460531], "A": [1.57, 1.52, 1.605, 1.62, 1.6300000000000001, 1.6400000000000001, 1.6500000000000001, 1.665, 1.695, 1.69, 0.0, 2.645, 2.775, 2.9250000000000003, 2.48, 3.2, 3.415, 3.645, 4.49, 4.67, 4.84, 5.0, 4.295, 4.135, 3.985, 0.72, 0.56, 0.41500000000000004, 0.275, 0.895, 2.17, 2.285, 1.125, 2.05, 3.065, 3.805, 0.145, 1.235, 1.02, 3.52, 3.31, 4.39, 4.21, 4.755, 0.64, 2.71, 4.93, 4.58, 0.35000000000000003, 2.375, 1.935, 0], "R": [1, 1, 1, 1, 1, 1, 1, 1, 0, 0, 0, 0, 0, 0, 0, 0, 0, 0, 0, 0, 0, 0, 0, 0, 0, 0, 0, 0, 0, 0, 0, 0, 0, 0, 0, 0, 0, 0, 0, 0, 0, 0, 0, 0, 0, 0, 0, 0, 0, 0, 0, 0]}