{"RTG": [13, 12, 11, 10, 9, 8, 7, 6, 5, 4, 3, 2, 1, 0, 0, 0, 0, 0, 0, 0, 0, 0, 0, 0, 0, 0, 0, 0, 0, 0, 0, 0, 0, 0, 0, 0, 0, 0, 0, 0, 0, 0, 0, 0, 0, 0, 0, 0, 0, 0, 0, 0], "S": [0, 0.5950547331054502, 0.4302381124583138, 0.17769761202432371, -0.5681424030680832, 0.2404961358400748, -0.43538446450642626, 0.6594579003937963, 1.1293561077306389, 1.2005613140987013, 0.6852842044098775, -0.9952350182638754, 2.13684204514209, 2.4602044790854074, 2.6246497070519292, 2.6194882783227276, -0.9311057892287455, 0.8405098459569589, 0.4166613326088767, 0.826452834105411, 0.2454218611888777, -1.1127621184986758, -0.7250333914407979, 1.1460939208731853, -0.5320126392908179, 1.2247109249108254, 2.084491255479688, 1.66510693211448, 0.5176853876426791, -2.1696699967840307, 1.1602292902251623, 1.151436074096337, -0.5109588790481822, 1.275078842405209, 1.1712103381729184, 0.4268874504834266, 0.7554559803553068, 0.1321564168933086, 0.18863804225015912, 0.42103107830772674, 1.1686108490458247, 0.7810947647226019, 0.7002211277137405, 0.5033711967483209, -1.4056490068099121, -0.6434383622202263, 1.1935643644957392, 0.6726275675323473, -0.6211852992102556, -0.1444384360798626, -0.3782782412797233, 0.3327416839338406], "A": [3.005, 2.95, 3.0700000000000003, 0.0, 0.85, 0.995, 0.735, 0.675, 0.64, 1.84, 1.955, 1.76, 1.735, 1.715, 1.68, 3.93, 4.78, 4.9350000000000005, 4.62, 4.45, 2.445, 3.5100000000000002, 0.33, 0.21, 0.435, 4.23, 4.16, 4.3100000000000005, 1.3, 2.695, 2.2, 3.715, 3.305, 2.605, 2.285, 3.38, 1.475, 2.105, 1.1300000000000001, 2.8000000000000003, 5.0, 4.7, 3.215, 3.8200000000000003, 4.05, 0.52, 4.535, 3.615, 0.095, 1.2, 2.535, 0], "R": [1, 1, 1, 1, 1, 1, 1, 1, 1, 1, 1, 1, 1, 0, 0, 0, 0, 0, 0, 0, 0, 0, 0, 0, 0, 0, 0, 0, 0, 0, 0, 0, 0, 0, 0, 0, 0, 0, 0, 0, 0, 0, 0, 0, 0, 0, 0, 0, 0, 0, 0, 0]}