{"RTG": [30, 29, 28, 27, 26, 25, 24, 23, 22, 21, 20, 19, 18, 17, 16, 15, 14, 13, 12, 11, 10, 9, 8, 7, 6, 5, 4, 3, 2, 1, 0, 0, 0, 0, 0, 0, 0, 0, 0, 0, 0, 0, 0, 0, 0, 0, 0, 0, 0, 0, 0, 0], "S": [0, 0.38850455016500957, -0.6963956180988685, 1.0554799424175512, 1.314995406442874, 1.4381036978079742, 1.555179369689812, 1.66510693211448, 1.8594942356609157, 2.1300292046727938, 0.5073931917166381, 0.8560300178421365, 2.199560797986056, 2.186387029405289, 0.791505350158265, -0.5681424030680832, 0.27208023610146237, 0.0866432673157289, 1.1971315791461121, 1.1935643644957392, 1.3014072903111207, 0.06518168505993671, -2.2362571854591744, 1.0814212867534516, 0.1748996278641049, -0.7349959441494497, -0.28174751465887515, 1.2766244561205646, 0.7997946265823738, 1.1712103381729184, -0.7799098430293636, 2.6462676611234475, 2.648718288939445, 1.4202812468229182, -0.7197448335686071, 1.2457424006890583, 0.783357385465521, -0.6250762041214045, 0.5340475232331015, 0.6726275675323473, 0.7008456084275234, 0.38641500747199387, -0.32750870905583246, 0.22387517807153576, 0.5690923241108877, 0.9022883692297691, 0.09060725392395028, 1.2218576619033426, -0.5973820916024358, -0.8275862870460531, -1.4647684387382283, 1.129227959703775], "A": [4.11, 4.04, 4.135, 4.1450000000000005, 4.15, 4.155, 4.16, 4.17, 4.225, 4.965, 4.795, 4.21, 4.2, 4.65, 0.0, 0.845, 1.05, 0.635, 0.52, 0.37, 0.255, 1.315, 2.1750000000000003, 2.3000000000000003, 2.05, 3.14, 2.73, 2.84, 2.605, 3.535, 1.685, 1.71, 1.605, 2.48, 3.325, 1.835, 3.735, 2.975, 4.535, 0.73, 3.4050000000000002, 0.125, 1.16, 4.88, 3.245, 1.47, 0.44, 0.9450000000000001, 1.935, 3.83, 2.665, 0], "R": [1, 1, 1, 1, 1, 1, 1, 1, 1, 1, 1, 1, 1, 1, 1, 1, 1, 1, 1, 1, 1, 1, 1, 1, 1, 1, 1, 1, 1, 1, 0, 0, 0, 0, 0, 0, 0, 0, 0, 0, 0, 0, 0, 0, 0, 0, 0, 0, 0, 0, 0, 0]}