{"RTG": [27, 26, 25, 24, 23, 22, 21, 20, 19, 18, 17, 16, 15, 14, 13, 12, 11, 10, 9, 8, 7, 6, 5, 4, 3, 2, 1, 0, 0, 0, 0, 0, 0, 0, 0, 0, 0, 0, 0, 0, 0, 0, 0, 0, 0, 0, 0, 0, 0, 0, 0, 0], "S": [0, -0.24856155848617614, 0.25207635626420094, 0.3146398464699526, -1.4239948062371293, 0.438911988125878, 0.4534819021847498, 0.920655627807069, 1.1694360114222457, 1.184145623379665, 0.529575855818755, 0.7817142987958644, -0.9899543682703261, 1.1490434588248564, 0.8429601913364685, 1.2256976844807996, 0.7554559803553068, 1.2699450427223564, 1.8063011458935552, 1.0765033972163964, 2.084491255479688, 2.199560797986056, 0.8250163897131615, 0.8205579041063652, 0.4166613326088767, 0.9978997859167429, 0.4109152650008146, 1.1392762323358923, 2.665056914615652, 2.510577190859736, 2.486335711065681, -0.984767779832423, -0.5681424030680832, 1.2552709899027514, 0.9147600389067359, -0.7202755602478425, 0.5928665680352182, 0.2560876713757903, -0.7085119626694121, -0.6944213635994284, 0.17769761202432371, -0.36042160659606265, 1.2154017406227207, 0.7810947647226019, -0.1908265540465092, -0.9737435211646027, 0.7002211277137405, -0.46555971502504534, -1.4664759182334537, -0.4354061667458947, -0.44124323692021794, -1.0323222330279518], "A": [0.23500000000000001, 1.07, 1.1500000000000001, 1.25, 1.12, 0.77, 0.705, 0.665, 0.625, 2.125, 2.2600000000000002, 2.375, 2.205, 3.24, 3.33, 3.38, 3.3000000000000003, 4.25, 4.285, 4.23, 4.21, 4.625, 4.7700000000000005, 4.9350000000000005, 2.82, 2.945, 2.685, 1.705, 1.73, 1.665, 3.775, 0.0, 0.41000000000000003, 2.57, 1.925, 4.505, 1.495, 3.9650000000000003, 3.595, 3.0700000000000003, 0.91, 0.34, 5.0, 0.105, 1.405, 4.7, 2.495, 3.87, 4.07, 3.68, 2.02, 0], "R": [1, 1, 1, 1, 1, 1, 1, 1, 1, 1, 1, 1, 1, 1, 1, 1, 1, 1, 1, 1, 1, 1, 1, 1, 1, 1, 1, 0, 0, 0, 0, 0, 0, 0, 0, 0, 0, 0, 0, 0, 0, 0, 0, 0, 0, 0, 0, 0, 0, 0, 0, 0]}