{"RTG": [12, 11, 10, 9, 8, 7, 6, 5, 4, 3, 2, 1, 0, 0, 0, 0, 0, 0, 0, 0, 0, 0, 0, 0, 0, 0, 0, 0, 0, 0, 0, 0, 0, 0, 0, 0, 0, 0, 0, 0, 0, 0, 0, 0, 0, 0, 0, 0, 0, 0, 0, 0], "S": [0, 1.1914882796809394, 1.1269664878719414, 0.920655627807069, 1.233874684983979, 1.2992127756900016, 0.8066810032092551, -0.6092041357060602, 1.1737062158429918, 0.02348309645291035, 1.8155548068888594, 2.13684204514209, 2.510577190859736, 2.648718288939445, 0.8399611402853264, -1.1987220633160474, 0.6800540626825456, 1.099627421136071, 0.4633443805678566, -0.2575596417689937, 2.1646963807230764, 0.9620205374516724, 1.555179369689812, 0.7810947647226019, 0.7665022349198103, 0.7582537177375791, -0.5915936314210155, 1.3006506431464921, 0.40577549456587986, 1.1390065784520442, -0.5681424030680832, -2.078054622311628, 0.6612033019948327, -1.0282492849914124, -0.7762990261304845, 0.16883208745421255, -0.4836500766001137, 0.42661607931867784, 0.6982589645466594, 0.32211413453554105, 0.7824357235715943, 0.5950547331054502, 0.10058988888118321, -0.7349959441494497, -0.7119997492397336, 1.2457424006890583, 0.41543750807331425, -0.032732204163866366, -1.3691595699046264, 0.8127354545276446, 1.2423047404347072, -0.526117465012331], "A": [0.63, 0.59, 0.705, 0.425, 0.38, 0.3, 0.96, 1.815, 1.875, 1.78, 1.76, 1.73, 1.71, 2.255, 2.41, 2.1350000000000002, 3.265, 3.4, 3.12, 4.22, 4.29, 4.155, 5.0, 4.84, 4.665, 3.73, 2.775, 2.89, 2.6550000000000002, 0.0, 1.29, 4.53, 3.92, 3.56, 1.48, 0.145, 1.105, 2.555, 0.835, 4.755, 3.005, 4.4350000000000005, 2.05, 4.035, 3.325, 4.93, 1.18, 3.815, 1.57, 2.72, 3.64, 0], "R": [1, 1, 1, 1, 1, 1, 1, 1, 1, 1, 1, 1, 0, 0, 0, 0, 0, 0, 0, 0, 0, 0, 0, 0, 0, 0, 0, 0, 0, 0, 0, 0, 0, 0, 0, 0, 0, 0, 0, 0, 0, 0, 0, 0, 0, 0, 0, 0, 0, 0, 0, 0]}