{"RTG": [29, 28, 27, 26, 25, 24, 23, 22, 21, 20, 19, 18, 17, 16, 15, 14, 13, 12, 11, 10, 9, 8, 7, 6, 5, 4, 3, 2, 1, 0, 0, 0, 0, 0, 0, 0, 0, 0, 0, 0, 0, 0, 0, 0, 0, 0, 0, 0, 0, 0, 0, 0], "S": [0, 1.0814212867534516, 0.6800540626825456, 1.1490434588248564, -0.5681424030680832, 0.32211413453554105, -0.3935566625341845, 1.072987484673177, 1.184145623379665, 1.1348906924437472, 1.2200896781036197, 1.2881202542280985, 1.0000009442743154, 0.06986426174581307, 1.2457424006890583, 0.8848719625808373, 1.2009822841548368, 0.7014264433005017, 1.2766244561205646, 1.1326765301622912, -0.074182758754499, 1.9631888737933478, 1.4124672145230344, 2.1646963807230764, 2.124266822246258, 0.791505350158265, 0.8560300178421365, 0.46102665645791197, 0.5331467533500495, -1.621789297070172, 2.6462676611234475, 2.6246497070519292, 1.0768972333907842, -0.8348946779313645, 0.623634391545786, 0.10777792340828776, -0.7387734467982239, -0.8865485997154794, -0.5519999276125631, -0.9899543682703261, 0.49351587614176184, -0.9952350182638754, 0.5946153418392212, 2.1109965038009197, -1.5240886404133587, 0.10058988888118321, 0.348248328649486, -0.7119997492397336, -0.44919934217062807, -0.043400782201073435, 1.132872154906867, 0.7810947647226019], "A": [2.1750000000000003, 2.1350000000000002, 2.205, 0.0, 0.835, 1.0, 0.685, 0.625, 0.555, 0.445, 0.39, 0.315, 3.08, 3.325, 3.37, 3.2800000000000002, 2.85, 2.73, 2.68, 2.515, 4.24, 4.2700000000000005, 4.22, 4.19, 4.65, 4.795, 4.955, 1.545, 1.375, 1.685, 1.715, 1.82, 3.7600000000000002, 4.515, 1.17, 3.58, 3.935, 0.155, 2.375, 2.965, 1.955, 4.875, 1.6400000000000001, 1.2550000000000001, 4.4350000000000005, 1.085, 4.035, 3.67, 3.1750000000000003, 2.595, 5.0, 0], "R": [1, 1, 1, 1, 1, 1, 1, 1, 1, 1, 1, 1, 1, 1, 1, 1, 1, 1, 1, 1, 1, 1, 1, 1, 1, 1, 1, 1, 1, 0, 0, 0, 0, 0, 0, 0, 0, 0, 0, 0, 0, 0, 0, 0, 0, 0, 0, 0, 0, 0, 0, 0]}