{"RTG": [9, 8, 7, 6, 5, 4, 3, 2, 1, 0, 0, 0, 0, 0, 0, 0, 0, 0, 0, 0, 0, 0, 0, 0, 0, 0, 0, 0, 0, 0, 0, 0, 0, 0, 0, 0, 0, 0, 0, 0, 0, 0, 0, 0, 0, 0, 0, 0, 0, 0, 0, 0], "S": [0, -0.5010243947417435, -0.5681424030680832, 0.2992456858903939, -0.4088659150438583, 0.3905628121415768, 1.640461454575373, 0.979413961857978, 1.9816540052700344, 2.2096243099566566, 2.648718288939445, 1.2423047404347072, 0.7500898340417048, 1.024040463667378, -1.1987220633160474, 0.4215588852672501, 0.9022883692297691, 0.4633443805678566, -0.5821590646936314, 0.44580020575484075, 0.7063621804743907, 0.7065887481278916, -0.2679591565011226, 1.2881202542280985, 1.2072785431808835, -0.09834637685729146, -2.201677621553729, 0.9242571415201947, -1.5157966450157259, 0.4256092218561636, 1.184145623379665, 2.1646963807230764, 1.9421985709844345, 0.7810947647226019, 0.8934834654088644, 0.43977288007454873, -0.24866560631437654, 0.4109152650008146, 0.8164466281105316, -0.7349959441494497, -0.28949292123513, -0.7250333914407979, 1.154923932830813, -0.6250762041214045, 1.260659837942881, -0.4572802851966546, 0.8418830957241761, 0.040343652882350874, 1.190400491309068, 1.1460939208731853, 2.486335711065681, -0.7486598192425545], "A": [4.065, 0.0, 0.84, 0.915, 0.805, 1.79, 1.825, 1.77, 1.7550000000000001, 1.71, 2.72, 2.845, 2.58, 2.41, 3.045, 3.245, 3.4, 3.625, 4.91, 4.72, 4.55, 4.375, 0.39, 0.51, 0.245, 1.305, 2.1550000000000002, 3.85, 1.53, 0.625, 4.22, 4.175, 5.0, 2.25, 1.115, 3.15, 2.945, 4.635, 2.05, 0.12, 3.5100000000000002, 2.645, 3.735, 3.3200000000000003, 1.43, 4.815, 1.045, 4.28, 0.33, 1.665, 3.955, 0], "R": [1, 1, 1, 1, 1, 1, 1, 1, 1, 0, 0, 0, 0, 0, 0, 0, 0, 0, 0, 0, 0, 0, 0, 0, 0, 0, 0, 0, 0, 0, 0, 0, 0, 0, 0, 0, 0, 0, 0, 0, 0, 0, 0, 0, 0, 0, 0, 0, 0, 0, 0, 0]}