{"RTG": [24, 23, 22, 21, 20, 19, 18, 17, 16, 15, 14, 13, 12, 11, 10, 9, 8, 7, 6, 5, 4, 3, 2, 1, 0, 0, 0, 0, 0, 0, 0, 0, 0, 0, 0, 0, 0, 0, 0, 0, 0, 0, 0, 0, 0, 0, 0, 0, 0, 0, 0, 0], "S": [0, 0.016953564100676687, 0.40577549456587986, 0.9496061264010378, 1.2341595925880817, 1.3265893946558156, -0.5681424030680832, 0.2045054376024882, 0.0866432673157289, 1.1929647133334638, 1.1327279928260916, 1.219269979845113, 1.294516094678491, 0.8758965088053228, -2.078054622311628, -1.0282492849914124, 0.8405098459569589, 0.5444024669777516, 0.7697164372501104, 0.623634391545786, -0.23905034826659827, -1.0323222330279518, -0.5197320190323577, -1.0785053980520602, 2.486335711065681, 2.6730387989219673, 2.4602044790854074, 1.555179369689812, -0.44151905624948234, 1.1380356008066348, -0.3605851279422107, 2.084491255479688, 0.7810947647226019, 1.151436074096337, 0.2560876713757903, -0.5519999276125631, 0.8492731788192288, 1.0942090702771463, 0.1134268335735682, 0.5210538878624557, -1.1897812690263538, 0.6517420719044649, 0.3146398464699526, 0.015058671514919365, -0.7253309927571581, -0.6077964200381839, 1.1722023515752833, -0.8641358306892514, 0.7871845460010397, 0.4485587152594895, -0.11355670144341846, 0.5942894159677002], "A": [3.085, 2.89, 2.825, 2.79, 2.7600000000000002, 0.0, 0.855, 1.05, 0.655, 0.595, 0.455, 0.385, 0.305, 1.29, 3.92, 4.78, 4.885, 4.66, 4.515, 4.365, 2.02, 3.475, 2.3850000000000002, 1.665, 1.695, 1.735, 4.155, 3.685, 3.27, 4.075, 4.23, 5.0, 2.2, 1.495, 0.155, 2.565, 3.35, 1.87, 0.755, 3.795, 2.27, 1.1500000000000001, 3.18, 3.585, 0.9500000000000001, 2.6350000000000002, 1.41, 4.585, 2.12, 0.075, 3.0, 0], "R": [1, 1, 1, 1, 1, 1, 1, 1, 1, 1, 1, 1, 1, 1, 1, 1, 1, 1, 1, 1, 1, 1, 1, 1, 0, 0, 0, 0, 0, 0, 0, 0, 0, 0, 0, 0, 0, 0, 0, 0, 0, 0, 0, 0, 0, 0, 0, 0, 0, 0, 0, 0]}