{"RTG": [8, 7, 6, 5, 4, 3, 2, 1, 0, 0, 0, 0, 0, 0, 0, 0, 0, 0, 0, 0, 0, 0, 0, 0, 0, 0, 0, 0, 0, 0, 0, 0, 0, 0, 0, 0, 0, 0, 0, 0, 0, 0, 0, 0, 0, 0, 0, 0, 0, 0, 0, 0], "S": [0, -0.63677749333349, -0.05613805381416219, 0.29901449907859046, -0.8275862870460531, 0.783357385465521, 1.0768972333907842, 2.060748031034219, 2.404467632602444, 2.665056914615652, 1.0444516324076214, 0.4508392748499579, 1.129227959703775, -0.17560713225483768, 0.14424649044003368, -0.06490318263147667, 1.7165118520294746, -0.17456529408862, 1.8594942356609157, -0.6929902457178543, 0.7810947647226019, 0.7665022349198103, 0.7468985423979649, 1.1971315791461121, 0.47240745786319704, 1.2167981233580216, -2.1283174002063725, -0.44151905624948234, 1.3014072903111207, 0.6517420719044649, -0.5681424030680832, 0.7065887481278916, -0.2548394412801817, 1.0141390956092324, -1.4647684387382283, 1.2752776432954898, 0.16883208745421255, -0.7695552481135107, 0.23093654685116718, -1.0785053980520602, 0.6560959005237793, 0.35049370059763607, 0.42396904460622875, 1.3049009603131116, 0.14065031128985822, 0.7690116833676693, 1.1211829717379291, 0.37416928039478276, 0.8127354545276446, -0.11299887448909537, 0.0074048302044516555, 1.1037847808441072], "A": [0.17500000000000002, 1.035, 1.86, 1.935, 1.835, 1.82, 1.7650000000000001, 1.74, 1.705, 2.815, 2.955, 2.665, 2.5100000000000002, 3.19, 3.435, 4.255, 4.355, 4.17, 3.995, 5.0, 4.84, 4.67, 0.635, 0.765, 0.5, 1.295, 3.685, 0.37, 2.27, 0.0, 4.55, 0.9, 2.165, 3.83, 3.31, 1.48, 3.565, 3.065, 2.3850000000000002, 0.29, 1.145, 4.92, 2.74, 4.1, 4.75, 0.5700000000000001, 4.465, 1.57, 0.08, 2.095, 2.59, 0], "R": [1, 1, 1, 1, 1, 1, 1, 1, 0, 0, 0, 0, 0, 0, 0, 0, 0, 0, 0, 0, 0, 0, 0, 0, 0, 0, 0, 0, 0, 0, 0, 0, 0, 0, 0, 0, 0, 0, 0, 0, 0, 0, 0, 0, 0, 0, 0, 0, 0, 0, 0, 0]}