{"RTG": [27, 26, 25, 24, 23, 22, 21, 20, 19, 18, 17, 16, 15, 14, 13, 12, 11, 10, 9, 8, 7, 6, 5, 4, 3, 2, 1, 0, 0, 0, 0, 0, 0, 0, 0, 0, 0, 0, 0, 0, 0, 0, 0, 0, 0, 0, 0, 0, 0, 0, 0, 0], "S": [0, -1.4061401913825524, -0.5681424030680832, 0.1642534074841468, -0.6092041357060602, 0.3680109104289028, 0.4949049722078865, 1.1832205329391008, 1.1914882796809394, -2.2383187886964397, 1.0814212867534516, 1.0245921516336474, -0.4345148689017537, 0.7216939239772742, 0.7665022349198103, 0.569257083247662, 0.7970323007868108, 0.4462543804591722, 1.620324142494948, 2.1300292046727938, 2.186387029405289, 0.3321029361393006, 0.609313522152387, 1.1602292902251623, 0.9147600389067359, 1.0567075262404362, 0.6858565367473983, -0.7506979107943184, 2.6730387989219673, 2.593288167724146, 2.1109965038009197, 0.6560959005237793, -1.1990031471571372, 1.2473233634412009, 0.02348309645291035, -0.5519999276125631, 0.42103107830772674, -0.1445968462172942, -0.5344493610789871, 0.4508392748499579, -0.6963956180988685, 0.23008588075507877, 1.2198638448838093, 1.313771510494162, -0.5197320190323577, -0.4757085314032074, 0.44580020575484075, -1.054315683292044, -0.24919191085202425, -0.26836271666857353, -0.11355670144341846, -1.1897812690263538], "A": [3.88, 0.0, 0.86, 0.96, 0.8200000000000001, 0.76, 0.66, 0.63, 1.32, 2.1750000000000003, 2.235, 2.07, 4.73, 4.84, 4.9750000000000005, 4.59, 4.4750000000000005, 4.26, 4.225, 4.2, 3.055, 2.86, 2.695, 2.57, 3.2600000000000002, 3.3850000000000002, 3.575, 1.695, 1.72, 1.6400000000000001, 0.29, 2.4250000000000003, 0.41500000000000004, 1.875, 0.155, 1.1300000000000001, 3.165, 3.72, 2.955, 4.04, 1.49, 0.495, 2.77, 3.475, 1.205, 4.91, 1.965, 4.39, 2.325, 0.075, 3.795, 0], "R": [1, 1, 1, 1, 1, 1, 1, 1, 1, 1, 1, 1, 1, 1, 1, 1, 1, 1, 1, 1, 1, 1, 1, 1, 1, 1, 1, 0, 0, 0, 0, 0, 0, 0, 0, 0, 0, 0, 0, 0, 0, 0, 0, 0, 0, 0, 0, 0, 0, 0, 0, 0]}