{"RTG": [15, 14, 13, 12, 11, 10, 9, 8, 7, 6, 5, 4, 3, 2, 1, 0, 0, 0, 0, 0, 0, 0, 0, 0, 0, 0, 0, 0, 0, 0, 0, 0, 0, 0, 0, 0, 0, 0, 0, 0, 0, 0, 0, 0, 0, 0, 0, 0, 0, 0, 0, 0], "S": [0, 1.154923932830813, 1.1712103381729184, -0.17560713225483768, -0.5681424030680832, 0.32211413453554105, -0.3935566625341845, 1.072987484673177, 1.1756294449900588, 1.142098306587714, 1.2192840698341836, 1.2881202542280985, 1.0000009442743154, -0.7413584525528033, -0.25787601304066904, 2.3438345106132012, 2.6246497070519292, 2.6462676611234475, 0.23008588075507877, 0.7810947647226019, 0.7665022349198103, 0.7582537177375791, -0.7486598192425545, -0.034142590711439366, 0.3643491653233505, -1.7120879587304418, 0.40577549456587986, 1.2254038456039946, -1.0269167683512421, 0.7817142987958644, 1.9421985709844345, 0.38850455016500957, 2.0286591678260097, -0.7880611165295308, 0.6951830673805045, 0.8848719625808373, -0.5519999276125631, 1.2607647850267172, 0.21347584363378308, 0.438911988125878, 1.3220304032576353, -0.6776977831069698, 0.42396904460622875, -0.526117465012331, 0.7690116833676693, -1.3062435570172963, 0.5800560575903002, -1.503718626120767, 1.1260754615276558, 0.37416928039478276, 0.3941168188128473, -0.36042160659606265], "A": [2.645, 2.605, 2.5100000000000002, 0.0, 0.835, 1.0, 0.685, 0.62, 0.55, 0.45, 0.39, 0.315, 3.515, 4.37, 1.745, 1.715, 1.685, 1.49, 5.0, 4.84, 4.665, 3.955, 3.09, 2.115, 1.2650000000000001, 2.89, 3.285, 1.96, 2.2600000000000002, 4.175, 4.11, 4.235, 3.755, 4.545, 3.37, 0.155, 2.785, 3.1950000000000003, 1.12, 1.6, 2.35, 4.92, 3.64, 4.75, 1.3900000000000001, 2.99, 3.86, 2.185, 4.465, 1.855, 0.91, 0], "R": [1, 1, 1, 1, 1, 1, 1, 1, 1, 1, 1, 1, 1, 1, 1, 0, 0, 0, 0, 0, 0, 0, 0, 0, 0, 0, 0, 0, 0, 0, 0, 0, 0, 0, 0, 0, 0, 0, 0, 0, 0, 0, 0, 0, 0, 0, 0, 0, 0, 0, 0, 0]}