{"RTG": [28, 27, 26, 25, 24, 23, 22, 21, 20, 19, 18, 17, 16, 15, 14, 13, 12, 11, 10, 9, 8, 7, 6, 5, 4, 3, 2, 1, 0, 0, 0, 0, 0, 0, 0, 0, 0, 0, 0, 0, 0, 0, 0, 0, 0, 0, 0, 0, 0, 0, 0, 0], "S": [0, -1.2050087939706549, -0.5681424030680832, 0.1642534074841468, -0.6092041357060602, 0.3680109104289028, 0.4949049722078865, 1.1832205329391008, 1.1914882796809394, -2.2383187886964397, 1.1380356008066348, 1.260659837942881, 0.6858565367473983, 1.8063011458935552, 1.0765033972163964, 2.084491255479688, 2.199560797986056, 0.8250163897131615, 0.8205579041063652, 0.4166613326088767, 0.02348309645291035, 0.7500898340417048, 0.5800560575903002, 1.1602292902251623, -0.984767779832423, 0.18863804225015912, 2.2807160561275923, 1.723220249425911, 2.539316846348272, 2.6640935024130794, 0.6560959005237793, 1.2473233634412009, 0.5928665680352182, 1.1037847808441072, -0.7104987145618867, -0.7260747810041374, 1.0245921516336474, -0.5519999276125631, -0.20383592218805494, 0.42103107830772674, 0.7810947647226019, -1.1212430247209308, 1.2198638448838093, -0.1333343676888655, -0.0017655707758112728, 0.7002211277137405, 1.313771510494162, -0.5574404173745552, -0.6833665323328018, -0.4757085314032074, -1.488154407535072, 0.028266080697662052], "A": [2.42, 0.0, 0.86, 0.96, 0.8200000000000001, 0.76, 0.66, 0.63, 1.32, 3.27, 3.3200000000000003, 3.3850000000000002, 4.25, 4.285, 4.23, 4.21, 4.625, 4.7700000000000005, 4.9350000000000005, 1.875, 2.845, 2.99, 2.695, 3.775, 2.105, 1.6500000000000001, 1.62, 1.67, 1.69, 0.29, 0.41500000000000004, 4.505, 2.59, 3.59, 3.96, 2.235, 0.155, 3.11, 1.1300000000000001, 5.0, 1.995, 0.495, 1.45, 2.31, 4.7, 2.77, 4.0600000000000005, 3.5, 1.205, 3.865, 2.52, 0], "R": [1, 1, 1, 1, 1, 1, 1, 1, 1, 1, 1, 1, 1, 1, 1, 1, 1, 1, 1, 1, 1, 1, 1, 1, 1, 1, 1, 1, 0, 0, 0, 0, 0, 0, 0, 0, 0, 0, 0, 0, 0, 0, 0, 0, 0, 0, 0, 0, 0, 0, 0, 0]}