{"RTG": [4, 3, 2, 1, 0, 0, 0, 0, 0, 0, 0, 0, 0, 0, 0, 0, 0, 0, 0, 0, 0, 0, 0, 0, 0, 0, 0, 0, 0, 0, 0, 0, 0, 0, 0, 0, 0, 0, 0, 0, 0, 0, 0, 0, 0, 0, 0, 0, 0, 0, 0, 0], "S": [0, -0.14312843906774736, -0.5681424030680832, 2.2787485889783183, 2.593288167724146, 2.6730387989219673, 0.4256092218561636, 1.1551915578798113, 1.2766244561205646, 0.45867151981736537, -1.1684325326578182, -0.20383592218805494, -0.8086308259890348, 0.8560300178421365, 0.44388205005933845, 0.8164466281105316, 0.33376010508273046, 1.219837753571638, 1.1269664878719414, 0.940457295044262, -0.7250333914407979, -0.3782782412797233, 1.8063011458935552, 1.7668558624147594, -0.5157422423457501, 0.7881508443671758, 1.2699450427223564, -0.6433226681011133, -0.5613504714487526, -1.808714120923141, 0.0866432673157289, 1.0245921516336474, -0.011464620116161107, 0.7554559803553068, -0.5980416703876035, 0.5800560575903002, 0.7065887481278916, -0.0017655707758112728, 1.294516094678491, -0.5010243947417435, 1.129227959703775, -1.4647684387382283, -0.6016781995881259, 2.018703006539025, 0.7810947647226019, 0.5754088667607283, 0.3959299450209885, 0.7131136754895187, 0.9242571415201947, 0.4327458304589763, -0.11299887448909537, 1.1302751163004074], "A": [0.89, 0.0, 1.75, 1.72, 1.695, 1.53, 2.6, 2.73, 2.88, 2.435, 3.11, 3.9450000000000003, 4.795, 4.95, 4.635, 4.46, 0.46, 0.59, 0.31, 3.5100000000000002, 1.2, 4.25, 4.165, 2.065, 0.72, 3.3000000000000003, 0.18, 3.725, 1.365, 1.05, 2.235, 4.34, 3.38, 1.915, 2.99, 4.55, 2.31, 0.385, 4.065, 2.665, 3.83, 3.62, 1.635, 5.0, 3.22, 0.8, 4.7250000000000005, 2.1550000000000002, 1.125, 0.08, 2.805, 0], "R": [1, 1, 1, 1, 0, 0, 0, 0, 0, 0, 0, 0, 0, 0, 0, 0, 0, 0, 0, 0, 0, 0, 0, 0, 0, 0, 0, 0, 0, 0, 0, 0, 0, 0, 0, 0, 0, 0, 0, 0, 0, 0, 0, 0, 0, 0, 0, 0, 0, 0, 0, 0]}