{"RTG": [18, 17, 16, 15, 14, 13, 12, 11, 10, 9, 8, 7, 6, 5, 4, 3, 2, 1, 0, 0, 0, 0, 0, 0, 0, 0, 0, 0, 0, 0, 0, 0, 0, 0, 0, 0, 0, 0, 0, 0, 0, 0, 0, 0, 0, 0, 0, 0, 0, 0, 0, 0], "S": [0, 0.3496659885000683, 0.7500898340417048, 1.1686108490458247, 1.313771510494162, 0.016953564100676687, -0.5681424030680832, 0.2992456858903939, -0.2543664896025655, 1.1293561077306389, 1.14814577970639, 1.221849818761846, 1.2473233634412009, 1.10297997475711, -0.4371655090445092, 0.587534579924061, -1.1095620561736692, 2.3438345106132012, 2.593288167724146, 2.6640935024130794, 0.04365670661903363, -0.9785792591984844, 0.8313089284247416, 0.41543750807331425, 0.8235016011496119, 0.14978629205510915, -0.6286623709632781, -0.9899543682703261, 2.1880040451103517, 1.4381036978079742, 1.0765033972163964, -1.320838392830492, -0.47432048764582246, 1.2009822841548368, 0.8492731788192288, 1.1260754615276558, 0.9985969048852414, 0.7810947647226019, 0.3643491653233505, 0.9635249207235376, 0.7096778610505728, 0.438911988125878, -1.3287532923747882, 0.14424649044003368, -0.6399272688825074, -0.6592004082044743, 0.718905993062926, -0.1444384360798626, 0.6494093557430308, 0.4949049722078865, -1.808714120923141, 1.1464646165049321], "A": [2.915, 2.845, 2.8000000000000003, 2.77, 3.085, 0.0, 0.84, 1.0150000000000001, 0.675, 0.605, 0.49, 0.41500000000000004, 0.325, 0.22, 1.845, 1.98, 1.745, 1.72, 1.69, 1.465, 3.9250000000000003, 4.775, 4.93, 4.61, 4.44, 3.49, 2.375, 4.215, 4.15, 4.285, 1.245, 3.705, 3.2800000000000002, 2.565, 2.185, 3.36, 5.0, 2.115, 1.58, 4.69, 1.12, 3.81, 3.19, 2.485, 3.605, 2.265, 0.095, 4.525, 0.76, 1.365, 2.65, 0], "R": [1, 1, 1, 1, 1, 1, 1, 1, 1, 1, 1, 1, 1, 1, 1, 1, 1, 1, 0, 0, 0, 0, 0, 0, 0, 0, 0, 0, 0, 0, 0, 0, 0, 0, 0, 0, 0, 0, 0, 0, 0, 0, 0, 0, 0, 0, 0, 0, 0, 0, 0, 0]}