{"RTG": [25, 24, 23, 22, 21, 20, 19, 18, 17, 16, 15, 14, 13, 12, 11, 10, 9, 8, 7, 6, 5, 4, 3, 2, 1, 0, 0, 0, 0, 0, 0, 0, 0, 0, 0, 0, 0, 0, 0, 0, 0, 0, 0, 0, 0, 0, 0, 0, 0, 0, 0, 0], "S": [0, 0.9730814183255039, 0.2326502036687028, 1.1551915578798113, -0.5681424030680832, 0.2045054376024882, 0.040343652882350874, 1.1694360114222457, 1.184145623379665, 1.176806974670785, 1.219837753571638, 1.294516094678491, 1.0542425639738024, -2.201677621553729, -0.3764877984809053, 1.0765033972163964, -0.17456529408862, 2.0286591678260097, 2.1880040451103517, 0.8058072136235602, 0.7558657355637947, 0.43333794832263955, -0.5315242372945383, 0.28265279438418606, -1.2849974428615545, 1.9226645203488157, 2.6462676611234475, 2.648718288939445, 1.1260754615276558, 0.45867151981736537, 0.8429601913364685, 0.4268874504834266, -0.35007698439985496, -0.715299091384201, -0.6016781995881259, -0.5519999276125631, 0.7810947647226019, 1.3223751932371433, 1.2005038616307513, 0.09060725392395028, 0.5928665680352182, 0.3146398464699526, -0.26899053000129997, 1.640461454575373, 0.4534819021847498, 0.8316743936656834, -1.1310010417772167, 0.5143621100491487, -0.611716481250362, -1.0370239909719803, -0.47432048764582246, 0.6520050202483836], "A": [2.575, 2.5300000000000002, 2.6, 0.0, 0.855, 1.045, 0.665, 0.625, 0.53, 0.46, 0.385, 0.32, 1.305, 3.46, 4.285, 4.355, 4.235, 4.215, 4.595, 4.745, 4.915, 1.9100000000000001, 3.06, 3.805, 1.6300000000000001, 1.685, 1.71, 2.185, 2.88, 3.24, 2.285, 2.075, 4.01, 3.62, 0.155, 5.0, 2.765, 3.335, 1.47, 4.505, 1.1500000000000001, 3.145, 1.79, 0.77, 4.82, 3.91, 2.97, 0.9550000000000001, 2.38, 3.705, 4.12, 0], "R": [1, 1, 1, 1, 1, 1, 1, 1, 1, 1, 1, 1, 1, 1, 1, 1, 1, 1, 1, 1, 1, 1, 1, 1, 1, 0, 0, 0, 0, 0, 0, 0, 0, 0, 0, 0, 0, 0, 0, 0, 0, 0, 0, 0, 0, 0, 0, 0, 0, 0, 0, 0]}