{"RTG": [10, 9, 8, 7, 6, 5, 4, 3, 2, 1, 0, 0, 0, 0, 0, 0, 0, 0, 0, 0, 0, 0, 0, 0, 0, 0, 0, 0, 0, 0, 0, 0, 0, 0, 0, 0, 0, 0, 0, 0, 0, 0, 0, 0, 0, 0, 0, 0, 0, 0, 0, 0], "S": [0, -0.26899053000129997, -0.5681424030680832, 0.2045054376024882, -0.5973820916024358, 0.377304667011703, 1.3644503580708482, 0.587534579924061, 1.7290264375923594, 1.9816540052700344, 2.593288167724146, 2.6730387989219673, 0.5804748080628606, -1.0754068804073755, 0.6800540626825456, -0.6841722909757619, 0.8188852879171115, 0.6056070821428975, 0.780918615055049, 0.5061761088750564, 0.9620205374516724, -0.7840024552976274, 1.2473233634412009, 1.158880316031669, 0.2360780316584261, 0.9978997859167429, 0.4109152650008146, 1.1392762323358923, -2.078054622311628, 1.8594942356609157, 1.2005038616307513, -0.8835498934886132, 1.1988872073150763, 0.2318331862051065, 0.26206678582391096, 0.09060725392395028, -0.4064917918700017, 1.1037847808441072, 0.438911988125878, 0.9578542139492628, 0.7433692441740283, 2.1646963807230764, -0.7985100098253909, -1.4664759182334537, -0.4672195710409025, 0.7417519397012445, 0.49481502529770993, 1.2628973292464318, 1.1413307041700922, 0.44580020575484075, -0.19572881840451012, 1.3266242924078386], "A": [3.145, 0.0, 0.855, 0.9450000000000001, 0.8150000000000001, 1.805, 1.845, 1.7850000000000001, 1.77, 1.72, 1.695, 2.275, 2.45, 2.1350000000000002, 3.98, 4.825, 4.98, 4.655, 4.485, 4.29, 3.5500000000000003, 0.41500000000000004, 0.54, 0.265, 2.82, 2.945, 2.685, 1.29, 4.17, 3.335, 3.765, 0.65, 3.415, 4.105, 1.47, 0.135, 2.59, 1.12, 3.25, 4.74, 4.22, 2.045, 3.87, 3.66, 4.565, 3.035, 0.35000000000000003, 2.21, 4.91, 1.19, 2.755, 0], "R": [1, 1, 1, 1, 1, 1, 1, 1, 1, 1, 0, 0, 0, 0, 0, 0, 0, 0, 0, 0, 0, 0, 0, 0, 0, 0, 0, 0, 0, 0, 0, 0, 0, 0, 0, 0, 0, 0, 0, 0, 0, 0, 0, 0, 0, 0, 0, 0, 0, 0, 0, 0]}