{"RTG": [28, 27, 26, 25, 24, 23, 22, 21, 20, 19, 18, 17, 16, 15, 14, 13, 12, 11, 10, 9, 8, 7, 6, 5, 4, 3, 2, 1, 0, 0, 0, 0, 0, 0, 0, 0, 0, 0, 0, 0, 0, 0, 0, 0, 0, 0, 0, 0, 0, 0, 0, 0], "S": [0, -1.2809619500582092, -0.5681424030680832, 0.1642534074841468, -0.6092041357060602, 0.3680109104289028, 0.4949049722078865, 1.1832205329391008, 1.1914882796809394, -2.2383187886964397, 1.0814212867534516, 1.0245921516336474, -0.4345148689017537, 0.7558657355637947, 0.7220419228172474, 0.8192364636416227, 0.5544970678689413, 0.687962179896896, 0.5176853876426791, 2.014262628658444, 1.4381036978079742, 2.186387029405289, 0.23093654685116718, 0.7014264433005017, 1.1602292902251623, 0.9147600389067359, 1.2450646428424186, 0.4633443805678566, 0.21347584363378308, 2.6730387989219673, 2.593288167724146, 2.1109965038009197, 0.6560959005237793, -0.526117465012331, -1.1990031471571372, 1.2473233634412009, 0.02348309645291035, -0.5519999276125631, 0.42103107830772674, 0.4508392748499579, 0.23008588075507877, -0.8348946779313645, -0.7548756490013011, 1.2198638448838093, 1.3223751932371433, -0.4757085314032074, 0.4179323833926717, -0.6929902457178543, -1.054315683292044, -0.044221530445518326, -0.26836271666857353, -0.11355670144341846], "A": [3.895, 0.0, 0.86, 0.96, 0.8200000000000001, 0.76, 0.66, 0.63, 1.32, 2.1750000000000003, 2.235, 2.07, 4.745, 4.8500000000000005, 4.605, 4.495, 4.99, 4.3100000000000005, 4.18, 4.15, 4.2, 3.065, 2.85, 2.695, 2.57, 3.29, 3.4, 3.1950000000000003, 1.695, 1.72, 1.6400000000000001, 0.29, 3.64, 2.4250000000000003, 0.41500000000000004, 1.875, 0.155, 1.1300000000000001, 2.955, 1.49, 3.7600000000000002, 3.52, 0.495, 2.765, 1.205, 4.925, 3.995, 1.965, 4.42, 2.325, 0.075, 0], "R": [1, 1, 1, 1, 1, 1, 1, 1, 1, 1, 1, 1, 1, 1, 1, 1, 1, 1, 1, 1, 1, 1, 1, 1, 1, 1, 1, 1, 0, 0, 0, 0, 0, 0, 0, 0, 0, 0, 0, 0, 0, 0, 0, 0, 0, 0, 0, 0, 0, 0, 0, 0]}