{"RTG": [15, 14, 13, 12, 11, 10, 9, 8, 7, 6, 5, 4, 3, 2, 1, 0, 0, 0, 0, 0, 0, 0, 0, 0, 0, 0, 0, 0, 0, 0, 0, 0, 0, 0, 0, 0, 0, 0, 0, 0, 0, 0, 0, 0, 0, 0, 0, 0, 0, 0, 0, 0], "S": [0, 0.5942894159677002, 0.4109152650008146, 0.28265279438418606, -0.5681424030680832, 0.1642534074841468, -0.10563491063426701, 0.9625550854276712, 1.1929647133334638, 1.1571444090289609, 1.3014072903111207, 1.1460939208731853, 1.240122479297734, 0.3941168188128473, -1.0615730161681003, 2.5551020877188306, 2.6732740673741575, 2.198622511720558, -1.0282492849914124, 0.8205579041063652, 0.4179323833926717, 0.8192364636416227, 0.10058988888118321, -0.7940973879101138, -0.657719301396538, -2.201677621553729, 2.199560797986056, 1.314995406442874, 1.3027192822091056, 1.1740795034056069, 0.8934834654088644, -0.47432048764582246, 1.2599255689740672, -0.5519999276125631, 1.1867253408604772, 0.5033711967483209, 0.9720001096732416, 0.20124723393830407, 0.7810947647226019, 0.35049370059763607, 0.7554559803553068, 0.7170916018157362, 1.1686108490458247, -1.3287532923747882, -0.6776977831069698, -0.6592004082044743, 0.6369849008242138, -0.7213855572269114, -0.5805195318260895, -0.9737435211646027, -0.11355670144341846, 0.7450548739706984], "A": [3.0, 2.945, 3.06, 0.0, 0.86, 1.03, 0.7000000000000001, 0.655, 0.61, 0.37, 0.33, 0.42, 1.855, 2.015, 1.725, 1.7, 1.645, 3.92, 4.7700000000000005, 4.925, 4.605, 4.4350000000000005, 2.475, 3.495, 1.305, 4.21, 4.1450000000000005, 4.275, 2.7, 2.25, 3.705, 3.295, 0.155, 2.615, 3.215, 2.16, 1.485, 5.0, 1.145, 3.38, 4.6850000000000005, 2.8000000000000003, 3.81, 2.35, 3.605, 4.5200000000000005, 4.03, 0.9400000000000001, 1.405, 0.075, 4.845, 0], "R": [1, 1, 1, 1, 1, 1, 1, 1, 1, 1, 1, 1, 1, 1, 1, 0, 0, 0, 0, 0, 0, 0, 0, 0, 0, 0, 0, 0, 0, 0, 0, 0, 0, 0, 0, 0, 0, 0, 0, 0, 0, 0, 0, 0, 0, 0, 0, 0, 0, 0, 0, 0]}