{"RTG": [15, 14, 13, 12, 11, 10, 9, 8, 7, 6, 5, 4, 3, 2, 1, 0, 0, 0, 0, 0, 0, 0, 0, 0, 0, 0, 0, 0, 0, 0, 0, 0, 0, 0, 0, 0, 0, 0, 0, 0, 0, 0, 0, 0, 0, 0, 0, 0, 0, 0, 0, 0], "S": [0, 1.1701627407828141, 1.2699450427223564, 0.7801908353249076, -0.5681424030680832, 0.2045054376024882, 0.0866432673157289, 1.1929647133334638, 1.1398863076022887, 1.2207514698396822, 1.2636906207954577, 1.10297997475711, 0.7439499693117351, -0.48797384671598903, 0.37144358779605585, 2.6194882783227276, 2.665056914615652, 1.7290264375923594, 2.186387029405289, 1.4124672145230344, 0.6520050202483836, -0.37205149742952043, 0.7810947647226019, 0.7665022349198103, 0.7582537177375791, 0.8124124524666402, -1.1026558432093951, 0.6517420719044649, 0.7014264433005017, 1.189694727779941, -0.5109588790481822, -1.8790008443431394, 0.6369849008242138, 0.591106254339909, -0.7834705376033333, -1.3684260504266743, 1.187614098414235, -0.08895775174841293, 0.7824357235715943, -0.6092041357060602, -0.9374506081177982, -0.1275144827788334, 0.3146398464699526, -0.7568219640141731, 0.41543750807331425, -0.2319763522557701, -0.1444384360798626, 0.35682762061356665, -0.6929902457178543, -0.5628831503192052, 1.6217806950522773, 1.1490434588248564], "A": [3.34, 3.3000000000000003, 3.235, 0.0, 0.855, 1.05, 0.655, 0.6, 0.465, 0.405, 0.325, 0.725, 0.215, 1.52, 1.68, 1.705, 1.7850000000000001, 4.2, 4.2700000000000005, 4.12, 2.5, 5.0, 4.84, 4.665, 2.145, 2.005, 2.27, 2.85, 2.705, 3.715, 1.2750000000000001, 4.5200000000000005, 3.0100000000000002, 3.54, 3.8850000000000002, 2.62, 4.415, 4.755, 0.96, 2.37, 3.1, 1.1500000000000001, 1.415, 4.93, 1.8900000000000001, 0.095, 2.9250000000000003, 3.995, 3.63, 1.615, 2.205, 0], "R": [1, 1, 1, 1, 1, 1, 1, 1, 1, 1, 1, 1, 1, 1, 1, 0, 0, 0, 0, 0, 0, 0, 0, 0, 0, 0, 0, 0, 0, 0, 0, 0, 0, 0, 0, 0, 0, 0, 0, 0, 0, 0, 0, 0, 0, 0, 0, 0, 0, 0, 0, 0]}