{"RTG": [4, 3, 2, 1, 0, 0, 0, 0, 0, 0, 0, 0, 0, 0, 0, 0, 0, 0, 0, 0, 0, 0, 0, 0, 0, 0, 0, 0, 0, 0, 0, 0, 0, 0, 0, 0, 0, 0, 0, 0, 0, 0, 0, 0, 0, 0, 0, 0, 0, 0, 0, 0], "S": [0, 2.060748031034219, 1.550053509588688, 2.3438345106132012, 2.5551020877188306, 2.6732740673741575, -0.5681424030680832, 1.1602292902251623, 0.9496061264010378, 0.43020799552765826, 0.5950547331054502, 0.14424649044003368, 0.26116185121244917, -0.4758467683438055, 0.41465958780389967, 0.6090386641418352, 0.7096778610505728, 0.6466991670257178, 0.38850455016500957, -1.182399402186969, 0.3680109104289028, 1.1756294449900588, 1.2228604805951775, 1.183550878322407, -0.5689652042600516, 0.040343652882350874, -2.078054622311628, 0.7810947647226019, 0.529575855818755, -0.44919934217062807, 1.2457424006890583, -1.2050087939706549, 0.8327877808682069, 0.09060725392395028, 2.199560797986056, 0.8132786627774347, -0.5805195318260895, 0.3496659885000683, -1.0323222330279518, 1.2636906207954577, -1.0364517181494661, 0.3146398464699526, 1.1413307041700922, 1.187614098414235, 0.8478622810701648, -0.08257389710244357, -0.7609918060846543, -0.1444384360798626, 1.8888071569415663, 0.6284470719106436, 1.1380356008066348, -0.7001124557070517], "A": [1.7650000000000001, 1.795, 1.745, 1.725, 1.7, 0.0, 2.695, 2.825, 2.54, 3.005, 3.19, 2.295, 3.47, 4.315, 4.51, 4.69, 4.865, 4.11, 3.9050000000000002, 0.8200000000000001, 0.62, 0.485, 0.335, 0.20500000000000002, 1.045, 1.29, 5.0, 2.125, 3.67, 3.325, 2.42, 0.715, 1.47, 4.21, 4.6000000000000005, 0.9400000000000001, 2.915, 2.02, 0.405, 3.7800000000000002, 1.1500000000000001, 2.21, 2.62, 4.785, 3.095, 3.5700000000000003, 0.095, 4.245, 1.555, 3.27, 4.0, 0], "R": [1, 1, 1, 1, 0, 0, 0, 0, 0, 0, 0, 0, 0, 0, 0, 0, 0, 0, 0, 0, 0, 0, 0, 0, 0, 0, 0, 0, 0, 0, 0, 0, 0, 0, 0, 0, 0, 0, 0, 0, 0, 0, 0, 0, 0, 0, 0, 0, 0, 0, 0, 0]}