{"RTG": [18, 17, 16, 15, 14, 13, 12, 11, 10, 9, 8, 7, 6, 5, 4, 3, 2, 1, 0, 0, 0, 0, 0, 0, 0, 0, 0, 0, 0, 0, 0, 0, 0, 0, 0, 0, 0, 0, 0, 0, 0, 0, 0, 0, 0, 0, 0, 0, 0, 0, 0, 0], "S": [0, -0.08895775174841293, -0.5681424030680832, 0.021317089904629626, 0.1738487017905306, 0.27244383499665203, -1.4239948062371293, 0.4327458304589763, 1.1832205329391008, 1.1756294449900588, 1.2008932538035024, 1.219269979845113, 1.2978622792095647, 0.8758965088053228, 0.6203485783512641, 0.529575855818755, 0.718905993062926, -1.1442504439522712, 0.3941168188128473, 2.6730387989219673, 2.539316846348272, 2.510577190859736, 1.0093963694162764, 0.5392684839855656, -0.1275144827788334, -0.526117465012331, 0.7810947647226019, 0.7665022349198103, 0.7582537177375791, -0.6434383622202263, 1.313771510494162, 0.4301388341903039, 1.1464646165049321, -1.512229542652904, 1.9631888737933478, 2.014262628658444, 0.20124723393830407, 0.7181670574127406, -1.1026558432093951, -0.7250333914407979, -0.4064917918700017, 0.6137687486908822, 0.42396904460622875, 0.5891517867554916, 0.7690116833676693, 1.260659837942881, 1.1484487020849217, -0.661659592454025, -1.1958523683721816, 0.41465958780389967, -0.7762351625212653, 1.2243412031117622], "A": [4.415, 0.0, 0.875, 1.06, 1.155, 1.25, 1.125, 0.66, 0.62, 0.515, 0.455, 0.365, 0.305, 0.74, 2.125, 2.265, 2.395, 1.855, 1.695, 1.67, 1.73, 3.255, 3.395, 3.1, 3.64, 5.0, 4.84, 4.665, 4.05, 2.77, 2.8850000000000002, 2.65, 3.845, 4.24, 4.18, 1.485, 4.555, 2.005, 3.5100000000000002, 0.135, 2.5500000000000003, 4.92, 2.995, 4.75, 3.3200000000000003, 2.195, 3.74, 1.395, 4.315, 3.95, 2.715, 0], "R": [1, 1, 1, 1, 1, 1, 1, 1, 1, 1, 1, 1, 1, 1, 1, 1, 1, 1, 0, 0, 0, 0, 0, 0, 0, 0, 0, 0, 0, 0, 0, 0, 0, 0, 0, 0, 0, 0, 0, 0, 0, 0, 0, 0, 0, 0, 0, 0, 0, 0, 0, 0]}