{"RTG": [16, 15, 14, 13, 12, 11, 10, 9, 8, 7, 6, 5, 4, 3, 2, 1, 0, 0, 0, 0, 0, 0, 0, 0, 0, 0, 0, 0, 0, 0, 0, 0, 0, 0, 0, 0, 0, 0, 0, 0, 0, 0, 0, 0, 0, 0, 0, 0, 0, 0, 0, 0], "S": [0, 1.260659837942881, 1.2009822841548368, 0.5392684839855656, -0.5681424030680832, 0.2045054376024882, 0.0866432673157289, 1.1929647133334638, 1.14814577970639, 1.2226063038826296, 1.2473233634412009, 1.10297997475711, 0.7439499693117351, -0.3799924249980656, 0.3941168188128473, -1.0849883657686858, 2.510577190859736, 2.665056914615652, 2.4252267062251835, 1.7165118520294746, -0.17456529408862, 1.8594942356609157, -0.6929902457178543, 0.7810947647226019, 0.7665022349198103, 0.7468985423979649, 1.154923932830813, -0.074182758754499, 1.3006506431464921, 0.3659378656084991, -2.2239717903468845, -0.4611514236144929, 0.5804748080628606, 0.016953564100676687, 0.7065887481278916, 1.050618440940789, -1.5023795661589565, -0.7695552481135107, 0.2560876713757903, -1.1142781305849165, 0.27244383499665203, 0.42396904460622875, 0.7500898340417048, 0.14065031128985822, 0.7690116833676693, -0.6077964200381839, -0.1444384360798626, 0.37416928039478276, -0.043400782201073435, -0.7568219640141731, 0.0983818009091677, 1.189694727779941], "A": [3.3200000000000003, 3.2800000000000002, 3.395, 0.0, 0.855, 1.05, 0.655, 0.605, 0.47500000000000003, 0.41500000000000004, 0.325, 0.725, 0.225, 1.855, 2.0100000000000002, 1.73, 1.705, 1.6600000000000001, 4.255, 4.355, 4.17, 3.995, 5.0, 4.84, 4.67, 2.645, 2.515, 2.775, 2.93, 1.31, 3.7, 2.275, 3.085, 4.55, 2.17, 3.84, 3.565, 1.495, 2.39, 1.155, 4.92, 2.845, 4.1, 4.75, 0.9500000000000001, 0.095, 4.465, 3.1750000000000003, 1.415, 2.1, 2.705, 0], "R": [1, 1, 1, 1, 1, 1, 1, 1, 1, 1, 1, 1, 1, 1, 1, 1, 0, 0, 0, 0, 0, 0, 0, 0, 0, 0, 0, 0, 0, 0, 0, 0, 0, 0, 0, 0, 0, 0, 0, 0, 0, 0, 0, 0, 0, 0, 0, 0, 0, 0, 0, 0]}