{"RTG": [26, 25, 24, 23, 22, 21, 20, 19, 18, 17, 16, 15, 14, 13, 12, 11, 10, 9, 8, 7, 6, 5, 4, 3, 2, 1, 0, 0, 0, 0, 0, 0, 0, 0, 0, 0, 0, 0, 0, 0, 0, 0, 0, 0, 0, 0, 0, 0, 0, 0, 0, 0], "S": [0, 1.7668558624147594, 0.9215906391411742, 2.014262628658444, 2.1614265129414165, 0.9438680768787604, 0.7801908353249076, -0.7548756490013011, 0.49481502529770993, 0.6543334699031734, 1.1485285121397457, 0.8492731788192288, -1.0785053980520602, -0.5681424030680832, 0.27208023610146237, 0.0866432673157289, 1.1971315791461121, 1.1935643644957392, 1.3016856375865116, 0.1500898090710972, -2.2362571854591744, 0.7810947647226019, 0.6977617291854273, 0.7360187314858049, 0.6612033019948327, 0.3941168188128473, -0.8566861004606161, 2.6462676611234475, 2.356485375892664, 2.6246497070519292, -1.2849974428615545, 1.1413307041700922, 0.7008456084275234, -0.130551393865645, 0.20124723393830407, -0.28687307137208434, -0.36679091592001095, -0.4672195710409025, 0.27244383499665203, 0.39342310011908804, 0.8085877969105064, -0.8865485997154794, 0.8124124524666402, 1.3223751932371433, -0.5973820916024358, 1.2200896781036197, -0.6399272688825074, 1.275078842405209, 0.421746209599056, 0.4268874504834266, 0.8058072136235602, -0.8641358306892514], "A": [4.165, 4.13, 4.18, 4.195, 3.365, 3.235, 3.52, 3.035, 2.855, 2.69, 2.565, 2.3850000000000002, 0.0, 0.845, 1.05, 0.635, 0.52, 0.375, 0.26, 1.315, 5.0, 4.855, 4.675, 4.53, 1.855, 2.04, 1.685, 1.655, 1.715, 3.805, 2.21, 0.73, 4.41, 1.485, 3.1350000000000002, 0.13, 3.66, 1.155, 2.94, 4.765, 3.935, 2.145, 2.765, 0.9450000000000001, 0.445, 2.485, 3.305, 4.94, 2.285, 4.595, 1.41, 0], "R": [1, 1, 1, 1, 1, 1, 1, 1, 1, 1, 1, 1, 1, 1, 1, 1, 1, 1, 1, 1, 1, 1, 1, 1, 1, 1, 0, 0, 0, 0, 0, 0, 0, 0, 0, 0, 0, 0, 0, 0, 0, 0, 0, 0, 0, 0, 0, 0, 0, 0, 0, 0]}