{"RTG": [51, 50, 49, 48, 47, 46, 45, 44, 43, 42, 41, 40, 39, 38, 37, 36, 35, 34, 33, 32, 31, 30, 29, 28, 27, 26, 25, 24, 23, 22, 21, 20, 19, 18, 17, 16, 15, 14, 13, 12, 11, 10, 9, 8, 7, 6, 5, 4, 3, 2, 1, 0], "S": [0, 0.849990625769365, 1.2341595925880817, 1.3266242924078386, 1.1037847808441072, -0.2751600190638433, 1.1464646165049321, -0.22095008144629988, -0.5681424030680832, 0.2045054376024882, 0.0866432673157289, 1.1929647133334638, 1.1327279928260916, 1.219269979845113, 1.294516094678491, 0.8758965088053228, -2.078054622311628, -0.6929902457178543, 0.7220419228172474, 0.5073931917166381, 0.7016149151198066, 0.7535780975912624, 0.14978629205510915, -0.2319763522557701, -0.7762990261304845, 1.9226645203488157, 1.3220304032576353, 2.2807160561275923, 2.486335711065681, 2.6194882783227276, 1.0814212867534516, 2.084491255479688, 1.8594942356609157, 1.1347072427156868, -0.35007698439985496, 0.5804748080628606, -0.984767779832423, -0.5519999276125631, 0.5176853876426791, 0.5821843027492473, 0.00646266035523254, 0.5210538878624557, 1.099627421136071, -0.5526260678947568, 0.3146398464699526, -1.3684260504266743, -0.4570567081919362, -0.6077964200381839, -0.9374506081177982, 0.8011459087892528, 0.7810947647226019, -0.08326043425258514], "A": [2.835, 2.79, 2.755, 2.59, 2.505, 2.65, 3.1550000000000002, 0.0, 0.855, 1.05, 0.655, 0.595, 0.455, 0.385, 0.305, 1.29, 3.995, 4.8500000000000005, 4.965, 4.715, 4.57, 4.44, 1.8900000000000001, 3.56, 1.6300000000000001, 1.6, 1.6500000000000001, 1.665, 1.68, 2.1750000000000003, 4.23, 4.17, 3.345, 2.075, 2.275, 3.775, 0.155, 4.3100000000000005, 3.015, 3.43, 0.755, 3.265, 1.425, 1.1500000000000001, 3.8850000000000002, 3.665, 0.9500000000000001, 2.37, 4.6450000000000005, 5.0, 4.09, 0], "R": [1, 1, 1, 1, 1, 1, 1, 1, 1, 1, 1, 1, 1, 1, 1, 1, 1, 1, 1, 1, 1, 1, 1, 1, 1, 1, 1, 1, 1, 1, 1, 1, 1, 1, 1, 1, 1, 1, 1, 1, 1, 1, 1, 1, 1, 1, 1, 1, 1, 1, 1, 0]}