{"RTG": [8, 7, 6, 5, 4, 3, 2, 1, 0, 0, 0, 0, 0, 0, 0, 0, 0, 0, 0, 0, 0, 0, 0, 0, 0, 0, 0, 0, 0, 0, 0, 0, 0, 0, 0, 0, 0, 0, 0, 0, 0, 0, 0, 0, 0, 0, 0, 0, 0, 0, 0, 0], "S": [0, -0.15546005114250563, -0.5681424030680832, 0.2053593529541412, -0.9952350182638754, 0.783357385465521, 1.0768972333907842, 1.9816540052700344, 2.3438345106132012, 2.665056914615652, 0.9001162474095208, 0.5519536381881391, 1.127721295153221, 0.1308494504699903, 0.015058671514919365, -0.6929902457178543, 0.7665022349198103, 0.7810947647226019, 0.7582537177375791, 0.5544970678689413, 0.624834862100612, 1.185463162109889, 1.1929647133334638, 1.2978622792095647, -0.17547507025194733, 0.4014163575618112, -0.7840024552976274, -2.1696699967840307, 0.34532270229374284, -0.984767779832423, 1.0942090702771463, 1.9421985709844345, 0.5188737380858635, 1.0814212867534516, 0.23008588075507877, 1.2218576619033426, -0.36042160659606265, 0.00646266035523254, 0.35049370059763607, 1.3153844260682281, 2.1300292046727938, -1.1987220633160474, 0.7690116833676693, 0.12372982621026657, -0.22043538557598594, -0.4570567081919362, 0.7652276639764811, -1.3684260504266743, 0.41543750807331425, 1.1718425673152988, 1.04671108121588, 0.7881508443671758], "A": [1.025, 0.0, 1.865, 1.955, 1.835, 1.82, 1.77, 1.745, 1.705, 2.83, 2.98, 2.67, 2.525, 3.18, 3.995, 4.84, 5.0, 4.665, 4.495, 4.305, 0.525, 0.655, 0.365, 0.24, 0.795, 3.5500000000000003, 1.3, 2.29, 3.775, 3.35, 4.175, 4.115, 2.1750000000000003, 1.49, 0.44, 0.91, 3.43, 1.145, 2.745, 4.225, 2.41, 4.75, 3.075, 0.11, 3.665, 4.575, 3.8850000000000002, 4.93, 3.275, 1.585, 0.72, 0], "R": [1, 1, 1, 1, 1, 1, 1, 1, 0, 0, 0, 0, 0, 0, 0, 0, 0, 0, 0, 0, 0, 0, 0, 0, 0, 0, 0, 0, 0, 0, 0, 0, 0, 0, 0, 0, 0, 0, 0, 0, 0, 0, 0, 0, 0, 0, 0, 0, 0, 0, 0, 0]}