{"RTG": [0, 0, 0, 0, 0, 0, 0, 0, 0, 0, 0, 0, 0, 0, 0, 0, 0, 0, 0, 0, 0, 0, 0, 0, 0, 0, 0, 0, 0, 0, 0, 0, 0, 0, 0, 0, 0, 0, 0, 0, 0, 0, 0, 0, 0, 0, 0, 0, 0, 0, 0, 0], "S": [0, 2.6732740673741575, 2.5551020877188306, 2.356485375892664, -0.5681424030680832, 1.1037847808441072, 1.2599296432649467, 0.49115730678697345, -1.1990031471571372, -0.1275144827788334, -0.9311057892287455, 0.8405098459569589, 0.4166613326088767, 0.8259366669938637, 0.19826562714405405, 0.377304667011703, -0.2543664896025655, 1.1756294449900588, 1.2228604805951775, 1.183550878322407, -0.5689652042600516, -0.6286623709632781, -0.5157422423457501, -2.2362571854591744, 2.1300292046727938, 1.66510693211448, 0.624834862100612, -0.47432048764582246, 1.2254038456039946, -0.3881858065598431, 1.05823352995558, 0.8771817164369324, 0.9438680768787604, 0.280033209144718, 0.38008632231324074, 0.5519536381881391, 0.7810947647226019, 1.2636906207954577, 0.7002211277137405, 1.1390065784520442, -1.3691595699046264, 1.0141390956092324, -0.6737740081427814, -0.6592004082044743, -0.4088659150438583, 0.6612033019948327, 0.3573440360234566, -0.1444384360798626, -0.18008420118012206, -0.6527118419102764, 1.2696251559757619, 1.1686108490458247], "A": [1.7, 1.725, 1.655, 0.0, 2.59, 2.725, 2.875, 2.4250000000000003, 3.1, 3.93, 4.78, 4.9350000000000005, 4.615, 4.445, 0.8150000000000001, 1.0150000000000001, 0.62, 0.485, 0.335, 0.20500000000000002, 3.49, 2.065, 1.315, 4.225, 4.16, 4.305, 3.705, 3.285, 1.9000000000000001, 2.23, 0.71, 3.365, 1.5, 1.1400000000000001, 2.98, 5.0, 0.405, 4.7, 2.6550000000000002, 3.815, 2.165, 4.045, 3.605, 0.915, 4.53, 3.205, 0.095, 2.32, 1.42, 1.81, 2.8000000000000003, 0], "R": [0, 0, 0, 0, 0, 0, 0, 0, 0, 0, 0, 0, 0, 0, 0, 0, 0, 0, 0, 0, 0, 0, 0, 0, 0, 0, 0, 0, 0, 0, 0, 0, 0, 0, 0, 0, 0, 0, 0, 0, 0, 0, 0, 0, 0, 0, 0, 0, 0, 0, 0, 0]}