{"RTG": [23, 22, 21, 20, 19, 18, 17, 16, 15, 14, 13, 12, 11, 10, 9, 8, 7, 6, 5, 4, 3, 2, 1, 0, 0, 0, 0, 0, 0, 0, 0, 0, 0, 0, 0, 0, 0, 0, 0, 0, 0, 0, 0, 0, 0, 0, 0, 0, 0, 0, 0, 0], "S": [0, -0.7840024552976274, -0.5681424030680832, 0.1642534074841468, -0.6092041357060602, 0.3680109104289028, 0.4949049722078865, 1.1832205329391008, 1.1914882796809394, -2.2383187886964397, 1.0814212867534516, 1.0245921516336474, -0.4345148689017537, -0.22824474011416213, 0.3857365692963434, 1.3049009603131116, 1.1740795034056069, 1.2607647850267172, 0.028266080697662052, 0.7810947647226019, 0.5209078855902575, 0.7170916018157362, 0.7765038309941795, -0.68423059871148, 2.6730387989219673, 2.593288167724146, 2.1109965038009197, 0.5033711967483209, 0.6560959005237793, -0.9336474874188099, 2.1614265129414165, 1.1870405829024617, 1.7165118520294746, 1.0487836559167683, 1.2473233634412009, 0.17769761202432371, 0.1134268335735682, -0.5519999276125631, 0.42103107830772674, -1.0370239909719803, 0.23008588075507877, 0.8478622810701648, -0.06490318263147667, 1.2198638448838093, -1.4389975327009001, -0.4672195710409025, 0.5544970678689413, -0.4757085314032074, -1.054315683292044, 0.5800560575903002, 1.2254038456039946, 1.132872154906867], "A": [3.5500000000000003, 0.0, 0.86, 0.96, 0.8200000000000001, 0.76, 0.66, 0.63, 1.32, 2.1750000000000003, 2.235, 2.07, 4.3950000000000005, 2.895, 2.74, 2.7, 2.785, 2.52, 5.0, 4.89, 4.6850000000000005, 4.58, 3.985, 1.695, 1.72, 1.6400000000000001, 3.215, 0.29, 3.77, 4.195, 4.14, 4.255, 3.355, 0.41500000000000004, 3.0700000000000003, 1.87, 0.155, 1.1300000000000001, 2.38, 1.49, 4.785, 3.435, 0.495, 3.875, 3.66, 4.495, 1.205, 1.965, 2.99, 3.285, 2.595, 0], "R": [1, 1, 1, 1, 1, 1, 1, 1, 1, 1, 1, 1, 1, 1, 1, 1, 1, 1, 1, 1, 1, 1, 1, 0, 0, 0, 0, 0, 0, 0, 0, 0, 0, 0, 0, 0, 0, 0, 0, 0, 0, 0, 0, 0, 0, 0, 0, 0, 0, 0, 0, 0]}