{"RTG": [5, 4, 3, 2, 1, 0, 0, 0, 0, 0, 0, 0, 0, 0, 0, 0, 0, 0, 0, 0, 0, 0, 0, 0, 0, 0, 0, 0, 0, 0, 0, 0, 0, 0, 0, 0, 0, 0, 0, 0, 0, 0, 0, 0, 0, 0, 0, 0, 0, 0, 0, 0], "S": [0, -0.2548394412801817, -0.5681424030680832, 2.3438345106132012, 1.899839506890742, 2.5551020877188306, 2.6732740673741575, -0.1333343676888655, -0.26302149708902195, 0.3496659885000683, -0.2575596417689937, 1.2243412031117622, 1.0675806827655183, -1.204898730905284, -0.7486598192425545, 0.8542846964258753, 0.48221651102654217, 0.8095437992284806, 0.41171617023787066, 1.5186593645993924, 1.7668558624147594, 1.219837753571638, 1.1269664878719414, 0.940457295044262, -0.7657231146818407, 0.04047799628533581, 0.7881508443671758, 1.2752776432954898, -0.6433226681011133, -0.661659592454025, 1.05823352995558, -2.2239717903468845, 0.13123823407706264, 0.6136213460770834, 1.0887396232185838, -0.18412100953310084, 0.8127354545276446, 0.7063621804743907, 0.6459327577795845, -0.9952350182638754, -0.25787601304066904, 1.294516094678491, -1.512229542652904, -0.5441132825174866, 0.1748996278641049, 0.3905628121415768, 0.5821843027492473, 0.7181670574127406, 0.5209078855902575, 0.028266080697662052, -0.11299887448909537, 2.199560797986056], "A": [0.9, 0.0, 1.745, 1.7750000000000001, 1.725, 1.7, 1.45, 2.08, 2.915, 3.12, 2.715, 2.585, 2.415, 3.955, 4.805, 4.96, 4.64, 4.47, 4.265, 4.165, 0.46, 0.59, 0.31, 3.525, 1.175, 0.72, 3.31, 0.18, 3.74, 2.23, 1.31, 1.055, 3.39, 2.81, 4.085, 1.57, 4.72, 3.225, 1.955, 4.37, 0.385, 3.845, 3.6350000000000002, 2.3000000000000003, 0.805, 3.015, 4.555, 4.89, 2.52, 0.08, 4.21, 0], "R": [1, 1, 1, 1, 1, 0, 0, 0, 0, 0, 0, 0, 0, 0, 0, 0, 0, 0, 0, 0, 0, 0, 0, 0, 0, 0, 0, 0, 0, 0, 0, 0, 0, 0, 0, 0, 0, 0, 0, 0, 0, 0, 0, 0, 0, 0, 0, 0, 0, 0, 0, 0]}