{"RTG": [28, 27, 26, 25, 24, 23, 22, 21, 20, 19, 18, 17, 16, 15, 14, 13, 12, 11, 10, 9, 8, 7, 6, 5, 4, 3, 2, 1, 0, 0, 0, 0, 0, 0, 0, 0, 0, 0, 0, 0, 0, 0, 0, 0, 0, 0, 0, 0, 0, 0, 0, 0], "S": [0, -1.1990031471571372, -0.5681424030680832, 0.1642534074841468, -0.6092041357060602, 0.3680109104289028, 0.4949049722078865, 1.1832205329391008, 1.1914882796809394, -2.2383187886964397, 1.1718425673152988, 1.260659837942881, 0.6136213460770834, 1.7165118520294746, 0.9620205374516724, 2.0286591678260097, 2.1880040451103517, 0.826452834105411, 0.8085877969105064, 0.41543750807331425, -0.06421981724753852, 0.7014264433005017, 0.5891517867554916, 1.1602292902251623, -1.0364517181494661, 0.6560959005237793, 0.3643491653233505, 2.198622511720558, 2.583789023717434, 2.6732740673741575, 1.2473233634412009, 1.132872154906867, -0.6958626735149382, -0.6944213635994284, 0.5928665680352182, 0.9858819527773454, -0.5519999276125631, -0.2338234595287891, 0.42103107830772674, 0.7810947647226019, 0.16883208745421255, -1.1146936334141972, 1.2198638448838093, -0.09101694669670529, 1.313771510494162, 0.7039863856329738, -0.3605851279422107, -0.7057535105063594, 1.9816540052700344, -0.4757085314032074, -1.4664759182334537, 0.1308494504699903], "A": [2.4250000000000003, 0.0, 0.86, 0.96, 0.8200000000000001, 0.76, 0.66, 0.63, 1.32, 3.275, 3.3200000000000003, 3.39, 4.255, 4.29, 4.235, 4.215, 4.62, 4.765, 4.93, 1.8800000000000001, 2.85, 2.995, 2.695, 3.7800000000000002, 0.29, 2.115, 1.645, 1.675, 1.7, 0.41500000000000004, 2.595, 3.97, 3.595, 4.505, 2.24, 0.155, 3.115, 1.1300000000000001, 5.0, 1.48, 2.0, 0.495, 2.315, 2.77, 4.695, 4.075, 3.505, 1.77, 1.205, 3.87, 2.525, 0], "R": [1, 1, 1, 1, 1, 1, 1, 1, 1, 1, 1, 1, 1, 1, 1, 1, 1, 1, 1, 1, 1, 1, 1, 1, 1, 1, 1, 1, 0, 0, 0, 0, 0, 0, 0, 0, 0, 0, 0, 0, 0, 0, 0, 0, 0, 0, 0, 0, 0, 0, 0, 0]}