{"RTG": [34, 33, 32, 31, 30, 29, 28, 27, 26, 25, 24, 23, 22, 21, 20, 19, 18, 17, 16, 15, 14, 13, 12, 11, 10, 9, 8, 7, 6, 5, 4, 3, 2, 1, 0, 0, 0, 0, 0, 0, 0, 0, 0, 0, 0, 0, 0, 0, 0, 0, 0, 0], "S": [0, 0.5033711967483209, -0.22095008144629988, 0.9022883692297691, 1.099627421136071, 1.2450646428424186, -0.06490318263147667, 0.49351587614176184, 1.2918036410372127, 1.1602292902251623, 1.2341595925880817, -0.17560713225483768, -0.5681424030680832, 0.2045054376024882, 0.0866432673157289, 1.1929647133334638, 1.1398863076022887, 1.2207514698396822, 1.2722439051238437, 1.0542425639738024, 0.7008456084275234, -0.598610461628525, -1.1958523683721816, 0.624834862100612, 0.05135519972342358, 2.014262628658444, 1.4381036978079742, 2.186387029405289, 0.826452834105411, 0.8205579041063652, 0.41543750807331425, -1.054315683292044, -1.0364517181494661, 0.8399611402853264, 2.6194882783227276, 2.665056914615652, 2.13684204514209, 0.8124124524666402, -0.3782782412797233, 0.7456394742923096, -0.9374506081177982, -0.5821590646936314, -0.9311057892287455, 0.7810947647226019, 0.6726275675323473, -0.611716481250362, -0.1285737335390223, -0.5157422423457501, -2.1283174002063725, 0.7002211277137405, 1.132872154906867, 0.3941168188128473], "A": [3.215, 3.1550000000000002, 3.245, 3.265, 3.29, 3.435, 2.965, 2.735, 2.695, 2.79, 2.5100000000000002, 0.0, 0.855, 1.05, 0.655, 0.6, 0.465, 0.4, 0.32, 0.73, 0.2, 1.395, 4.305, 4.43, 4.18, 4.15, 4.2, 4.62, 4.7700000000000005, 4.93, 1.965, 3.7800000000000002, 2.255, 1.68, 1.705, 1.76, 2.145, 1.2, 1.565, 2.37, 3.625, 3.93, 5.0, 4.535, 0.9550000000000001, 0.09, 2.065, 1.295, 4.7, 2.595, 1.855, 0], "R": [1, 1, 1, 1, 1, 1, 1, 1, 1, 1, 1, 1, 1, 1, 1, 1, 1, 1, 1, 1, 1, 1, 1, 1, 1, 1, 1, 1, 1, 1, 1, 1, 1, 1, 0, 0, 0, 0, 0, 0, 0, 0, 0, 0, 0, 0, 0, 0, 0, 0, 0, 0]}