{"RTG": [15, 14, 13, 12, 11, 10, 9, 8, 7, 6, 5, 4, 3, 2, 1, 0, 0, 0, 0, 0, 0, 0, 0, 0, 0, 0, 0, 0, 0, 0, 0, 0, 0, 0, 0, 0, 0, 0, 0, 0, 0, 0, 0, 0, 0, 0, 0, 0, 0, 0, 0, 0], "S": [0, 1.2752776432954898, 1.1380356008066348, 0.9438680768787604, -0.5681424030680832, 0.2992456858903939, -0.2543664896025655, 1.1293561077306389, 1.1571444090289609, 1.2167981233580216, 1.2287157098589727, 1.183550878322407, -0.017882150725342393, 1.3016856375865116, 0.29901449907859046, -0.9092916740966068, 2.648718288939445, 2.6462676611234475, 0.8854292108061834, 2.1300292046727938, 0.8479373402835767, 1.66510693211448, 0.7810947647226019, 0.7665022349198103, 0.7582537177375791, 1.154923932830813, 1.3006506431464921, 0.35130374988897833, -0.7197448335686071, -0.7880611165295308, -1.9528264959818675, 0.6726275675323473, 0.8399611402853264, -0.8086308259890348, 0.12372982621026657, -0.7609918060846543, -0.6019000811690085, 1.0141390956092324, -0.3672731553529204, 0.42103107830772674, 0.42396904460622875, 0.14978629205510915, 1.2066195172364638, 0.7690116833676693, -0.16532530793633957, 2.13684204514209, -0.6434383622202263, -0.4570567081919362, 0.47240745786319704, -0.1861306929802691, 0.8492731788192288, -1.5129641137469552], "A": [3.31, 3.27, 3.365, 0.0, 0.84, 1.0150000000000001, 0.675, 0.61, 0.5, 0.43, 0.335, 0.25, 0.375, 1.86, 2.035, 1.71, 1.685, 1.575, 4.225, 4.295, 4.16, 5.0, 4.84, 4.665, 2.645, 2.775, 2.92, 2.48, 3.755, 1.28, 4.535, 2.255, 3.9450000000000003, 3.075, 3.5700000000000003, 2.345, 2.165, 1.435, 1.1300000000000001, 4.92, 4.44, 2.71, 4.75, 0.1, 1.76, 4.05, 3.665, 0.765, 3.16, 2.565, 3.855, 0], "R": [1, 1, 1, 1, 1, 1, 1, 1, 1, 1, 1, 1, 1, 1, 1, 0, 0, 0, 0, 0, 0, 0, 0, 0, 0, 0, 0, 0, 0, 0, 0, 0, 0, 0, 0, 0, 0, 0, 0, 0, 0, 0, 0, 0, 0, 0, 0, 0, 0, 0, 0, 0]}