{"RTG": [5, 4, 3, 2, 1, 0, 0, 0, 0, 0, 0, 0, 0, 0, 0, 0, 0, 0, 0, 0, 0, 0, 0, 0, 0, 0, 0, 0, 0, 0, 0, 0, 0, 0, 0, 0, 0, 0, 0, 0, 0, 0, 0, 0, 0, 0, 0, 0, 0, 0, 0, 0], "S": [0, -0.13120091854260618, -0.2548394412801817, 2.3438345106132012, 1.899839506890742, 2.5551020877188306, 2.6732740673741575, -0.1333343676888655, -0.26302149708902195, 0.3496659885000683, -0.2575596417689937, 1.2243412031117622, 1.0675806827655183, -1.204898730905284, -0.7486598192425545, 0.8542846964258753, 0.48221651102654217, 0.8095437992284806, 0.41171617023787066, 1.5186593645993924, 1.7668558624147594, 1.2226063038826296, 1.2628973292464318, 1.1914882796809394, -0.7657231146818407, -0.032732204163866366, -0.3169393062321038, 0.6203485783512641, 1.2752776432954898, -0.661659592454025, 1.05823352995558, 0.040343652882350874, 0.6136213460770834, -2.2362571854591744, 1.0887396232185838, -0.18412100953310084, 0.8127354545276446, 0.7063621804743907, 0.6459327577795845, -1.0269167683512421, -0.5681424030680832, -0.25787601304066904, -1.512229542652904, 1.1348906924437472, -0.5441132825174866, 0.1748996278641049, 0.5821843027492473, 0.7181670574127406, 0.5209078855902575, 0.028266080697662052, 2.199560797986056, 0.3680109104289028], "A": [0.065, 0.9, 1.745, 1.7750000000000001, 1.725, 1.7, 1.45, 2.08, 2.915, 3.12, 2.715, 2.585, 2.415, 3.955, 4.805, 4.96, 4.64, 4.47, 4.265, 4.165, 0.47500000000000003, 0.35000000000000003, 0.63, 3.525, 1.18, 0.23, 0.74, 3.31, 3.74, 2.23, 1.045, 3.39, 1.315, 2.81, 4.085, 1.57, 4.72, 3.225, 1.96, 0.0, 4.37, 3.845, 0.555, 3.6350000000000002, 2.3000000000000003, 3.015, 4.555, 4.89, 2.52, 4.21, 0.8200000000000001, 0], "R": [1, 1, 1, 1, 1, 0, 0, 0, 0, 0, 0, 0, 0, 0, 0, 0, 0, 0, 0, 0, 0, 0, 0, 0, 0, 0, 0, 0, 0, 0, 0, 0, 0, 0, 0, 0, 0, 0, 0, 0, 0, 0, 0, 0, 0, 0, 0, 0, 0, 0, 0, 0]}