{"RTG": [9, 8, 7, 6, 5, 4, 3, 2, 1, 0, 0, 0, 0, 0, 0, 0, 0, 0, 0, 0, 0, 0, 0, 0, 0, 0, 0, 0, 0, 0, 0, 0, 0, 0, 0, 0, 0, 0, 0, 0, 0, 0, 0, 0, 0, 0, 0, 0, 0, 0, 0, 0], "S": [0, -0.25787601304066904, -0.5681424030680832, 0.2992456858903939, -0.4088659150438583, 0.3905628121415768, 1.640461454575373, 0.979413961857978, 1.9816540052700344, 2.2096243099566566, 2.648718288939445, 1.2423047404347072, 0.7500898340417048, 1.024040463667378, -1.1987220633160474, 0.4215588852672501, 0.9022883692297691, 0.4633443805678566, -0.5821590646936314, 0.7810947647226019, 0.7665022349198103, 0.7582537177375791, 1.2881202542280985, 1.2072785431808835, -0.09834637685729146, -0.715299091384201, -2.201677621553729, 0.9242571415201947, 0.6726275675323473, -1.3691595699046264, 2.124266822246258, 1.9631888737933478, 0.4256092218561636, 1.184145623379665, 0.8934834654088644, 0.43977288007454873, -0.24866560631437654, 0.4109152650008146, -0.7349959441494497, -0.28949292123513, -0.7250333914407979, 0.42396904460622875, 0.7690116833676693, 1.154923932830813, 0.6520050202483836, 1.260659837942881, -0.4572802851966546, 0.040343652882350874, -0.5344493610789871, 1.1460939208731853, 2.486335711065681, 0.33376010508273046], "A": [4.37, 0.0, 0.84, 0.915, 0.805, 1.79, 1.825, 1.77, 1.7550000000000001, 1.71, 2.72, 2.845, 2.58, 2.41, 3.045, 3.245, 3.4, 3.625, 5.0, 4.84, 4.665, 0.39, 0.51, 0.245, 4.01, 1.305, 2.1550000000000002, 4.535, 3.815, 4.19, 4.24, 1.53, 0.625, 2.25, 1.115, 3.15, 2.945, 2.05, 0.12, 3.5100000000000002, 4.92, 4.75, 2.645, 4.12, 3.3200000000000003, 1.43, 1.045, 3.72, 0.33, 1.665, 4.46, 0], "R": [1, 1, 1, 1, 1, 1, 1, 1, 1, 0, 0, 0, 0, 0, 0, 0, 0, 0, 0, 0, 0, 0, 0, 0, 0, 0, 0, 0, 0, 0, 0, 0, 0, 0, 0, 0, 0, 0, 0, 0, 0, 0, 0, 0, 0, 0, 0, 0, 0, 0, 0, 0]}