{"RTG": [23, 22, 21, 20, 19, 18, 17, 16, 15, 14, 13, 12, 11, 10, 9, 8, 7, 6, 5, 4, 3, 2, 1, 0, 0, 0, 0, 0, 0, 0, 0, 0, 0, 0, 0, 0, 0, 0, 0, 0, 0, 0, 0, 0, 0, 0, 0, 0, 0, 0, 0, 0], "S": [0, -1.7120879587304418, -0.5681424030680832, 0.7486707964918938, 1.1400171087098125, 1.0867645302829678, -0.1275144827788334, -0.8865485997154794, 0.8560300178421365, 0.5690923241108877, 0.7096778610505728, 0.6494093557430308, -0.2009931560051553, 1.184145623379665, 1.1228239058413378, 0.9625550854276712, 1.2287157098589727, 1.294516094678491, 0.940457295044262, -0.36042160659606265, 1.1740795034056069, 1.3265893946558156, 0.9978997859167429, -0.657719301396538, 2.6730387989219673, 2.593288167724146, 2.1109965038009197, -0.5550393478506724, 1.9421985709844345, 0.38850455016500957, 1.9631888737933478, -0.5344493610789871, 1.2254038456039946, -0.4615336624388271, 0.25207635626420094, 0.7810947647226019, -0.009124780770441163, -0.5193532046837243, 0.9438680768787604, 0.5143621100491487, -0.9374506081177982, -1.4376841077764138, -0.6211852992102556, 0.2847659930484283, 0.384592971877546, 1.132872154906867, 0.27244383499665203, 0.8132786627774347, -1.1026558432093951, 0.493019990916102, 1.4579884778504881, -0.11967095207937627], "A": [1.2650000000000001, 0.0, 2.14, 2.19, 2.225, 3.1, 3.935, 4.795, 4.88, 4.69, 4.525, 4.4, 0.625, 0.585, 0.7000000000000001, 0.43, 0.385, 0.31, 0.91, 2.7, 2.7600000000000002, 2.82, 3.495, 1.695, 1.72, 1.6400000000000001, 2.49, 4.175, 4.11, 4.24, 3.72, 3.285, 1.905, 1.07, 5.0, 1.46, 0.15, 3.365, 2.97, 2.37, 3.825, 3.615, 3.2, 0.81, 2.595, 1.155, 4.6000000000000005, 2.005, 1.54, 1.8, 0.07, 0], "R": [1, 1, 1, 1, 1, 1, 1, 1, 1, 1, 1, 1, 1, 1, 1, 1, 1, 1, 1, 1, 1, 1, 1, 0, 0, 0, 0, 0, 0, 0, 0, 0, 0, 0, 0, 0, 0, 0, 0, 0, 0, 0, 0, 0, 0, 0, 0, 0, 0, 0, 0, 0]}