{"RTG": [28, 27, 26, 25, 24, 23, 22, 21, 20, 19, 18, 17, 16, 15, 14, 13, 12, 11, 10, 9, 8, 7, 6, 5, 4, 3, 2, 1, 0, 0, 0, 0, 0, 0, 0, 0, 0, 0, 0, 0, 0, 0, 0, 0, 0, 0, 0, 0, 0, 0, 0, 0], "S": [0, 0.7866678583339837, -0.3605851279422107, 1.314995406442874, 1.555179369689812, 1.66510693211448, 1.7668558624147594, 2.014262628658444, 2.199560797986056, 2.1990799042829505, -0.5681424030680832, 0.27208023610146237, 0.0866432673157289, 1.1971315791461121, 1.1935643644957392, 1.3014072903111207, 0.06518168505993671, -2.2362571854591744, 1.0814212867534516, 0.1748996278641049, -0.7349959441494497, -0.24866560631437654, 0.7810947647226019, 0.6977617291854273, 0.7360187314858049, 1.3049009603131116, 0.7500898340417048, 1.187614098414235, -0.7762990261304845, 2.6462676611234475, 2.648718288939445, 1.4202812468229182, 0.6838990714313047, -0.5550393478506724, 1.1347072427156868, -0.9336474874188099, 0.783357385465521, 0.5800560575903002, 0.7008456084275234, 0.00646266035523254, 1.0567075262404362, -0.32750870905583246, 0.22387517807153576, 0.8085877969105064, 0.09060725392395028, 1.2218576619033426, -0.5973820916024358, 0.290731299743892, -0.44919934217062807, -0.8275862870460531, 1.1326765301622912, 0.421746209599056], "A": [4.125, 4.075, 4.1450000000000005, 4.155, 4.16, 4.165, 4.18, 4.21, 4.205, 0.0, 0.845, 1.05, 0.635, 0.52, 0.37, 0.255, 1.315, 2.1750000000000003, 2.3000000000000003, 2.05, 3.15, 5.0, 4.855, 4.675, 2.74, 2.845, 2.62, 3.56, 1.685, 1.71, 1.605, 4.54, 2.49, 3.345, 3.77, 1.835, 2.99, 0.73, 3.43, 3.2600000000000002, 0.125, 1.16, 4.765, 1.47, 0.44, 0.9450000000000001, 4.455, 3.67, 1.935, 2.68, 4.94, 0], "R": [1, 1, 1, 1, 1, 1, 1, 1, 1, 1, 1, 1, 1, 1, 1, 1, 1, 1, 1, 1, 1, 1, 1, 1, 1, 1, 1, 1, 0, 0, 0, 0, 0, 0, 0, 0, 0, 0, 0, 0, 0, 0, 0, 0, 0, 0, 0, 0, 0, 0, 0, 0]}