{"RTG": [2, 1, 0, 0, 0, 0, 0, 0, 0, 0, 0, 0, 0, 0, 0, 0, 0, 0, 0, 0, 0, 0, 0, 0, 0, 0, 0, 0, 0, 0, 0, 0, 0, 0, 0, 0, 0, 0, 0, 0, 0, 0, 0, 0, 0, 0, 0, 0, 0, 0, 0, 0], "S": [0, -0.22528438977403956, -0.03201196311671608, 2.6246497070519292, 2.6640935024130794, 1.723220249425911, -1.0269167683512421, 1.0887396232185838, 0.4109152650008146, 1.129227959703775, -0.17560713225483768, 0.2847659930484283, 0.2318331862051065, -0.5091648528801574, 0.5317048528935276, 0.7468985423979649, 0.7665022349198103, 0.7810947647226019, 0.8479373402835767, 1.0554799424175512, -0.68423059871148, 1.2228604805951775, 1.290558467107689, 1.2005613140987013, -0.24856155848617614, -0.5765074546122056, 0.8934834654088644, -0.9737435211646027, 0.6203485783512641, 0.7486707964918938, -0.007359300230342257, -1.2849974428615545, 0.12372982621026657, -0.8797078913319923, -0.7657231146818407, 1.2752776432954898, -0.24919191085202425, 2.199560797986056, 1.1737062158429918, 0.7824357235715943, 1.2918036410372127, 1.128847864961221, 0.41543750807331425, 0.7765038309941795, -2.201677621553729, -0.36679091592001095, 0.438911988125878, 0.3249895437356506, -1.2326682407776417, -0.593214709912086, 1.0675806827655183, -0.5681424030680832], "A": [0.045, 0.88, 1.715, 1.69, 1.62, 1.96, 2.81, 2.945, 2.665, 2.5100000000000002, 3.2, 3.415, 3.645, 4.49, 4.67, 4.84, 5.0, 4.295, 4.135, 3.985, 0.485, 0.36, 0.64, 0.23500000000000001, 1.21, 2.25, 1.405, 0.74, 2.14, 1.04, 3.805, 3.075, 2.365, 3.525, 3.31, 4.39, 4.21, 1.815, 4.755, 2.735, 0.56, 4.93, 4.58, 1.305, 0.13, 1.12, 1.51, 3.9, 2.06, 2.585, 0.0, 0], "R": [1, 1, 0, 0, 0, 0, 0, 0, 0, 0, 0, 0, 0, 0, 0, 0, 0, 0, 0, 0, 0, 0, 0, 0, 0, 0, 0, 0, 0, 0, 0, 0, 0, 0, 0, 0, 0, 0, 0, 0, 0, 0, 0, 0, 0, 0, 0, 0, 0, 0, 0, 0]}