{"RTG": [14, 13, 12, 11, 10, 9, 8, 7, 6, 5, 4, 3, 2, 1, 0, 0, 0, 0, 0, 0, 0, 0, 0, 0, 0, 0, 0, 0, 0, 0, 0, 0, 0, 0, 0, 0, 0, 0, 0, 0, 0, 0, 0, 0, 0, 0, 0, 0, 0, 0, 0, 0], "S": [0, 0.5243572241097797, 0.5143621100491487, -0.28174751465887515, -0.5681424030680832, 0.1642534074841468, -0.15546005114250563, 0.8771817164369324, 1.1832205329391008, 1.1756294449900588, 0.1134268335735682, -0.08361090576424757, 2.356485375892664, 1.8238428669741287, 2.583789023717434, 2.6732740673741575, -0.6874175835325607, 0.7861115957725884, 0.7333607073347894, 0.7697164372501104, 0.5317048528935276, 0.7352255488802192, -0.2751600190638433, -0.7609918060846543, 1.10297997475711, -0.5689652042600516, 1.2287157098589727, -2.078054622311628, 1.2918036410372127, 0.4268874504834266, 1.8594942356609157, 0.9985969048852414, -0.984767779832423, 1.154923932830813, 0.38850455016500957, -0.19947597225900737, 0.849990625769365, 1.1718425673152988, 2.1300292046727938, 0.7558657355637947, -1.0370239909719803, 1.1400171087098125, 0.38008632231324074, -0.28307668106601713, -1.4061401913825524, 0.7535780975912624, 0.4179323833926717, -0.1444384360798626, -1.0957773882808306, -0.44919934217062807, 1.2072785431808835, -0.5805195318260895], "A": [3.0300000000000002, 2.97, 3.14, 0.0, 0.86, 1.025, 0.71, 0.66, 0.62, 1.87, 2.09, 1.655, 1.625, 1.675, 1.7, 3.99, 4.835, 4.995, 4.66, 4.49, 4.3, 2.505, 3.5700000000000003, 0.325, 0.20500000000000002, 0.43, 1.29, 2.735, 2.285, 4.17, 3.36, 3.775, 2.645, 4.11, 3.4450000000000003, 2.835, 3.275, 4.225, 4.745, 2.38, 2.19, 1.1400000000000001, 1.44, 3.88, 4.57, 4.925, 0.095, 1.975, 3.67, 0.51, 0.9400000000000001, 0], "R": [1, 1, 1, 1, 1, 1, 1, 1, 1, 1, 1, 1, 1, 1, 0, 0, 0, 0, 0, 0, 0, 0, 0, 0, 0, 0, 0, 0, 0, 0, 0, 0, 0, 0, 0, 0, 0, 0, 0, 0, 0, 0, 0, 0, 0, 0, 0, 0, 0, 0, 0, 0]}