{"RTG": [15, 14, 13, 12, 11, 10, 9, 8, 7, 6, 5, 4, 3, 2, 1, 0, 0, 0, 0, 0, 0, 0, 0, 0, 0, 0, 0, 0, 0, 0, 0, 0, 0, 0, 0, 0, 0, 0, 0, 0, 0, 0, 0, 0, 0, 0, 0, 0, 0, 0, 0, 0], "S": [0, 0.015058671514919365, 0.5519536381881391, 0.35130374988897833, 0.49481502529770993, -0.5681424030680832, 0.1642534074841468, -0.15546005114250563, 0.920655627807069, 1.1832205329391008, 1.1756294449900588, 0.1134268335735682, -0.08361090576424757, 2.356485375892664, 1.8238428669741287, 2.583789023717434, 2.6732740673741575, -0.68423059871148, 0.8036415820234936, 0.6452690930094037, 0.7697164372501104, 0.5061761088750564, 0.9620205374516724, -0.7940973879101138, -0.7834705376033333, 1.10297997475711, -0.5689652042600516, 1.2287157098589727, -2.078054622311628, 1.8594942356609157, 1.1602292902251623, -0.7880611165295308, 0.718905993062926, 1.0942090702771463, 1.1815012598688805, 0.26206678582391096, 0.7652276639764811, 0.38008632231324074, 0.08002013972113022, -1.4664759182334537, 2.1646963807230764, 1.1260754615276558, -0.28307668106601713, 1.2341595925880817, 0.44580020575484075, -0.49352352380335235, 1.1718425673152988, -0.1444384360798626, -1.0957773882808306, 0.7558657355637947, -0.8797078913319923, 1.2072785431808835], "A": [3.18, 2.98, 2.92, 3.035, 0.0, 0.86, 1.025, 0.705, 0.66, 0.62, 1.87, 2.09, 1.655, 1.625, 1.675, 1.7, 3.985, 4.83, 4.985, 4.66, 4.485, 4.29, 2.475, 3.54, 0.325, 0.20500000000000002, 0.43, 1.29, 4.17, 2.695, 3.755, 2.265, 3.35, 2.61, 4.105, 4.575, 1.1400000000000001, 3.4250000000000003, 3.87, 4.22, 2.185, 1.44, 2.79, 4.91, 3.65, 3.275, 0.095, 1.975, 4.745, 2.365, 0.51, 0], "R": [1, 1, 1, 1, 1, 1, 1, 1, 1, 1, 1, 1, 1, 1, 1, 0, 0, 0, 0, 0, 0, 0, 0, 0, 0, 0, 0, 0, 0, 0, 0, 0, 0, 0, 0, 0, 0, 0, 0, 0, 0, 0, 0, 0, 0, 0, 0, 0, 0, 0, 0, 0]}