{"RTG": [23, 22, 21, 20, 19, 18, 17, 16, 15, 14, 13, 12, 11, 10, 9, 8, 7, 6, 5, 4, 3, 2, 1, 0, 0, 0, 0, 0, 0, 0, 0, 0, 0, 0, 0, 0, 0, 0, 0, 0, 0, 0, 0, 0, 0, 0, 0, 0, 0, 0, 0, 0], "S": [0, 0.41465958780389967, 1.8063011458935552, 2.084491255479688, 2.199560797986056, 0.826452834105411, 0.8085877969105064, 0.41543750807331425, -0.5681424030680832, 0.27208023610146237, 0.0866432673157289, 1.1971315791461121, 1.1935643644957392, 1.3014072903111207, 0.06518168505993671, -2.2362571854591744, 1.0814212867534516, 0.1748996278641049, -0.7349959441494497, -0.24866560631437654, -0.526117465012331, 1.3049009603131116, 0.7500898340417048, 1.187614098414235, 2.6462676611234475, 2.648718288939445, 1.4202812468229182, 0.6858565367473983, -1.3684260504266743, -0.5550393478506724, 0.783357385465521, 0.5800560575903002, 0.6090386641418352, -0.657719301396538, 1.2254038456039946, 0.7008456084275234, 0.7810947647226019, -0.32750870905583246, 0.22387517807153576, -0.7213855572269114, -0.7880611165295308, 0.09060725392395028, 1.2218576619033426, -0.5973820916024358, -0.8275862870460531, 0.7039863856329738, 1.1326765301622912, 0.28265279438418606, 1.0245921516336474, 0.7450548739706984, -1.0846614795250824, 0.10058988888118321], "A": [4.315, 4.25, 4.23, 4.21, 4.62, 4.765, 4.93, 0.0, 0.845, 1.05, 0.635, 0.52, 0.37, 0.255, 1.315, 2.1750000000000003, 2.3000000000000003, 2.05, 3.15, 3.64, 2.74, 2.845, 2.62, 1.685, 1.71, 1.605, 3.3850000000000002, 3.8850000000000002, 2.49, 1.835, 2.99, 4.51, 3.495, 3.285, 0.73, 5.0, 0.125, 1.16, 4.03, 3.755, 1.47, 0.44, 0.9450000000000001, 1.935, 4.695, 2.68, 3.06, 2.235, 4.845, 1.4000000000000001, 4.4350000000000005, 0], "R": [1, 1, 1, 1, 1, 1, 1, 1, 1, 1, 1, 1, 1, 1, 1, 1, 1, 1, 1, 1, 1, 1, 1, 0, 0, 0, 0, 0, 0, 0, 0, 0, 0, 0, 0, 0, 0, 0, 0, 0, 0, 0, 0, 0, 0, 0, 0, 0, 0, 0, 0, 0]}