{"RTG": [16, 15, 14, 13, 12, 11, 10, 9, 8, 7, 6, 5, 4, 3, 2, 1, 0, 0, 0, 0, 0, 0, 0, 0, 0, 0, 0, 0, 0, 0, 0, 0, 0, 0, 0, 0, 0, 0, 0, 0, 0, 0, 0, 0, 0, 0, 0, 0, 0, 0, 0, 0], "S": [0, 0.9978997859167429, 1.3006506431464921, 1.2918036410372127, -0.5681424030680832, 0.2992456858903939, -0.2543664896025655, 1.1293561077306389, 1.14814577970639, 1.221849818761846, 1.240122479297734, 1.10297997475711, -0.4371655090445092, 0.587534579924061, -1.0957773882808306, 2.2787485889783183, 2.5551020877188306, 2.6732740673741575, 0.3249895437356506, -0.4438624640970557, 0.623634391545786, 0.7096778610505728, 0.6466991670257178, 0.13840231823318014, -0.6048098286998949, 1.0567075262404362, 0.5392684839855656, -0.2338234595287891, -1.1442504439522712, -1.7985319445633705, 0.7810947647226019, -1.503718626120767, 1.1400171087098125, -0.7740292084447152, 0.9147600389067359, 2.186387029405289, 1.66510693211448, 0.8132786627774347, 0.3643491653233505, 0.5674801530142803, 0.42103107830772674, 1.723220249425911, 0.5804748080628606, -1.0846614795250824, 0.8478622810701648, -0.1444384360798626, 0.4949049722078865, 1.2457424006890583, -0.8348946779313645, -0.37205149742952043, 1.8063011458935552, -0.5281913749203656], "A": [2.82, 2.775, 2.735, 0.0, 0.84, 1.0150000000000001, 0.675, 0.605, 0.49, 0.42, 0.325, 0.22, 1.845, 1.975, 1.75, 1.725, 1.7, 1.51, 3.6750000000000003, 4.515, 4.69, 4.865, 4.33, 4.055, 3.2600000000000002, 3.395, 3.115, 2.395, 1.27, 5.0, 3.86, 2.19, 3.5300000000000002, 2.57, 4.2, 4.16, 4.6000000000000005, 2.115, 2.985, 1.1300000000000001, 1.62, 2.275, 1.4000000000000001, 4.785, 0.095, 0.76, 3.325, 3.7600000000000002, 2.5, 4.25, 0.93, 0], "R": [1, 1, 1, 1, 1, 1, 1, 1, 1, 1, 1, 1, 1, 1, 1, 1, 0, 0, 0, 0, 0, 0, 0, 0, 0, 0, 0, 0, 0, 0, 0, 0, 0, 0, 0, 0, 0, 0, 0, 0, 0, 0, 0, 0, 0, 0, 0, 0, 0, 0, 0, 0]}