{"RTG": [16, 15, 14, 13, 12, 11, 10, 9, 8, 7, 6, 5, 4, 3, 2, 1, 0, 0, 0, 0, 0, 0, 0, 0, 0, 0, 0, 0, 0, 0, 0, 0, 0, 0, 0, 0, 0, 0, 0, 0, 0, 0, 0, 0, 0, 0, 0, 0, 0, 0, 0, 0], "S": [0, 1.2254038456039946, 0.9022883692297691, 1.260659837942881, -0.5681424030680832, 0.2045054376024882, 0.0866432673157289, 1.1929647133334638, 1.14814577970639, 1.2226063038826296, 1.2473233634412009, 1.10297997475711, 0.7439499693117351, -0.3799924249980656, 0.3941168188128473, -1.0849883657686858, 2.510577190859736, 2.665056914615652, 2.4252267062251835, 2.014262628658444, 1.620324142494948, -0.4354061667458947, 0.7810947647226019, 0.7665022349198103, 0.7582537177375791, 0.5928665680352182, 1.187614098414235, -0.5550393478506724, 1.3049009603131116, 0.35893135363273554, -0.4438624640970557, -2.2239717903468845, 0.8934834654088644, -1.512229542652904, -0.7250333914407979, 0.4215588852672501, -0.24919191085202425, -0.5225634108889254, 0.9242571415201947, 0.2560876713757903, 0.27244383499665203, 0.7824357235715943, 1.0444516324076214, -0.6077964200381839, 0.41543750807331425, -0.1444384360798626, -0.7486598192425545, 0.7765038309941795, -0.27455451950087434, -0.7568219640141731, -0.6772614302070163, 2.1880040451103517], "A": [3.285, 3.245, 3.3200000000000003, 0.0, 0.855, 1.05, 0.655, 0.605, 0.47500000000000003, 0.41500000000000004, 0.325, 0.725, 0.225, 1.855, 2.0100000000000002, 1.73, 1.705, 1.6600000000000001, 4.18, 4.26, 4.07, 5.0, 4.84, 4.665, 4.505, 2.62, 2.49, 2.74, 2.9050000000000002, 3.6750000000000003, 1.31, 2.25, 3.845, 3.5100000000000002, 3.045, 4.39, 2.34, 2.1550000000000002, 1.495, 1.155, 4.755, 2.815, 0.9500000000000001, 4.93, 0.095, 3.955, 4.58, 3.125, 1.415, 3.6, 4.215, 0], "R": [1, 1, 1, 1, 1, 1, 1, 1, 1, 1, 1, 1, 1, 1, 1, 1, 0, 0, 0, 0, 0, 0, 0, 0, 0, 0, 0, 0, 0, 0, 0, 0, 0, 0, 0, 0, 0, 0, 0, 0, 0, 0, 0, 0, 0, 0, 0, 0, 0, 0, 0, 0]}