{"RTG": [26, 25, 24, 23, 22, 21, 20, 19, 18, 17, 16, 15, 14, 13, 12, 11, 10, 9, 8, 7, 6, 5, 4, 3, 2, 1, 0, 0, 0, 0, 0, 0, 0, 0, 0, 0, 0, 0, 0, 0, 0, 0, 0, 0, 0, 0, 0, 0, 0, 0, 0, 0], "S": [0, -2.1283174002063725, -0.5681424030680832, 1.050618440940789, 1.1283506934188439, 0.34532270229374284, -0.1861306929802691, -0.7001124557070517, 0.6977617291854273, 0.48221651102654217, 0.7131136754895187, 0.8058072136235602, 0.5061761088750564, 0.7352255488802192, 2.199560797986056, 2.0751036904311593, 1.1971315791461121, 0.5508090681586929, 1.2072785431808835, 1.2978622792095647, -0.017882150725342393, 1.3266242924078386, 0.609313522152387, 1.1637413930916065, -0.7695552481135107, 2.4602044790854074, 2.060748031034219, 2.648718288939445, 2.539316846348272, -0.5651519821379951, -1.0882046889653323, 1.0942090702771463, -1.0773133856651251, -0.2751600190638433, 0.5950547331054502, -0.06490318263147667, 0.16883208745421255, 0.43977288007454873, -0.28949292123513, 1.099627421136071, 0.2045054376024882, 1.2247109249108254, -0.4438624640970557, -1.2326682407776417, -1.186524735350794, -0.19572881840451012, 0.7810947647226019, 0.39342310011908804, 0.6842214616603056, -0.4345148689017537, -0.1681685232451838, 0.025247930055477295], "A": [1.295, 0.0, 2.17, 2.215, 2.29, 3.16, 4.0, 4.855, 4.96, 4.7250000000000005, 4.595, 4.485, 4.3, 4.21, 4.1850000000000005, 0.635, 0.75, 0.51, 0.365, 0.25, 2.755, 2.86, 2.64, 3.565, 1.735, 1.7650000000000001, 1.71, 1.67, 0.975, 3.785, 3.35, 1.97, 2.505, 3.005, 3.435, 1.48, 1.115, 0.12, 3.265, 0.855, 0.435, 3.6750000000000003, 3.9, 2.4050000000000002, 1.19, 5.0, 2.94, 1.56, 2.07, 4.405, 4.095, 0], "R": [1, 1, 1, 1, 1, 1, 1, 1, 1, 1, 1, 1, 1, 1, 1, 1, 1, 1, 1, 1, 1, 1, 1, 1, 1, 1, 0, 0, 0, 0, 0, 0, 0, 0, 0, 0, 0, 0, 0, 0, 0, 0, 0, 0, 0, 0, 0, 0, 0, 0, 0, 0]}