{"RTG": [24, 23, 22, 21, 20, 19, 18, 17, 16, 15, 14, 13, 12, 11, 10, 9, 8, 7, 6, 5, 4, 3, 2, 1, 0, 0, 0, 0, 0, 0, 0, 0, 0, 0, 0, 0, 0, 0, 0, 0, 0, 0, 0, 0, 0, 0, 0, 0, 0, 0, 0, 0], "S": [0, -2.2239717903468845, -0.5681424030680832, 1.1260754615276558, 1.0867645302829678, 0.0983818009091677, 0.06986426174581307, 1.260659837942881, 0.9985969048852414, 1.2009822841548368, 0.6543334699031734, 1.2918036410372127, 1.1485285121397457, 2.0286591678260097, 1.5186593645993924, 2.1880040451103517, 0.7810947647226019, 0.6977617291854273, 0.7259718516629005, 1.201293032425701, 1.176806974670785, 0.4014163575618112, 1.2992127756900016, 0.2360780316584261, -1.0364517181494661, 2.665056914615652, 2.510577190859736, 2.486335711065681, -0.34907795486734916, -0.7197448335686071, 0.6838990714313047, -0.7001124557070517, -0.7387734467982239, -0.3881858065598431, 0.3027282790335336, 0.4035438731462402, -0.36679091592001095, 0.5143621100491487, 0.19826562714405405, -0.8169671187903633, 0.8205579041063652, 1.2192840698341836, -0.14312843906774736, -1.3264683727487805, 1.0675806827655183, -0.4438624640970557, 0.5188737380858635, -0.6527118419102764, 0.421746209599056, -0.5197320190323577, 0.8327877808682069, -1.1224606128920358], "A": [1.31, 0.0, 2.185, 2.225, 2.1, 3.08, 3.3200000000000003, 3.36, 3.2800000000000002, 2.855, 2.735, 2.69, 4.235, 4.265, 4.215, 5.0, 4.855, 4.68, 0.645, 0.53, 0.795, 0.38, 0.265, 3.7800000000000002, 1.705, 1.73, 1.665, 1.0050000000000001, 2.48, 4.54, 4.0, 3.58, 1.9000000000000001, 1.5050000000000001, 1.135, 0.13, 2.97, 4.445, 2.36, 4.7700000000000005, 0.45, 0.89, 3.89, 2.585, 3.6750000000000003, 4.115, 1.42, 4.94, 3.475, 0.715, 1.99, 0], "R": [1, 1, 1, 1, 1, 1, 1, 1, 1, 1, 1, 1, 1, 1, 1, 1, 1, 1, 1, 1, 1, 1, 1, 1, 0, 0, 0, 0, 0, 0, 0, 0, 0, 0, 0, 0, 0, 0, 0, 0, 0, 0, 0, 0, 0, 0, 0, 0, 0, 0, 0, 0]}