{"RTG": [26, 25, 24, 23, 22, 21, 20, 19, 18, 17, 16, 15, 14, 13, 12, 11, 10, 9, 8, 7, 6, 5, 4, 3, 2, 1, 0, 0, 0, 0, 0, 0, 0, 0, 0, 0, 0, 0, 0, 0, 0, 0, 0, 0, 0, 0, 0, 0, 0, 0, 0, 0], "S": [0, 0.9242571415201947, 0.27750730430012266, 1.1065611909486615, -0.5681424030680832, 0.2045054376024882, 0.040343652882350874, 1.1694360114222457, 1.184145623379665, 1.176806974670785, 1.219837753571638, 1.294516094678491, 1.0542425639738024, -2.201677621553729, 0.49481502529770993, 0.015058671514919365, 0.40577549456587986, 1.1740795034056069, 1.1637413930916065, 0.1308494504699903, -0.6929902457178543, 0.8188852879171115, 0.41543750807331425, 0.6989865678173576, 0.6951830673805045, -0.08895775174841293, -0.7609918060846543, 2.6732740673741575, 2.583789023717434, 2.2787485889783183, 2.199560797986056, 1.555179369689812, 1.3027192822091056, -1.1394990942280583, 0.9438680768787604, 0.37144358779605585, -0.8169671187903633, -0.5519999276125631, -0.4615336624388271, -0.2620302510306252, 0.3146398464699526, 1.2009822841548368, 0.7810947647226019, 1.1686108490458247, -0.44124323692021794, 0.4534819021847498, 0.8250163897131615, -0.5526260678947568, -1.2326682407776417, -0.611716481250362, -0.11355670144341846, 0.5804748080628606], "A": [2.1550000000000002, 2.11, 2.18, 0.0, 0.855, 1.045, 0.665, 0.625, 0.53, 0.46, 0.385, 0.32, 1.305, 3.035, 3.18, 2.89, 2.7, 2.64, 2.525, 3.995, 4.825, 4.93, 4.71, 4.545, 4.415, 3.5700000000000003, 1.7, 1.675, 1.75, 4.21, 4.155, 4.275, 3.79, 3.365, 1.52, 2.36, 0.155, 1.905, 3.45, 1.1500000000000001, 3.2800000000000002, 5.0, 2.8000000000000003, 3.68, 0.77, 4.625, 1.425, 3.9, 0.9550000000000001, 0.075, 2.275, 0], "R": [1, 1, 1, 1, 1, 1, 1, 1, 1, 1, 1, 1, 1, 1, 1, 1, 1, 1, 1, 1, 1, 1, 1, 1, 1, 1, 0, 0, 0, 0, 0, 0, 0, 0, 0, 0, 0, 0, 0, 0, 0, 0, 0, 0, 0, 0, 0, 0, 0, 0, 0, 0]}