{"RTG": [30, 29, 28, 27, 26, 25, 24, 23, 22, 21, 20, 19, 18, 17, 16, 15, 14, 13, 12, 11, 10, 9, 8, 7, 6, 5, 4, 3, 2, 1, 0, 0, 0, 0, 0, 0, 0, 0, 0, 0, 0, 0, 0, 0, 0, 0, 0, 0, 0, 0, 0, 0], "S": [0, -0.593214709912086, -0.5681424030680832, 0.1642534074841468, -0.6092041357060602, 0.3680109104289028, 0.4949049722078865, 1.1832205329391008, 1.1914882796809394, -2.2383187886964397, 0.37011310999987346, 0.28265279438418606, 1.2766244561205646, 1.1485285121397457, 1.3006506431464921, 0.2326502036687028, 0.5754088667607283, 0.9438680768787604, -0.428093934136053, 1.2752776432954898, 0.5176853876426791, 0.2454218611888777, 1.66510693211448, 0.7866678583339837, 1.9421985709844345, 2.0751036904311593, 2.186387029405289, 0.8058072136235602, -1.4864591883310811, 0.8478622810701648, 0.41543750807331425, 2.648718288939445, 2.6462676611234475, 1.640461454575373, 0.6560959005237793, 0.7456394742923096, 0.08706900542463383, 1.2473233634412009, -0.5519999276125631, -0.49352352380335235, 0.42103107830772674, 1.1400171087098125, 0.7039863856329738, 0.7810947647226019, -0.6609873489373203, -1.2050087939706549, 1.2198638448838093, -0.1333343676888655, -0.8865485997154794, -0.4757085314032074, -0.7609918060846543, 0.5674801530142803], "A": [2.06, 0.0, 0.86, 0.96, 0.8200000000000001, 0.76, 0.66, 0.63, 1.32, 2.9, 3.06, 2.73, 2.69, 2.775, 2.5300000000000002, 3.22, 3.365, 3.465, 3.31, 4.3100000000000005, 4.45, 4.16, 4.125, 4.175, 4.1850000000000005, 4.2, 4.595, 3.835, 4.785, 4.93, 1.71, 1.685, 1.79, 0.29, 1.565, 2.305, 0.41500000000000004, 0.155, 3.65, 1.1300000000000001, 2.19, 4.695, 5.0, 1.92, 2.42, 0.495, 1.45, 3.935, 1.205, 3.5700000000000003, 2.985, 0], "R": [1, 1, 1, 1, 1, 1, 1, 1, 1, 1, 1, 1, 1, 1, 1, 1, 1, 1, 1, 1, 1, 1, 1, 1, 1, 1, 1, 1, 1, 1, 0, 0, 0, 0, 0, 0, 0, 0, 0, 0, 0, 0, 0, 0, 0, 0, 0, 0, 0, 0, 0, 0]}