{"RTG": [15, 14, 13, 12, 11, 10, 9, 8, 7, 6, 5, 4, 3, 2, 1, 0, 0, 0, 0, 0, 0, 0, 0, 0, 0, 0, 0, 0, 0, 0, 0, 0, 0, 0, 0, 0, 0, 0, 0, 0, 0, 0, 0, 0, 0, 0, 0, 0, 0, 0, 0, 0], "S": [0, 0.8219396147231978, 1.2457424006890583, 1.2450646428424186, -0.5681424030680832, 0.32211413453554105, -0.34907795486734916, 1.1031253948915591, 1.1571444090289609, 1.2008932538035024, 1.2218576619033426, 1.2790399283068352, 0.6560959005237793, 0.4903847194743459, -1.1212430247209308, 2.404467632602444, 2.6246497070519292, 2.6462676611234475, -0.3672731553529204, 1.9631888737933478, 0.3165938873653324, 1.8594942356609157, 0.7810947647226019, 0.7665022349198103, 0.7468985423979649, 1.1637413930916065, -0.17560713225483768, 1.3223751932371433, 0.35130374988897833, -1.1394990942280583, 0.718905993062926, -0.785730101527414, 0.016953564100676687, 0.6838990714313047, -0.6929902457178543, -0.6944213635994284, 0.9720001096732416, -0.36679091592001095, -1.0370239909719803, 0.7456394742923096, 0.42396904460622875, 0.43558581507364647, 0.290731299743892, 0.849990625769365, 0.7690116833676693, -1.2809619500582092, -2.18235760737755, -0.043400782201073435, -0.6833665323328018, 0.47240745786319704, -0.4448451563527119, -0.08361090576424757], "A": [3.375, 3.325, 3.29, 0.0, 0.835, 1.0050000000000001, 0.68, 0.61, 0.515, 0.44, 0.355, 0.29, 1.85, 1.995, 1.74, 1.715, 1.685, 1.435, 4.24, 4.32, 4.17, 5.0, 4.84, 4.67, 2.64, 2.5100000000000002, 2.765, 2.92, 3.79, 2.265, 1.22, 3.085, 4.54, 3.995, 3.595, 2.16, 0.13, 2.38, 1.565, 4.92, 1.11, 4.455, 2.835, 4.75, 3.895, 1.335, 3.1750000000000003, 3.5, 0.765, 3.69, 2.09, 0], "R": [1, 1, 1, 1, 1, 1, 1, 1, 1, 1, 1, 1, 1, 1, 1, 0, 0, 0, 0, 0, 0, 0, 0, 0, 0, 0, 0, 0, 0, 0, 0, 0, 0, 0, 0, 0, 0, 0, 0, 0, 0, 0, 0, 0, 0, 0, 0, 0, 0, 0, 0, 0]}