{"RTG": [22, 21, 20, 19, 18, 17, 16, 15, 14, 13, 12, 11, 10, 9, 8, 7, 6, 5, 4, 3, 2, 1, 0, 0, 0, 0, 0, 0, 0, 0, 0, 0, 0, 0, 0, 0, 0, 0, 0, 0, 0, 0, 0, 0, 0, 0, 0, 0, 0, 0, 0, 0], "S": [0, -1.8790008443431394, -0.5681424030680832, 0.8710105674086935, 1.1484487020849217, 1.0245921516336474, -0.20383592218805494, -0.7762351625212653, 0.8542846964258753, 0.5209078855902575, 0.7002211277137405, 0.6494093557430308, -0.2009931560051553, 1.1914882796809394, 1.1269664878719414, 0.920655627807069, 1.233874684983979, 1.2992127756900016, 0.8758965088053228, 1.1740795034056069, 1.3265893946558156, 0.9978997859167429, -0.7413584525528033, 2.648718288939445, 2.6462676611234475, 1.550053509588688, 0.5781725177034593, -0.6077964200381839, -0.46555971502504534, 2.014262628658444, 0.5188737380858635, 1.9631888737933478, -0.7011682182012821, 1.2699450427223564, -0.9952350182638754, 0.7554559803553068, -0.4836500766001137, 0.7810947647226019, 0.5143621100491487, 0.3954010906932002, -0.5526260678947568, -1.0370239909719803, 0.3409349855768263, -0.5441132825174866, 0.5033711967483209, 0.8192364636416227, -1.5157966450157259, 1.132872154906867, 0.10777792340828776, 2.1109965038009197, -0.11967095207937627, 0.5176853876426791], "A": [1.2750000000000001, 0.0, 2.15, 2.195, 2.235, 3.11, 3.95, 4.805, 4.89, 4.7, 4.525, 4.4, 0.63, 0.59, 0.705, 0.425, 0.38, 0.305, 2.7, 2.7600000000000002, 2.82, 3.515, 1.71, 1.685, 1.795, 1.55, 0.9500000000000001, 2.495, 4.18, 4.115, 4.24, 3.745, 3.3000000000000003, 1.955, 3.38, 0.145, 5.0, 2.97, 1.095, 1.425, 2.38, 0.8300000000000001, 3.6350000000000002, 3.215, 4.605, 3.85, 2.595, 1.17, 1.6400000000000001, 0.07, 4.3100000000000005, 0], "R": [1, 1, 1, 1, 1, 1, 1, 1, 1, 1, 1, 1, 1, 1, 1, 1, 1, 1, 1, 1, 1, 1, 0, 0, 0, 0, 0, 0, 0, 0, 0, 0, 0, 0, 0, 0, 0, 0, 0, 0, 0, 0, 0, 0, 0, 0, 0, 0, 0, 0, 0, 0]}