{"RTG": [32, 31, 30, 29, 28, 27, 26, 25, 24, 23, 22, 21, 20, 19, 18, 17, 16, 15, 14, 13, 12, 11, 10, 9, 8, 7, 6, 5, 4, 3, 2, 1, 0, 0, 0, 0, 0, 0, 0, 0, 0, 0, 0, 0, 0, 0, 0, 0, 0, 0, 0, 0], "S": [0, 0.23008588075507877, -0.9737435211646027, 0.37144358779605585, 1.1678514241253621, 1.2198638448838093, 1.2473233634412009, 1.2417797507923742, 0.06518168505993671, -1.1442504439522712, 1.0093963694162764, 1.2256976844807996, 0.5392684839855656, 1.620324142494948, 0.8479373402835767, 1.9631888737933478, 2.1300292046727938, 0.8259366669938637, 0.7824357235715943, 0.4179323833926717, 0.9001162474095208, 0.4721344441138844, 1.1485285121397457, -0.5973820916024358, -1.054315683292044, -1.1394990942280583, -0.5681424030680832, 1.0675806827655183, 0.6594579003937963, 0.35049370059763607, 2.2787485889783183, 1.899839506890742, 2.510577190859736, 2.648718288939445, 1.1065611909486615, -0.6874175835325607, -0.6772614302070163, -0.08257389710244357, 0.5928665680352182, 0.7810947647226019, 0.7817142987958644, 0.35607588040206334, -1.1083866239228302, -0.22043538557598594, -0.08361090576424757, 0.13123823407706264, -0.17560713225483768, -1.3264683727487805, 0.8036415820234936, -0.7057535105063594, 1.201293032425701, 0.14065031128985822], "A": [1.49, 1.405, 1.52, 0.535, 0.495, 0.41500000000000004, 0.34500000000000003, 0.255, 2.395, 3.255, 3.33, 3.395, 4.26, 4.295, 4.24, 4.225, 4.615, 4.755, 4.925, 2.83, 2.96, 2.69, 0.9450000000000001, 1.965, 3.79, 0.0, 2.585, 0.735, 1.145, 1.75, 1.7750000000000001, 1.73, 1.71, 2.18, 3.99, 3.6, 3.095, 4.505, 5.0, 2.2600000000000002, 0.8250000000000001, 1.235, 0.11, 2.09, 1.055, 2.5100000000000002, 3.89, 4.83, 3.505, 0.645, 4.1, 0], "R": [1, 1, 1, 1, 1, 1, 1, 1, 1, 1, 1, 1, 1, 1, 1, 1, 1, 1, 1, 1, 1, 1, 1, 1, 1, 1, 1, 1, 1, 1, 1, 1, 0, 0, 0, 0, 0, 0, 0, 0, 0, 0, 0, 0, 0, 0, 0, 0, 0, 0, 0, 0]}