{"RTG": [15, 14, 13, 12, 11, 10, 9, 8, 7, 6, 5, 4, 3, 2, 1, 0, 0, 0, 0, 0, 0, 0, 0, 0, 0, 0, 0, 0, 0, 0, 0, 0, 0, 0, 0, 0, 0, 0, 0, 0, 0, 0, 0, 0, 0, 0, 0, 0, 0, 0, 0, 0], "S": [0, 0.2318331862051065, 1.2256976844807996, 1.2699450427223564, -0.5681424030680832, 0.2045054376024882, 0.0866432673157289, 1.1929647133334638, 1.1398863076022887, 1.2207514698396822, 1.2636906207954577, 1.10297997475711, 0.7439499693117351, -0.48797384671598903, 0.37144358779605585, 2.6194882783227276, 2.665056914615652, 1.7290264375923594, 1.3027192822091056, -0.2009931560051553, 1.66510693211448, -0.7254372327259607, 0.3327416839338406, 1.3049009603131116, 0.5668338030505861, 0.1748996278641049, 0.7810947647226019, 0.7665022349198103, 0.7468985423979649, -0.26302149708902195, -1.8790008443431394, -0.5344493610789871, 0.17769761202432371, 1.1464646165049321, 0.7181670574127406, -0.8754740322537258, -1.503718626120767, -0.7253309927571581, -1.1987220633160474, 1.1484487020849217, -0.0968313948440262, 0.42396904460622875, -0.6092041357060602, 0.49351587614176184, 0.3146398464699526, 2.1880040451103517, -0.7568219640141731, 0.7690116833676693, -0.1444384360798626, 1.723220249425911, 0.5061761088750564, -0.8455440470023323], "A": [3.415, 3.33, 3.3000000000000003, 0.0, 0.855, 1.05, 0.655, 0.6, 0.465, 0.405, 0.325, 0.725, 0.215, 1.52, 1.68, 1.705, 1.7850000000000001, 4.275, 4.4, 4.16, 4.025, 2.535, 2.74, 2.865, 2.3000000000000003, 5.0, 4.84, 4.67, 2.08, 1.2750000000000001, 3.72, 3.0700000000000003, 2.65, 4.555, 1.94, 3.86, 3.585, 2.41, 2.195, 3.17, 4.92, 0.96, 2.965, 1.1500000000000001, 4.215, 1.415, 4.75, 0.095, 1.62, 4.485, 3.94, 0], "R": [1, 1, 1, 1, 1, 1, 1, 1, 1, 1, 1, 1, 1, 1, 1, 0, 0, 0, 0, 0, 0, 0, 0, 0, 0, 0, 0, 0, 0, 0, 0, 0, 0, 0, 0, 0, 0, 0, 0, 0, 0, 0, 0, 0, 0, 0, 0, 0, 0, 0, 0, 0]}