{"RTG": [28, 27, 26, 25, 24, 23, 22, 21, 20, 19, 18, 17, 16, 15, 14, 13, 12, 11, 10, 9, 8, 7, 6, 5, 4, 3, 2, 1, 0, 0, 0, 0, 0, 0, 0, 0, 0, 0, 0, 0, 0, 0, 0, 0, 0, 0, 0, 0, 0, 0, 0, 0], "S": [0, 0.5241625713457142, -0.6399272688825074, 0.8492731788192288, 1.024040463667378, 1.1551915578798113, 1.1686108490458247, 0.7014264433005017, 1.3223751932371433, 0.17769761202432371, 1.2752776432954898, 1.0487836559167683, 1.0093963694162764, -0.5681424030680832, 0.2992456858903939, -0.2543664896025655, 1.1514880559381484, 1.1398863076022887, 1.2230482233664581, 1.2552709899027514, 1.0000009442743154, 2.199560797986056, 1.9631888737933478, 1.9421985709844345, 0.7810947647226019, 0.6977617291854273, 0.7360187314858049, 0.6726275675323473, 2.510577190859736, 2.6732740673741575, 2.4252267062251835, -0.7011682182012821, -0.08361090576424757, -2.2383187886964397, -0.7202755602478425, -0.6238152741688394, 0.9858819527773454, -0.7762990261304845, -0.9785792591984844, 0.3027282790335336, 0.35049370059763607, 0.002822489698097361, 0.8085877969105064, 0.4949049722078865, 1.0814212867534516, 0.5674801530142803, -0.7119997492397336, -0.47945674206180294, 0.421746209599056, 0.979413961857978, -0.6800648534759454, -0.11299887448909537], "A": [2.545, 2.485, 2.565, 2.58, 2.6, 2.8000000000000003, 2.85, 2.765, 3.0700000000000003, 3.31, 3.355, 3.255, 0.0, 0.84, 1.0150000000000001, 0.67, 0.6, 0.48, 0.41000000000000003, 0.315, 4.21, 4.24, 4.175, 5.0, 4.855, 4.675, 4.535, 1.73, 1.7, 1.6600000000000001, 3.745, 2.09, 1.32, 1.925, 0.17, 2.24, 3.56, 3.9250000000000003, 1.5050000000000001, 1.145, 4.425, 4.765, 0.76, 2.1750000000000003, 2.985, 4.035, 3.6550000000000002, 4.94, 1.825, 1.215, 0.08, 0], "R": [1, 1, 1, 1, 1, 1, 1, 1, 1, 1, 1, 1, 1, 1, 1, 1, 1, 1, 1, 1, 1, 1, 1, 1, 1, 1, 1, 1, 0, 0, 0, 0, 0, 0, 0, 0, 0, 0, 0, 0, 0, 0, 0, 0, 0, 0, 0, 0, 0, 0, 0, 0]}