{"RTG": [24, 23, 22, 21, 20, 19, 18, 17, 16, 15, 14, 13, 12, 11, 10, 9, 8, 7, 6, 5, 4, 3, 2, 1, 0, 0, 0, 0, 0, 0, 0, 0, 0, 0, 0, 0, 0, 0, 0, 0, 0, 0, 0, 0, 0, 0, 0, 0, 0, 0, 0, 0], "S": [0, -2.2300291363965816, -0.5681424030680832, 1.151436074096337, 0.9858819527773454, 0.8710105674086935, -0.1275144827788334, -1.0282492849914124, 0.8085877969105064, 0.672534868209102, 0.8095437992284806, 0.6369849008242138, -0.23905034826659827, 0.7810947647226019, 1.1988872073150763, 1.0392373462346414, 1.1327279928260916, 1.2473233634412009, 1.3014072903111207, 0.6560959005237793, 1.189694727779941, 1.3265893946558156, 0.9978997859167429, -0.5960565376578272, 2.404467632602444, 2.648718288939445, 2.6194882783227276, -0.5856257424616661, -0.37205149742952043, 1.555179369689812, 1.2009822841548368, -0.2767185250323555, 2.084491255479688, -0.47432048764582246, -0.8275862870460531, 0.4573498151461132, 0.4327458304589763, 0.9985969048852414, 0.5143621100491487, -0.4064917918700017, 0.32211413453554105, -1.0785053980520602, -1.2849974428615545, -0.6772614302070163, -0.4757085314032074, 1.1551915578798113, 0.2847659930484283, -0.2050297928400839, 0.421746209599056, -0.9092916740966068, 0.2454218611888777, 0.8814861408638388], "A": [1.325, 0.0, 2.2, 2.24, 2.15, 3.1, 3.92, 4.765, 4.86, 4.64, 4.5200000000000005, 4.365, 5.0, 0.65, 0.6900000000000001, 0.595, 0.41500000000000004, 0.37, 0.29, 2.705, 2.7600000000000002, 2.82, 3.485, 1.74, 1.71, 1.68, 0.97, 2.5, 4.155, 3.2800000000000002, 4.08, 4.23, 3.705, 1.935, 1.5350000000000001, 1.125, 3.36, 2.97, 0.135, 0.835, 2.3850000000000002, 3.805, 3.6, 1.205, 2.6, 3.2, 1.445, 4.94, 2.035, 4.45, 1.83, 0], "R": [1, 1, 1, 1, 1, 1, 1, 1, 1, 1, 1, 1, 1, 1, 1, 1, 1, 1, 1, 1, 1, 1, 1, 1, 0, 0, 0, 0, 0, 0, 0, 0, 0, 0, 0, 0, 0, 0, 0, 0, 0, 0, 0, 0, 0, 0, 0, 0, 0, 0, 0, 0]}