{"RTG": [26, 25, 24, 23, 22, 21, 20, 19, 18, 17, 16, 15, 14, 13, 12, 11, 10, 9, 8, 7, 6, 5, 4, 3, 2, 1, 0, 0, 0, 0, 0, 0, 0, 0, 0, 0, 0, 0, 0, 0, 0, 0, 0, 0, 0, 0, 0, 0, 0, 0, 0, 0], "S": [0, 1.1870405829024617, 0.14065031128985822, 1.555179369689812, 1.7668558624147594, 1.9421985709844345, 2.0751036904311593, 2.186387029405289, -0.5681424030680832, 0.27208023610146237, 0.0866432673157289, 1.1971315791461121, 1.1935643644957392, 1.3014072903111207, 0.06518168505993671, -2.2362571854591744, 1.0814212867534516, 0.26116185121244917, -0.7349959441494497, -0.26899053000129997, 0.7810947647226019, 0.6977617291854273, 0.7259718516629005, -0.7506979107943184, 1.2766244561205646, 0.849990625769365, 1.1712103381729184, 2.6462676611234475, 2.648718288939445, 1.4202812468229182, 0.6951830673805045, 1.0942090702771463, -1.2384763947727195, -0.7197448335686071, 0.5340475232331015, 0.783357385465521, -0.1336677750241096, 0.7008456084275234, 1.0567075262404362, -0.32750870905583246, 0.22387517807153576, 0.8205579041063652, 0.09060725392395028, 0.290731299743892, 1.2218576619033426, -0.44151905624948234, -0.5973820916024358, -0.8275862870460531, 1.129227959703775, 0.37860667503134976, 0.421746209599056, -1.182399402186969], "A": [4.14, 4.1, 4.155, 4.165, 4.175, 4.1850000000000005, 4.2, 0.0, 0.845, 1.05, 0.635, 0.52, 0.37, 0.255, 1.315, 2.1750000000000003, 2.295, 2.05, 3.145, 5.0, 4.855, 4.68, 3.575, 2.73, 2.835, 2.605, 1.685, 1.71, 1.605, 4.545, 3.35, 3.8000000000000003, 2.48, 2.975, 1.835, 3.44, 0.73, 3.2600000000000002, 0.125, 1.16, 4.7700000000000005, 1.47, 4.455, 0.44, 3.685, 0.9450000000000001, 1.935, 2.665, 3.0500000000000003, 4.94, 3.9050000000000002, 0], "R": [1, 1, 1, 1, 1, 1, 1, 1, 1, 1, 1, 1, 1, 1, 1, 1, 1, 1, 1, 1, 1, 1, 1, 1, 1, 1, 0, 0, 0, 0, 0, 0, 0, 0, 0, 0, 0, 0, 0, 0, 0, 0, 0, 0, 0, 0, 0, 0, 0, 0, 0, 0]}