{"RTG": [26, 25, 24, 23, 22, 21, 20, 19, 18, 17, 16, 15, 14, 13, 12, 11, 10, 9, 8, 7, 6, 5, 4, 3, 2, 1, 0, 0, 0, 0, 0, 0, 0, 0, 0, 0, 0, 0, 0, 0, 0, 0, 0, 0, 0, 0, 0, 0, 0, 0, 0, 0], "S": [0, -0.5157422423457501, -0.5681424030680832, 0.1642534074841468, -0.6092041357060602, 0.3680109104289028, 0.4949049722078865, 1.1832205329391008, 1.1914882796809394, -2.2383187886964397, 0.35893135363273554, 0.23093654685116718, 1.2918036410372127, 1.1602292902251623, 1.2829686885252671, 0.028266080697662052, 0.8429601913364685, 1.1347072427156868, 0.00646266035523254, 1.275078842405209, 0.8479373402835767, -0.22824474011416213, 2.199560797986056, 2.0751036904311593, 0.7970323007868108, 0.7558657355637947, 0.44580020575484075, 2.6246497070519292, 2.6640935024130794, 1.8238428669741287, -1.1394990942280583, 0.6560959005237793, 0.1748996278641049, 0.02348309645291035, 1.2473233634412009, -0.6878780468282619, -0.5519999276125631, -0.6016781995881259, 0.7810947647226019, 0.42103107830772674, 1.1400171087098125, 0.16883208745421255, 0.6090386641418352, -1.204898730905284, 1.2198638448838093, 0.8316743936656834, -0.4757085314032074, -1.3684260504266743, -1.054315683292044, -0.2767185250323555, 0.5800560575903002, -0.4513534362588481], "A": [2.065, 0.0, 0.86, 0.96, 0.8200000000000001, 0.76, 0.66, 0.63, 1.32, 2.9050000000000002, 3.065, 2.735, 2.695, 2.7800000000000002, 2.52, 3.24, 3.345, 3.43, 3.305, 4.295, 4.3950000000000005, 4.21, 4.1850000000000005, 4.59, 4.745, 4.91, 1.715, 1.69, 1.625, 3.79, 0.29, 2.3000000000000003, 1.875, 0.41500000000000004, 3.975, 0.155, 3.62, 5.0, 1.1300000000000001, 2.19, 1.48, 4.51, 2.415, 0.495, 4.82, 1.205, 3.8850000000000002, 1.965, 4.08, 2.99, 3.6950000000000003, 0], "R": [1, 1, 1, 1, 1, 1, 1, 1, 1, 1, 1, 1, 1, 1, 1, 1, 1, 1, 1, 1, 1, 1, 1, 1, 1, 1, 0, 0, 0, 0, 0, 0, 0, 0, 0, 0, 0, 0, 0, 0, 0, 0, 0, 0, 0, 0, 0, 0, 0, 0, 0, 0]}