{"RTG": [25, 24, 23, 22, 21, 20, 19, 18, 17, 16, 15, 14, 13, 12, 11, 10, 9, 8, 7, 6, 5, 4, 3, 2, 1, 0, 0, 0, 0, 0, 0, 0, 0, 0, 0, 0, 0, 0, 0, 0, 0, 0, 0, 0, 0, 0, 0, 0, 0, 0, 0, 0], "S": [0, -0.6211852992102556, -0.5681424030680832, 0.1642534074841468, -0.6092041357060602, 0.3680109104289028, 0.4949049722078865, 1.1832205329391008, 1.1914882796809394, -2.2383187886964397, 1.0814212867534516, 1.0245921516336474, -0.4345148689017537, 0.290731299743892, 0.8216524061744304, 0.7216939239772742, 0.5209078855902575, 0.7810947647226019, 1.8063011458935552, 2.1880040451103517, 2.124266822246258, 0.3659378656084991, 1.3049009603131116, 1.1795391579642154, -0.6399272688825074, -0.28174751465887515, 2.6732740673741575, 2.583789023717434, 2.2787485889783183, 0.6560959005237793, -1.488154407535072, 0.8848719625808373, 1.2473233634412009, -0.4758467683438055, 1.1380356008066348, 0.3971961720618536, -0.5519999276125631, 0.42103107830772674, -0.3881858065598431, 0.9001162474095208, -0.7213851175583837, -0.5915936314210155, -0.7495170589353438, 0.6838990714313047, 1.2198638448838093, 0.5243572241097797, -0.5765074546122056, 0.8494306260888944, -0.28307668106601713, 0.8492731788192288, -0.11355670144341846, -0.23905034826659827], "A": [3.615, 0.0, 0.86, 0.96, 0.8200000000000001, 0.76, 0.66, 0.63, 1.32, 2.1750000000000003, 2.235, 2.07, 4.455, 4.63, 4.73, 4.89, 5.0, 4.25, 4.215, 4.19, 2.93, 2.74, 2.63, 2.485, 3.14, 1.7, 1.675, 1.75, 0.29, 3.865, 3.37, 0.41500000000000004, 3.47, 3.27, 1.5250000000000001, 0.155, 1.1300000000000001, 1.9000000000000001, 2.83, 4.015, 3.73, 2.355, 4.54, 0.495, 3.0300000000000002, 1.21, 4.8100000000000005, 1.44, 2.565, 0.075, 4.365, 0], "R": [1, 1, 1, 1, 1, 1, 1, 1, 1, 1, 1, 1, 1, 1, 1, 1, 1, 1, 1, 1, 1, 1, 1, 1, 1, 0, 0, 0, 0, 0, 0, 0, 0, 0, 0, 0, 0, 0, 0, 0, 0, 0, 0, 0, 0, 0, 0, 0, 0, 0, 0, 0]}