{"RTG": [25, 24, 23, 22, 21, 20, 19, 18, 17, 16, 15, 14, 13, 12, 11, 10, 9, 8, 7, 6, 5, 4, 3, 2, 1, 0, 0, 0, 0, 0, 0, 0, 0, 0, 0, 0, 0, 0, 0, 0, 0, 0, 0, 0, 0, 0, 0, 0, 0, 0, 0, 0], "S": [0, -0.9311057892287455, -0.5681424030680832, 0.1642534074841468, -0.6092041357060602, 0.3680109104289028, 0.4949049722078865, 1.1832205329391008, 1.1914882796809394, -2.2383187886964397, 1.0814212867534516, 1.0245921516336474, -0.4345148689017537, 0.8313089284247416, 0.6206059075296275, 0.780918615055049, 0.6369849008242138, -0.2679591565011226, 0.12372982621026657, 1.2450646428424186, 1.2256976844807996, -0.1336677750241096, 0.7014264433005017, 1.2918036410372127, 1.1485285121397457, -0.17560713225483768, 2.6730387989219673, 2.593288167724146, 2.1109965038009197, 0.6560959005237793, -0.4448451563527119, 1.66510693211448, -0.18412100953310084, 2.084491255479688, 1.2473233634412009, 0.7810947647226019, 0.1134268335735682, -0.5519999276125631, 0.42103107830772674, -0.9899543682703261, 0.23008588075507877, 0.5143621100491487, -1.2849974428615545, -0.7506979107943184, 1.2198638448838093, 0.015058671514919365, -0.4757085314032074, 1.132872154906867, -1.0269167683512421, 0.7871845460010397, 0.4307974516011793, -0.11355670144341846], "A": [3.93, 0.0, 0.86, 0.96, 0.8200000000000001, 0.76, 0.66, 0.63, 1.32, 2.1750000000000003, 2.235, 2.07, 4.775, 4.87, 4.655, 4.5200000000000005, 4.375, 3.075, 3.29, 3.33, 3.44, 2.85, 2.735, 2.69, 2.5100000000000002, 1.695, 1.72, 1.6400000000000001, 0.29, 3.69, 4.16, 4.085, 4.23, 0.41500000000000004, 5.0, 1.87, 0.155, 1.1300000000000001, 2.375, 1.49, 2.97, 3.805, 3.575, 0.495, 3.18, 1.205, 2.595, 1.96, 4.585, 4.945, 0.075, 0], "R": [1, 1, 1, 1, 1, 1, 1, 1, 1, 1, 1, 1, 1, 1, 1, 1, 1, 1, 1, 1, 1, 1, 1, 1, 1, 0, 0, 0, 0, 0, 0, 0, 0, 0, 0, 0, 0, 0, 0, 0, 0, 0, 0, 0, 0, 0, 0, 0, 0, 0, 0, 0]}