{"RTG": [28, 27, 26, 25, 24, 23, 22, 21, 20, 19, 18, 17, 16, 15, 14, 13, 12, 11, 10, 9, 8, 7, 6, 5, 4, 3, 2, 1, 0, 0, 0, 0, 0, 0, 0, 0, 0, 0, 0, 0, 0, 0, 0, 0, 0, 0, 0, 0, 0, 0, 0, 0], "S": [0, 1.314995406442874, 0.26206678582391096, 1.66510693211448, 1.8594942356609157, 2.014262628658444, 2.124266822246258, -1.4647684387382283, -0.5681424030680832, 0.27208023610146237, 0.0866432673157289, 1.2005613140987013, 1.185463162109889, 1.2992127756900016, 0.2360780316584261, -2.2362571854591744, 1.0814212867534516, 0.26116185121244917, -0.7349959441494497, 0.3321029361393006, 0.9578542139492628, 0.6858565367473983, 0.7997946265823738, 1.1602292902251623, 0.9147600389067359, 0.7810947647226019, 0.6977617291854273, 0.7259718516629005, 0.6838990714313047, 2.6462676611234475, 2.648718288939445, 1.4202812468229182, -0.7762990261304845, 0.783357385465521, -1.0754068804073755, 0.6594579003937963, 0.4109152650008146, -0.36679091592001095, 0.14978629205510915, 0.22387517807153576, -0.1861306929802691, -0.44151905624948234, 0.8205579041063652, 0.09060725392395028, -0.5973820916024358, 1.2192840698341836, -0.8275862870460531, 1.260659837942881, 1.3223751932371433, 0.421746209599056, -0.9785792591984844, 1.05823352995558], "A": [4.1450000000000005, 4.105, 4.16, 4.17, 4.18, 4.19, 3.83, 0.0, 0.845, 1.05, 0.64, 0.525, 0.38, 0.265, 1.315, 2.1750000000000003, 2.295, 2.05, 3.055, 3.25, 3.3850000000000002, 2.84, 2.695, 2.57, 5.0, 4.855, 4.68, 4.54, 1.685, 1.71, 1.605, 3.56, 1.835, 2.45, 0.735, 2.945, 0.13, 4.44, 1.16, 3.16, 3.685, 4.7700000000000005, 1.47, 0.9450000000000001, 0.45, 1.935, 3.3200000000000003, 2.765, 4.94, 3.9250000000000003, 2.23, 0], "R": [1, 1, 1, 1, 1, 1, 1, 1, 1, 1, 1, 1, 1, 1, 1, 1, 1, 1, 1, 1, 1, 1, 1, 1, 1, 1, 1, 1, 0, 0, 0, 0, 0, 0, 0, 0, 0, 0, 0, 0, 0, 0, 0, 0, 0, 0, 0, 0, 0, 0, 0, 0]}