{"RTG": [51, 50, 49, 48, 47, 46, 45, 44, 43, 42, 41, 40, 39, 38, 37, 36, 35, 34, 33, 32, 31, 30, 29, 28, 27, 26, 25, 24, 23, 22, 21, 20, 19, 18, 17, 16, 15, 14, 13, 12, 11, 10, 9, 8, 7, 6, 5, 4, 3, 2, 1, 0], "S": [0, 0.22387517807153576, 0.28719849522687874, -0.5856257424616661, 0.43558581507364647, -0.5681424030680832, -0.7349959441494497, 0.35130374988897833, 0.591106254339909, 0.12372982621026657, -0.9311057892287455, 0.8405098459569589, 0.8188852879171115, 0.7259718516629005, 0.4166613326088767, 0.7299093747335014, 0.37416928039478276, 1.221849818761846, 1.176806974670785, 1.2552709899027514, 1.2154017406227207, -0.17547507025194733, -0.6399272688825074, 1.8238428669741287, 1.1345633600572884, 2.198622511720558, 2.356485375892664, 2.486335711065681, 2.6194882783227276, -0.7250333914407979, 2.1646963807230764, 1.555179369689812, 0.8479373402835767, 0.6203485783512641, 1.1740795034056069, 0.6517420719044649, -0.5344493610789871, 1.275078842405209, -0.2319763522557701, 1.187614098414235, 0.7143651627474831, -1.968180204763193, 1.0814212867534516, 0.5392684839855656, 0.3409349855768263, 1.2033515197286617, -1.4056490068099121, -0.1908265540465092, 0.7810947647226019, -0.6737740081427814, -0.6016781995881259, -0.9374506081177982], "A": [1.16, 1.075, 0.97, 1.11, 0.0, 2.05, 2.92, 3.0100000000000002, 3.075, 3.93, 4.78, 4.825, 4.68, 4.9350000000000005, 4.5600000000000005, 4.465, 0.49, 0.53, 0.41000000000000003, 0.34, 0.24, 2.485, 1.625, 1.59, 1.645, 1.655, 1.665, 1.68, 3.5100000000000002, 4.22, 4.155, 4.295, 0.74, 2.7, 2.27, 3.72, 3.305, 1.8900000000000001, 2.62, 3.23, 1.355, 2.1750000000000003, 3.395, 0.8300000000000001, 2.795, 3.8200000000000003, 0.105, 5.0, 4.045, 3.62, 2.37, 0], "R": [1, 1, 1, 1, 1, 1, 1, 1, 1, 1, 1, 1, 1, 1, 1, 1, 1, 1, 1, 1, 1, 1, 1, 1, 1, 1, 1, 1, 1, 1, 1, 1, 1, 1, 1, 1, 1, 1, 1, 1, 1, 1, 1, 1, 1, 1, 1, 1, 1, 1, 1, 0]}