{"RTG": [8, 7, 6, 5, 4, 3, 2, 1, 0, 0, 0, 0, 0, 0, 0, 0, 0, 0, 0, 0, 0, 0, 0, 0, 0, 0, 0, 0, 0, 0, 0, 0, 0, 0, 0, 0, 0, 0, 0, 0, 0, 0, 0, 0, 0, 0, 0, 0, 0, 0, 0, 0], "S": [0, -0.4064917918700017, -0.5088549283725726, 0.6852842044098775, -0.2319763522557701, 1.0768972333907842, 1.4579884778504881, 2.2787485889783183, 2.5551020877188306, 2.6732740673741575, 1.2829686885252671, 0.35893135363273554, 1.1464646165049321, -0.7197448335686071, -0.5915936314210155, 0.7652276639764811, 0.7318721648963916, -0.2009931560051553, 0.42396904460622875, 1.2599255689740672, -0.0968313948440262, 0.2318331862051065, 1.1348906924437472, 1.072987484673177, 1.2722439051238437, -0.3605851279422107, -2.019375394177136, 1.0867645302829678, 0.384592971877546, 0.7332462169914621, -1.182399402186969, 2.0286591678260097, -0.18008420118012206, 0.6068916248446233, -0.5681424030680832, -0.7506979107943184, 2.0751036904311593, 0.7810947647226019, -0.06805584798382577, 0.5243572241097797, 0.43977288007454873, 0.780918615055049, 1.2226063038826296, 1.2243412031117622, 0.8188852879171115, -0.14312843906774736, -1.3691595699046264, 0.5176853876426791, 0.493019990916102, 0.8492731788192288, -0.11157989388860974, 1.0942090702771463], "A": [0.135, 0.985, 1.84, 1.8900000000000001, 1.82, 1.8, 1.75, 1.725, 1.7, 2.7800000000000002, 2.9050000000000002, 2.65, 2.48, 3.73, 4.575, 4.735, 4.4, 4.92, 3.295, 3.17, 3.415, 0.555, 0.685, 0.4, 4.075, 1.285, 2.225, 0.81, 0.295, 3.9050000000000002, 4.235, 2.32, 2.13, 0.0, 3.575, 4.1850000000000005, 5.0, 1.455, 3.0300000000000002, 1.115, 4.655, 0.47500000000000003, 2.715, 4.825, 0.89, 3.815, 4.3100000000000005, 1.54, 2.565, 1.185, 3.35, 0], "R": [1, 1, 1, 1, 1, 1, 1, 1, 0, 0, 0, 0, 0, 0, 0, 0, 0, 0, 0, 0, 0, 0, 0, 0, 0, 0, 0, 0, 0, 0, 0, 0, 0, 0, 0, 0, 0, 0, 0, 0, 0, 0, 0, 0, 0, 0, 0, 0, 0, 0, 0, 0]}