{"RTG": [29, 28, 27, 26, 25, 24, 23, 22, 21, 20, 19, 18, 17, 16, 15, 14, 13, 12, 11, 10, 9, 8, 7, 6, 5, 4, 3, 2, 1, 0, 0, 0, 0, 0, 0, 0, 0, 0, 0, 0, 0, 0, 0, 0, 0, 0, 0, 0, 0, 0, 0, 0], "S": [0, 0.30905408296601417, -0.5960565376578272, 0.7554559803553068, 0.9985969048852414, 1.1701627407828141, 1.2752776432954898, 0.17769761202432371, 1.0887396232185838, 1.3049009603131116, 1.1392762323358923, -0.2751600190638433, -0.5681424030680832, 0.2992456858903939, -0.2543664896025655, 1.1293561077306389, 1.14814577970639, 1.221849818761846, 1.240122479297734, 1.10297997475711, -0.4371655090445092, 0.0596368921205919, 0.7871845460010397, 0.7039863856329738, 0.6977617291854273, 0.6452690930094037, -0.5574404173745552, 2.2096243099566566, 1.7290264375923594, 2.4602044790854074, 2.6246497070519292, 2.583789023717434, 1.151436074096337, -0.17397932286250575, -0.0017655707758112728, -2.019375394177136, -1.1394990942280583, 0.37416928039478276, 0.4109152650008146, 2.186387029405289, -0.06805584798382577, 1.9631888737933478, 0.42103107830772674, -0.4570567081919362, -0.9785792591984844, -0.1444384360798626, 0.4949049722078865, 0.8405098459569589, -1.0773133856651251, -1.1987220633160474, -0.22095008144629988, 1.132872154906867], "A": [3.41, 3.485, 3.38, 3.36, 3.34, 3.31, 3.0700000000000003, 2.81, 2.74, 2.685, 2.505, 0.0, 0.84, 1.0150000000000001, 0.675, 0.605, 0.49, 0.42, 0.325, 0.22, 4.335, 4.585, 4.695, 4.855, 4.985, 4.0600000000000005, 1.7550000000000001, 1.7850000000000001, 1.735, 1.715, 1.675, 2.2, 2.085, 2.31, 1.285, 3.79, 4.465, 2.945, 4.2, 1.455, 4.24, 1.1300000000000001, 3.665, 3.9250000000000003, 0.095, 0.76, 4.78, 1.97, 2.41, 3.1550000000000002, 2.595, 0], "R": [1, 1, 1, 1, 1, 1, 1, 1, 1, 1, 1, 1, 1, 1, 1, 1, 1, 1, 1, 1, 1, 1, 1, 1, 1, 1, 1, 1, 1, 0, 0, 0, 0, 0, 0, 0, 0, 0, 0, 0, 0, 0, 0, 0, 0, 0, 0, 0, 0, 0, 0, 0]}