{"RTG": [37, 36, 35, 34, 33, 32, 31, 30, 29, 28, 27, 26, 25, 24, 23, 22, 21, 20, 19, 18, 17, 16, 15, 14, 13, 12, 11, 10, 9, 8, 7, 6, 5, 4, 3, 2, 1, 0, 0, 0, 0, 0, 0, 0, 0, 0, 0, 0, 0, 0, 0, 0], "S": [0, 0.040343652882350874, -0.08708410671312418, 0.04047799628533581, -1.3062435570172963, 0.438911988125878, 0.6203485783512641, 1.1031253948915591, 1.201293032425701, 1.2228604805951775, 1.2247109249108254, 1.183550878322407, 0.06518168505993671, 1.3016856375865116, 0.8934834654088644, -0.6019000811690085, 1.1065611909486615, 0.5033711967483209, 0.9985969048852414, -0.2620302510306252, 1.275078842405209, 0.41465958780389967, 0.41171617023787066, 1.1870405829024617, -0.2767185250323555, 1.8594942356609157, 2.0751036904311593, 2.1990799042829505, 0.8259366669938637, -1.4864591883310811, 0.8560300178421365, 0.4307974516011793, 1.2033515197286617, 0.35215098025751895, 1.1326765301622912, 1.0768972333907842, -0.8754740322537258, 2.593288167724146, 2.6640935024130794, 1.6217806950522773, -0.5681424030680832, 0.6137687486908822, -0.5091648528801574, 0.3321029361393006, 0.6989865678173576, -0.35007698439985496, 0.7810947647226019, -0.16532530793633957, -0.8626716533395865, 0.2560876713757903, -0.5915936314210155, 0.6838990714313047], "A": [1.045, 0.885, 1.175, 1.3900000000000001, 1.12, 0.74, 0.68, 0.645, 0.485, 0.435, 0.335, 0.255, 0.375, 2.25, 2.345, 2.18, 3.215, 3.36, 3.45, 3.305, 4.315, 4.47, 4.14, 4.08, 4.17, 4.1850000000000005, 4.205, 4.615, 3.835, 4.795, 4.945, 2.795, 2.91, 2.68, 1.82, 1.94, 1.72, 1.69, 1.615, 0.0, 2.5500000000000003, 3.645, 3.055, 4.71, 2.075, 5.0, 0.1, 2.47, 1.495, 3.73, 4.54, 0], "R": [1, 1, 1, 1, 1, 1, 1, 1, 1, 1, 1, 1, 1, 1, 1, 1, 1, 1, 1, 1, 1, 1, 1, 1, 1, 1, 1, 1, 1, 1, 1, 1, 1, 1, 1, 1, 1, 0, 0, 0, 0, 0, 0, 0, 0, 0, 0, 0, 0, 0, 0, 0]}