{"RTG": [26, 25, 24, 23, 22, 21, 20, 19, 18, 17, 16, 15, 14, 13, 12, 11, 10, 9, 8, 7, 6, 5, 4, 3, 2, 1, 0, 0, 0, 0, 0, 0, 0, 0, 0, 0, 0, 0, 0, 0, 0, 0, 0, 0, 0, 0, 0, 0, 0, 0, 0, 0], "S": [0, -0.8455440470023323, -0.5681424030680832, 0.1642534074841468, -0.6092041357060602, 0.3680109104289028, 0.4949049722078865, 1.1832205329391008, 1.1914882796809394, -2.2383187886964397, 1.0814212867534516, 1.0245921516336474, -0.4345148689017537, 0.016953564100676687, 0.7554559803553068, -0.5960565376578272, 1.275078842405209, 1.0567075262404362, 1.1686108490458247, 1.3153844260682281, 1.1392762323358923, -0.074182758754499, 0.8564619056302556, 0.47891439095336297, 0.7170916018157362, 0.6369849008242138, -0.2695911284410121, 2.6730387989219673, 2.593288167724146, 2.1109965038009197, 0.6560959005237793, 1.7668558624147594, 0.025247930055477295, 2.0286591678260097, -0.5915936314210155, 1.2473233634412009, 0.4109152650008146, 0.1134268335735682, -0.5519999276125631, 0.42103107830772674, 0.7810947647226019, -1.0370239909719803, 0.23008588075507877, -0.6016781995881259, 1.2198638448838093, 0.8132786627774347, -1.5023795661589565, -0.4757085314032074, -1.054315683292044, 1.132872154906867, -0.11355670144341846, 0.5821843027492473], "A": [3.94, 0.0, 0.86, 0.96, 0.8200000000000001, 0.76, 0.66, 0.63, 1.32, 2.1750000000000003, 2.235, 2.07, 3.085, 3.38, 3.485, 3.305, 3.2600000000000002, 2.8000000000000003, 2.745, 2.685, 2.515, 4.8, 4.9, 4.6850000000000005, 4.5200000000000005, 4.38, 1.695, 1.72, 1.6400000000000001, 0.29, 4.165, 4.095, 4.235, 3.73, 0.41500000000000004, 2.945, 1.87, 0.155, 1.1300000000000001, 5.0, 2.38, 1.49, 3.62, 0.495, 4.6000000000000005, 3.84, 1.205, 1.965, 2.595, 0.075, 3.015, 0], "R": [1, 1, 1, 1, 1, 1, 1, 1, 1, 1, 1, 1, 1, 1, 1, 1, 1, 1, 1, 1, 1, 1, 1, 1, 1, 1, 0, 0, 0, 0, 0, 0, 0, 0, 0, 0, 0, 0, 0, 0, 0, 0, 0, 0, 0, 0, 0, 0, 0, 0, 0, 0]}