{"RTG": [12, 11, 10, 9, 8, 7, 6, 5, 4, 3, 2, 1, 0, 0, 0, 0, 0, 0, 0, 0, 0, 0, 0, 0, 0, 0, 0, 0, 0, 0, 0, 0, 0, 0, 0, 0, 0, 0, 0, 0, 0, 0, 0, 0, 0, 0, 0, 0, 0, 0, 0, 0], "S": [0, 0.569257083247662, 0.42396904460622875, -0.5681424030680832, 0.2404961358400748, -0.43538446450642626, 0.6594579003937963, 1.1293561077306389, 1.2005613140987013, 0.6852842044098775, -0.9952350182638754, 2.13684204514209, 2.4602044790854074, 2.6246497070519292, 2.6194882783227276, 1.1686108490458247, 0.3659378656084991, 1.129227959703775, -0.2751600190638433, 1.2457424006890583, -0.2620302510306252, 0.4304544603542519, 2.1614265129414165, 1.5186593645993924, 0.38850455016500957, 0.8216524061744304, 1.1460939208731853, -0.5320126392908179, 1.2247109249108254, -2.1696699967840307, -0.8835498934886132, 0.5747902204568268, 0.9858819527773454, -0.6019000811690085, 0.7486707964918938, 0.7824357235715943, 0.23093654685116718, -0.6404363206845495, -1.0282492849914124, 0.1321564168933086, 0.42103107830772674, -0.22824474011416213, 1.2766244561205646, 1.1935643644957392, -0.1444384360798626, 0.8188852879171115, -0.3782782412797233, 1.0675806827655183, -0.5157422423457501, -0.7078722906587652, -0.44151905624948234, 0.6284470719106436], "A": [4.9750000000000005, 4.92, 0.0, 0.85, 0.995, 0.735, 0.675, 0.64, 1.84, 1.955, 1.76, 1.735, 1.715, 1.68, 2.8000000000000003, 2.93, 2.665, 2.505, 3.325, 3.45, 3.21, 4.195, 4.265, 4.11, 4.63, 0.33, 0.21, 0.435, 1.3, 3.765, 4.5, 2.24, 2.345, 2.14, 4.755, 3.065, 3.61, 3.92, 1.475, 1.1300000000000001, 4.3950000000000005, 2.73, 0.52, 0.095, 4.825, 1.2, 2.585, 2.065, 4.005, 3.685, 1.555, 0], "R": [1, 1, 1, 1, 1, 1, 1, 1, 1, 1, 1, 1, 0, 0, 0, 0, 0, 0, 0, 0, 0, 0, 0, 0, 0, 0, 0, 0, 0, 0, 0, 0, 0, 0, 0, 0, 0, 0, 0, 0, 0, 0, 0, 0, 0, 0, 0, 0, 0, 0, 0, 0]}