{"RTG": [30, 29, 28, 27, 26, 25, 24, 23, 22, 21, 20, 19, 18, 17, 16, 15, 14, 13, 12, 11, 10, 9, 8, 7, 6, 5, 4, 3, 2, 1, 0, 0, 0, 0, 0, 0, 0, 0, 0, 0, 0, 0, 0, 0, 0, 0, 0, 0, 0, 0, 0, 0], "S": [0, 0.7299093747335014, 0.6090386641418352, 0.8216524061744304, 0.6989865678173576, 0.5690923241108877, 0.687962179896896, 0.22426911458075124, 0.9215906391411742, -0.18412100953310084, 1.4381036978079742, 1.66510693211448, 1.8594942356609157, 2.014262628658444, 2.199560797986056, -0.5681424030680832, 0.27208023610146237, 0.0866432673157289, 1.1971315791461121, 1.1935643644957392, 1.3014072903111207, 0.06518168505993671, -2.2362571854591744, 1.0814212867534516, 0.1748996278641049, -0.7349959441494497, -0.24866560631437654, -0.7609918060846543, 1.3049009603131116, 0.7500898340417048, 1.187614098414235, 2.6462676611234475, 2.648718288939445, 1.4202812468229182, 1.1347072427156868, -0.5550393478506724, -1.0882046889653323, 0.783357385465521, 0.5800560575903002, 0.00646266035523254, 0.7008456084275234, 1.0567075262404362, -0.32750870905583246, 0.22387517807153576, 0.09060725392395028, 1.2218576619033426, -0.5973820916024358, -0.44124323692021794, -0.8275862870460531, 1.1326765301622912, -1.3264683727487805, 1.0245921516336474], "A": [4.5600000000000005, 4.51, 4.63, 4.71, 4.88, 4.99, 4.325, 4.13, 4.085, 4.15, 4.16, 4.17, 4.18, 4.21, 0.0, 0.845, 1.05, 0.635, 0.52, 0.37, 0.255, 1.315, 2.1750000000000003, 2.3000000000000003, 2.05, 3.15, 3.5700000000000003, 2.74, 2.845, 2.62, 1.685, 1.71, 1.605, 3.345, 2.49, 3.785, 1.835, 2.99, 3.43, 0.73, 3.2600000000000002, 0.125, 1.16, 1.47, 0.44, 0.9450000000000001, 3.68, 1.935, 2.68, 3.89, 2.235, 0], "R": [1, 1, 1, 1, 1, 1, 1, 1, 1, 1, 1, 1, 1, 1, 1, 1, 1, 1, 1, 1, 1, 1, 1, 1, 1, 1, 1, 1, 1, 1, 0, 0, 0, 0, 0, 0, 0, 0, 0, 0, 0, 0, 0, 0, 0, 0, 0, 0, 0, 0, 0, 0]}