{"RTG": [16, 15, 14, 13, 12, 11, 10, 9, 8, 7, 6, 5, 4, 3, 2, 1, 0, 0, 0, 0, 0, 0, 0, 0, 0, 0, 0, 0, 0, 0, 0, 0, 0, 0, 0, 0, 0, 0, 0, 0, 0, 0, 0, 0, 0, 0, 0, 0, 0, 0, 0, 0], "S": [0, 1.0444516324076214, 1.313771510494162, 1.2766244561205646, -0.5681424030680832, 0.2992456858903939, -0.2543664896025655, 1.1293561077306389, 1.14814577970639, 1.221849818761846, 1.2473233634412009, 1.10297997475711, -0.4371655090445092, 0.587534579924061, -1.1095620561736692, 2.3438345106132012, 2.593288167724146, 2.6640935024130794, 0.04365670661903363, -0.44919934217062807, 0.6090386641418352, 0.7170916018157362, 0.672534868209102, 0.22426911458075124, 0.7810947647226019, -0.2767185250323555, 1.0093963694162764, -0.2338234595287891, 0.6136213460770834, -1.1142781305849165, -1.320838392830492, -1.4061401913825524, 1.1400171087098125, -0.7657231146818407, 0.8492731788192288, 2.1990799042829505, 0.5519536381881391, 0.8058072136235602, 0.3643491653233505, 0.9635249207235376, 0.438911988125878, 1.8888071569415663, 0.5804748080628606, -0.9336474874188099, 0.8405098459569589, -0.1444384360798626, 0.4949049722078865, 1.260659837942881, -1.808714120923141, -0.46555971502504534, -0.6841722909757619, 0.421746209599056], "A": [2.815, 2.77, 2.73, 0.0, 0.84, 1.0150000000000001, 0.675, 0.605, 0.49, 0.41500000000000004, 0.325, 0.22, 1.845, 1.98, 1.745, 1.72, 1.69, 1.465, 3.67, 4.51, 4.6850000000000005, 4.86, 4.325, 5.0, 4.08, 3.255, 3.115, 3.39, 2.39, 1.245, 3.88, 2.19, 3.525, 2.565, 4.205, 2.98, 4.595, 2.115, 1.58, 1.12, 4.245, 2.275, 3.77, 4.78, 0.095, 0.76, 3.3200000000000003, 1.365, 2.495, 3.98, 4.94, 0], "R": [1, 1, 1, 1, 1, 1, 1, 1, 1, 1, 1, 1, 1, 1, 1, 1, 0, 0, 0, 0, 0, 0, 0, 0, 0, 0, 0, 0, 0, 0, 0, 0, 0, 0, 0, 0, 0, 0, 0, 0, 0, 0, 0, 0, 0, 0, 0, 0, 0, 0, 0, 0]}