{"RTG": [18, 17, 16, 15, 14, 13, 12, 11, 10, 9, 8, 7, 6, 5, 4, 3, 2, 1, 0, 0, 0, 0, 0, 0, 0, 0, 0, 0, 0, 0, 0, 0, 0, 0, 0, 0, 0, 0, 0, 0, 0, 0, 0, 0, 0, 0, 0, 0, 0, 0, 0, 0], "S": [0, -0.074182758754499, -0.5681424030680832, 0.2404961358400748, -0.5573659080551784, 0.377304667011703, 1.2005038616307513, 0.8219396147231978, 1.275078842405209, 1.8063011458935552, 1.0765033972163964, 2.084491255479688, 2.199560797986056, 0.8250163897131615, 0.8205579041063652, 0.4166613326088767, 2.3438345106132012, 1.899839506890742, 2.5551020877188306, 2.6732740673741575, -0.1333343676888655, -0.26302149708902195, 0.5273213368525247, 0.46043837533281906, 1.2636906207954577, 1.176806974670785, 0.1500898090710972, -0.984767779832423, 1.189694727779941, -0.8928179219706346, 0.1748996278641049, 0.5928665680352182, -0.7085119626694121, -0.6944213635994284, 1.201293032425701, -0.24866560631437654, 1.1849486762474712, -0.9952350182638754, 1.1484487020849217, -0.36679091592001095, 0.7810947647226019, 0.3954010906932002, 0.7456394742923096, 0.4508392748499579, -2.143210685552774, -1.186524735350794, 0.7002211277137405, -1.4664759182334537, 1.2154017406227207, -0.7057535105063594, -0.4354061667458947, 1.2829686885252671], "A": [2.515, 0.0, 0.85, 0.935, 0.8150000000000001, 3.335, 3.375, 3.305, 4.25, 4.285, 4.23, 4.21, 4.625, 4.7700000000000005, 4.9350000000000005, 1.745, 1.7750000000000001, 1.725, 1.7, 1.45, 2.08, 2.87, 3.04, 0.405, 0.53, 0.26, 3.775, 2.705, 1.225, 2.3000000000000003, 4.505, 3.9650000000000003, 3.595, 0.645, 3.15, 2.625, 1.955, 2.195, 0.13, 5.0, 1.095, 1.565, 2.955, 1.34, 2.4050000000000002, 4.7, 3.87, 0.34, 3.505, 4.07, 2.7800000000000002, 0], "R": [1, 1, 1, 1, 1, 1, 1, 1, 1, 1, 1, 1, 1, 1, 1, 1, 1, 1, 0, 0, 0, 0, 0, 0, 0, 0, 0, 0, 0, 0, 0, 0, 0, 0, 0, 0, 0, 0, 0, 0, 0, 0, 0, 0, 0, 0, 0, 0, 0, 0, 0, 0]}