{"RTG": [27, 26, 25, 24, 23, 22, 21, 20, 19, 18, 17, 16, 15, 14, 13, 12, 11, 10, 9, 8, 7, 6, 5, 4, 3, 2, 1, 0, 0, 0, 0, 0, 0, 0, 0, 0, 0, 0, 0, 0, 0, 0, 0, 0, 0, 0, 0, 0, 0, 0, 0, 0], "S": [0, -0.08361090576424757, -0.5681424030680832, 0.021317089904629626, 0.1738487017905306, 0.27244383499665203, -1.4239948062371293, 0.4327458304589763, 1.1832205329391008, 1.1756294449900588, 1.2008932538035024, 1.219269979845113, 1.2978622792095647, 0.8758965088053228, 0.6203485783512641, 0.35130374988897833, 0.016953564100676687, 1.3266242924078386, 1.2243412031117622, 1.1686108490458247, -1.182399402186969, 0.8085877969105064, 0.6206059075296275, 0.8164466281105316, 0.5928665680352182, 0.0596368921205919, -0.2620302510306252, 2.593288167724146, 2.6640935024130794, 1.9226645203488157, -1.1142781305849165, -0.47945674206180294, 1.314995406442874, -0.4615336624388271, 1.099627421136071, 0.7810947647226019, -0.5574404173745552, 2.1646963807230764, 1.0867645302829678, 0.04365670661903363, 0.6982589645466594, -0.4064917918700017, 1.1347072427156868, -0.9336474874188099, -0.043400782201073435, 0.34532270229374284, -0.7762990261304845, 1.4579884778504881, -1.414747719560874, 0.7535780975912624, 0.4307974516011793, 0.5942894159677002], "A": [2.09, 0.0, 0.875, 1.06, 1.155, 1.25, 1.125, 0.66, 0.62, 0.515, 0.455, 0.365, 0.305, 0.74, 2.92, 3.085, 2.755, 2.715, 2.8000000000000003, 3.9050000000000002, 4.765, 4.87, 4.635, 4.505, 4.335, 3.45, 1.72, 1.69, 1.6300000000000001, 2.39, 3.6550000000000002, 4.1450000000000005, 1.905, 3.265, 5.0, 4.0600000000000005, 4.22, 2.225, 1.465, 2.555, 0.135, 3.345, 3.77, 3.1750000000000003, 2.29, 3.56, 1.8, 1.385, 4.57, 4.945, 3.0, 0], "R": [1, 1, 1, 1, 1, 1, 1, 1, 1, 1, 1, 1, 1, 1, 1, 1, 1, 1, 1, 1, 1, 1, 1, 1, 1, 1, 1, 0, 0, 0, 0, 0, 0, 0, 0, 0, 0, 0, 0, 0, 0, 0, 0, 0, 0, 0, 0, 0, 0, 0, 0, 0]}