{"RTG": [24, 23, 22, 21, 20, 19, 18, 17, 16, 15, 14, 13, 12, 11, 10, 9, 8, 7, 6, 5, 4, 3, 2, 1, 0, 0, 0, 0, 0, 0, 0, 0, 0, 0, 0, 0, 0, 0, 0, 0, 0, 0, 0, 0, 0, 0, 0, 0, 0, 0, 0, 0], "S": [0, 0.48221651102654217, 0.47891439095336297, 0.8405098459569589, 0.7216939239772742, -0.5681424030680832, 0.1642534074841468, 0.040343652882350874, 1.1514880559381484, 1.1914882796809394, 1.1501940146532572, 1.219269979845113, 1.2881202542280985, 1.0000009442743154, -2.201677621553729, 1.0814212867534516, 0.9421555065576516, -0.4345148689017537, -0.16817882155834474, -1.182399402186969, 1.1602292902251623, 1.3266242924078386, 1.0444516324076214, 0.13840231823318014, -0.5597792807169675, 2.6640935024130794, 2.486335711065681, 2.5551020877188306, -0.6399272688825074, 0.6090386641418352, 1.314995406442874, 1.2254038456039946, -0.44151905624948234, -0.5574404173745552, 2.1646963807230764, -0.5519999276125631, -0.06421981724753852, 0.49351587614176184, 0.2560876713757903, 0.9985969048852414, 0.8132786627774347, 0.3146398464699526, -0.8797078913319923, -1.0882046889653323, 1.1037847808441072, 0.4254157691859527, 0.2847659930484283, -0.7253309927571581, -0.7568219640141731, -0.611716481250362, -1.0773133856651251, 0.002822489698097361], "A": [4.96, 4.9, 4.78, 4.73, 0.0, 0.86, 1.045, 0.67, 0.63, 0.545, 0.455, 0.39, 0.315, 1.305, 2.1750000000000003, 2.245, 2.07, 3.105, 3.9050000000000002, 2.695, 2.755, 2.815, 4.33, 3.48, 1.69, 1.665, 1.725, 2.485, 4.51, 4.1450000000000005, 3.285, 3.685, 4.0600000000000005, 4.22, 0.155, 1.8800000000000001, 2.965, 1.495, 3.36, 4.6000000000000005, 1.1500000000000001, 2.365, 3.785, 2.59, 0.78, 3.2, 3.585, 1.415, 0.9550000000000001, 1.97, 4.425, 0], "R": [1, 1, 1, 1, 1, 1, 1, 1, 1, 1, 1, 1, 1, 1, 1, 1, 1, 1, 1, 1, 1, 1, 1, 1, 0, 0, 0, 0, 0, 0, 0, 0, 0, 0, 0, 0, 0, 0, 0, 0, 0, 0, 0, 0, 0, 0, 0, 0, 0, 0, 0, 0]}