{"RTG": [30, 29, 28, 27, 26, 25, 24, 23, 22, 21, 20, 19, 18, 17, 16, 15, 14, 13, 12, 11, 10, 9, 8, 7, 6, 5, 4, 3, 2, 1, 0, 0, 0, 0, 0, 0, 0, 0, 0, 0, 0, 0, 0, 0, 0, 0, 0, 0, 0, 0, 0, 0], "S": [0, -1.1958523683721816, -0.5681424030680832, 0.718905993062926, -0.09101694669670529, 0.9858819527773454, 1.1283506934188439, -0.593214709912086, 0.3573440360234566, 0.9985969048852414, 0.00646266035523254, 1.2704887200104722, 1.3027192822091056, 0.41465958780389967, 1.7165118520294746, 2.0286591678260097, 2.1646963807230764, 1.0392373462346414, 0.377304667011703, 1.128847864961221, 1.2473233634412009, 0.6560959005237793, 0.7810947647226019, 0.6977617291854273, 0.7259718516629005, 1.2033515197286617, 0.35893135363273554, 1.1326765301622912, -1.1394990942280583, 0.21421182414513124, 2.593288167724146, 2.6730387989219673, 2.198622511720558, 0.7299093747335014, -0.4757085314032074, 0.7769529835142928, -0.5519999276125631, -0.7085119626694121, -0.6016781995881259, -0.5973820916024358, 0.2053593529541412, 0.37860667503134976, 0.8205579041063652, 0.3476295436147299, 1.2228604805951775, -0.7197448335686071, 0.5061761088750564, -1.4061401913825524, 0.421746209599056, -2.078054622311628, -0.9952350182638754, -0.4513534362588481], "A": [1.395, 0.0, 2.265, 2.315, 2.24, 2.215, 2.06, 3.205, 3.36, 3.43, 3.315, 4.275, 4.315, 4.255, 4.235, 4.22, 0.6900000000000001, 0.8150000000000001, 0.56, 0.41500000000000004, 0.29, 5.0, 4.855, 4.68, 2.795, 2.9050000000000002, 2.68, 3.79, 1.065, 1.72, 1.695, 1.645, 4.5600000000000005, 1.205, 2.56, 0.155, 3.9650000000000003, 3.62, 0.9450000000000001, 1.865, 3.0500000000000003, 4.7700000000000005, 1.5150000000000001, 0.485, 2.48, 4.485, 3.88, 4.94, 1.29, 1.955, 3.6950000000000003, 0], "R": [1, 1, 1, 1, 1, 1, 1, 1, 1, 1, 1, 1, 1, 1, 1, 1, 1, 1, 1, 1, 1, 1, 1, 1, 1, 1, 1, 1, 1, 1, 0, 0, 0, 0, 0, 0, 0, 0, 0, 0, 0, 0, 0, 0, 0, 0, 0, 0, 0, 0, 0, 0]}