{"RTG": [22, 21, 20, 19, 18, 17, 16, 15, 14, 13, 12, 11, 10, 9, 8, 7, 6, 5, 4, 3, 2, 1, 0, 0, 0, 0, 0, 0, 0, 0, 0, 0, 0, 0, 0, 0, 0, 0, 0, 0, 0, 0, 0, 0, 0, 0, 0, 0, 0, 0, 0, 0], "S": [0, -0.8797078913319923, -0.5681424030680832, 0.1642534074841468, -0.6092041357060602, 0.3680109104289028, 0.4949049722078865, 1.1832205329391008, 1.1914882796809394, -2.2383187886964397, 0.4304544603542519, 0.9985969048852414, -0.1336677750241096, 1.2752776432954898, 0.9620205374516724, -0.2679591565011226, 2.1300292046727938, 2.1990799042829505, 0.7970323007868108, 0.7433692441740283, 0.44580020575484075, 0.4903847194743459, -0.9971860540038541, 2.6730387989219673, 2.486335711065681, 2.5551020877188306, 1.2033515197286617, 1.127721295153221, 0.4109152650008146, -1.3287532923747882, 0.6560959005237793, 0.5241625713457142, 1.2473233634412009, -0.7078722906587652, -0.5519999276125631, -0.5441132825174866, 1.1484487020849217, 0.7810947647226019, 0.42103107830772674, 0.23093654685116718, 0.280033209144718, 0.5928665680352182, 0.7817142987958644, 1.2198638448838093, 0.8316743936656834, 0.609313522152387, -0.4757085314032074, -1.1310010417772167, -0.7811408998812415, -0.8626716533395865, 0.3643491653233505, 0.38850455016500957], "A": [2.365, 0.0, 0.86, 0.96, 0.8200000000000001, 0.76, 0.66, 0.63, 1.32, 3.21, 3.36, 3.44, 3.31, 4.29, 4.375, 4.225, 4.205, 4.59, 4.74, 4.91, 1.85, 2.025, 1.695, 1.665, 1.725, 2.795, 2.67, 2.945, 3.81, 0.29, 2.545, 0.41500000000000004, 4.005, 0.155, 3.6350000000000002, 2.195, 5.0, 1.1300000000000001, 3.065, 1.5, 4.505, 2.2600000000000002, 0.495, 4.82, 2.86, 1.205, 3.91, 3.555, 2.47, 2.115, 4.11, 0], "R": [1, 1, 1, 1, 1, 1, 1, 1, 1, 1, 1, 1, 1, 1, 1, 1, 1, 1, 1, 1, 1, 1, 0, 0, 0, 0, 0, 0, 0, 0, 0, 0, 0, 0, 0, 0, 0, 0, 0, 0, 0, 0, 0, 0, 0, 0, 0, 0, 0, 0, 0, 0]}