{"RTG": [22, 21, 20, 19, 18, 17, 16, 15, 14, 13, 12, 11, 10, 9, 8, 7, 6, 5, 4, 3, 2, 1, 0, 0, 0, 0, 0, 0, 0, 0, 0, 0, 0, 0, 0, 0, 0, 0, 0, 0, 0, 0, 0, 0, 0, 0, 0, 0, 0, 0, 0, 0], "S": [0, -0.0017655707758112728, -0.5681424030680832, 0.07219968659936347, -0.3935566625341845, 0.3959299450209885, 0.6203485783512641, 1.1031253948915591, 1.1988872073150763, -0.4757085314032074, -0.034142590711439366, -1.1310010417772167, 0.8205579041063652, 0.6466991670257178, 0.8011459087892528, 0.6369849008242138, -0.23905034826659827, 0.7810947647226019, 1.2696251559757619, 0.4903847194743459, 1.640461454575373, 1.899839506890742, 2.593288167724146, 2.6730387989219673, 1.1288287176578806, 1.0887396232185838, 0.1308494504699903, -0.3764877984809053, 0.6560959005237793, 0.6068916248446233, 1.4381036978079742, -0.4570567081919362, 1.1380356008066348, -0.9737435211646027, 1.2473233634412009, 0.3659378656084991, -0.4354061667458947, 2.084491255479688, -0.5519999276125631, 1.0942090702771463, -1.0364517181494661, -1.204898730905284, 1.1413307041700922, 1.2198638448838093, 0.43558581507364647, 0.3971961720618536, 0.015058671514919365, 1.3049009603131116, -0.7609918060846543, -0.9561600736877052, 0.421746209599056, -2.201677621553729], "A": [2.31, 0.0, 0.87, 1.0, 0.8, 0.74, 0.68, 0.65, 1.205, 3.09, 3.91, 4.7700000000000005, 4.865, 4.6450000000000005, 4.5200000000000005, 4.365, 5.0, 1.81, 1.85, 1.79, 1.7750000000000001, 1.72, 1.695, 2.6750000000000003, 2.81, 2.525, 3.46, 0.29, 2.13, 4.15, 3.665, 3.27, 1.405, 0.41500000000000004, 2.93, 4.07, 4.23, 0.155, 3.35, 3.7800000000000002, 2.415, 2.21, 0.495, 1.11, 1.5250000000000001, 3.18, 2.74, 3.5700000000000003, 2.0300000000000002, 4.94, 1.305, 0], "R": [1, 1, 1, 1, 1, 1, 1, 1, 1, 1, 1, 1, 1, 1, 1, 1, 1, 1, 1, 1, 1, 1, 0, 0, 0, 0, 0, 0, 0, 0, 0, 0, 0, 0, 0, 0, 0, 0, 0, 0, 0, 0, 0, 0, 0, 0, 0, 0, 0, 0, 0, 0]}