{"RTG": [24, 23, 22, 21, 20, 19, 18, 17, 16, 15, 14, 13, 12, 11, 10, 9, 8, 7, 6, 5, 4, 3, 2, 1, 0, 0, 0, 0, 0, 0, 0, 0, 0, 0, 0, 0, 0, 0, 0, 0, 0, 0, 0, 0, 0, 0, 0, 0, 0, 0, 0, 0], "S": [0, -1.1083866239228302, -0.5681424030680832, 0.18863804225015912, 1.1484487020849217, 1.05823352995558, -0.1275144827788334, -0.8865485997154794, 0.8560300178421365, 0.5690923241108877, 0.7096778610505728, 0.6494093557430308, -0.2009931560051553, 1.1571444090289609, 1.1988872073150763, 0.6594579003937963, 1.240122479297734, 1.3016856375865116, 0.8066810032092551, 1.1740795034056069, 1.3265893946558156, 0.9978997859167429, -0.657719301396538, 2.486335711065681, 2.018703006539025, 2.6462676611234475, 1.3644503580708482, -0.5550393478506724, -0.5651519821379951, 1.9421985709844345, 0.38850455016500957, 1.9631888737933478, -0.5344493610789871, 1.2254038456039946, -0.7568219640141731, 0.7810947647226019, 0.9438680768787604, -0.4836500766001137, 0.5143621100491487, -0.8754740322537258, 0.41313196293813004, -0.9374506081177982, -1.4376841077764138, -0.6211852992102556, 0.2045054376024882, 0.2847659930484283, 1.132872154906867, 2.593288167724146, 0.8132786627774347, -2.2113535522026915, 1.2008932538035024, -0.11967095207937627], "A": [1.235, 0.0, 2.105, 2.195, 2.23, 3.1, 3.935, 4.795, 4.88, 4.69, 4.525, 4.4, 0.61, 0.65, 0.735, 0.42, 0.375, 0.3, 2.7, 2.7600000000000002, 2.82, 3.495, 1.665, 1.635, 1.685, 1.805, 2.49, 0.975, 4.175, 4.11, 4.24, 3.72, 3.285, 1.415, 5.0, 3.365, 0.145, 2.97, 1.94, 1.1, 2.37, 3.825, 3.615, 0.855, 3.2, 2.595, 1.72, 4.6000000000000005, 1.33, 0.515, 0.07, 0], "R": [1, 1, 1, 1, 1, 1, 1, 1, 1, 1, 1, 1, 1, 1, 1, 1, 1, 1, 1, 1, 1, 1, 1, 1, 0, 0, 0, 0, 0, 0, 0, 0, 0, 0, 0, 0, 0, 0, 0, 0, 0, 0, 0, 0, 0, 0, 0, 0, 0, 0, 0, 0]}