{"RTG": [4, 3, 2, 1, 0, 0, 0, 0, 0, 0, 0, 0, 0, 0, 0, 0, 0, 0, 0, 0, 0, 0, 0, 0, 0, 0, 0, 0, 0, 0, 0, 0, 0, 0, 0, 0, 0, 0, 0, 0, 0, 0, 0, 0, 0, 0, 0, 0, 0, 0, 0, 0], "S": [0, 0.6852842044098775, 1.640461454575373, 1.9816540052700344, 2.2096243099566566, 2.6246497070519292, -0.5681424030680832, 1.2599296432649467, 0.7014264433005017, 1.0675806827655183, -1.2050087939706549, 0.3321029361393006, 1.099627421136071, 0.4633443805678566, -0.4448451563527119, 0.6612033019948327, 0.7002211277137405, 0.5690923241108877, -0.12888793902105405, 0.32211413453554105, -0.007359300230342257, 1.1914882796809394, 1.2167981233580216, 1.2417797507923742, -0.4371655090445092, -2.2113535522026915, -0.7213855572269114, 0.9720001096732416, 0.7810947647226019, 2.6194882783227276, -1.5129641137469552, 2.1614265129414165, 1.4381036978079742, -0.7834705376033333, -0.4345148689017537, 0.8399611402853264, 0.7439499693117351, -0.0968313948440262, 0.22387517807153576, 0.4302381124583138, 1.240122479297734, 0.8259366669938637, 1.8063011458935552, 0.16883208745421255, 1.1464646165049321, -0.5573659080551784, -0.16532530793633957, 0.8560300178421365, 1.2256976844807996, -0.8835498934886132, -0.2751600190638433, -1.1083866239228302], "A": [1.84, 1.79, 1.77, 1.7550000000000001, 1.715, 0.0, 2.725, 2.85, 2.585, 2.42, 3.055, 3.265, 3.4, 3.69, 4.53, 4.7, 4.88, 4.3500000000000005, 0.835, 1.04, 0.63, 0.5, 0.34500000000000003, 0.22, 1.33, 4.03, 2.16, 5.0, 1.68, 3.855, 4.195, 4.15, 3.54, 2.07, 2.255, 0.725, 3.17, 1.16, 2.95, 0.42, 4.615, 4.25, 1.48, 2.65, 0.935, 0.1, 4.795, 3.33, 3.765, 2.505, 1.235, 0], "R": [1, 1, 1, 1, 0, 0, 0, 0, 0, 0, 0, 0, 0, 0, 0, 0, 0, 0, 0, 0, 0, 0, 0, 0, 0, 0, 0, 0, 0, 0, 0, 0, 0, 0, 0, 0, 0, 0, 0, 0, 0, 0, 0, 0, 0, 0, 0, 0, 0, 0, 0, 0]}