{"RTG": [14, 13, 12, 11, 10, 9, 8, 7, 6, 5, 4, 3, 2, 1, 0, 0, 0, 0, 0, 0, 0, 0, 0, 0, 0, 0, 0, 0, 0, 0, 0, 0, 0, 0, 0, 0, 0, 0, 0, 0, 0, 0, 0, 0, 0, 0, 0, 0, 0, 0, 0, 0], "S": [0, 0.8011459087892528, 0.7039863856329738, 0.7535780975912624, 0.14978629205510915, 0.6977617291854273, 0.421746209599056, -0.5681424030680832, 0.2404961358400748, -0.2543664896025655, 0.9625550854276712, 1.1929647133334638, 1.1571444090289609, 0.2053593529541412, -0.6664423878806288, 2.6730387989219673, 2.539316846348272, 2.510577190859736, 0.37011310999987346, -0.1275144827788334, 1.1740795034056069, 0.8492731788192288, -0.9899543682703261, -0.984767779832423, 1.1870405829024617, -0.7251050469638722, 1.8888071569415663, 0.30905408296601417, -2.2113535522026915, 1.10297997475711, -0.5689652042600516, 1.2287157098589727, -0.7695552481135107, 1.1380356008066348, 1.1413307041700922, 1.2033515197286617, 0.3146398464699526, 0.3476295436147299, 0.41465958780389967, -1.2809619500582092, 0.21347584363378308, 0.5804748080628606, -0.4570567081919362, 0.7810947647226019, 0.5891517867554916, -0.1444384360798626, -0.5550393478506724, -0.8928179219706346, -1.0269167683512421, 2.186387029405289, 1.2126012150820673, -0.5281913749203656], "A": [4.6450000000000005, 4.695, 4.57, 4.44, 4.855, 4.94, 0.0, 0.85, 1.0150000000000001, 0.7000000000000001, 0.655, 0.61, 1.865, 2.055, 1.695, 1.67, 1.73, 2.9, 3.1, 2.7, 2.565, 2.375, 3.775, 4.14, 4.0200000000000005, 4.245, 3.41, 1.33, 0.325, 0.20500000000000002, 0.43, 3.565, 3.27, 2.21, 2.795, 1.1500000000000001, 1.5150000000000001, 4.315, 3.895, 3.1950000000000003, 2.275, 3.665, 5.0, 2.995, 0.095, 2.49, 1.225, 1.96, 4.2, 0.505, 0.93, 0], "R": [1, 1, 1, 1, 1, 1, 1, 1, 1, 1, 1, 1, 1, 1, 0, 0, 0, 0, 0, 0, 0, 0, 0, 0, 0, 0, 0, 0, 0, 0, 0, 0, 0, 0, 0, 0, 0, 0, 0, 0, 0, 0, 0, 0, 0, 0, 0, 0, 0, 0, 0, 0]}