{"RTG": [28, 27, 26, 25, 24, 23, 22, 21, 20, 19, 18, 17, 16, 15, 14, 13, 12, 11, 10, 9, 8, 7, 6, 5, 4, 3, 2, 1, 0, 0, 0, 0, 0, 0, 0, 0, 0, 0, 0, 0, 0, 0, 0, 0, 0, 0, 0, 0, 0, 0, 0, 0], "S": [0, 1.2243412031117622, 1.1288287176578806, 1.2829686885252671, 0.609313522152387, 0.6137687486908822, -0.5681424030680832, 0.2045054376024882, 0.0866432673157289, 1.1929647133334638, 1.1398863076022887, 1.2207514698396822, 1.2636906207954577, 1.0542425639738024, 0.7439499693117351, -0.5689652042600516, -1.0846614795250824, -0.5613504714487526, 0.7765038309941795, 0.7170916018157362, 0.14978629205510915, 0.7220419228172474, 0.569257083247662, -1.1224606128920358, 1.275078842405209, 1.1347072427156868, 0.9022883692297691, 0.26206678582391096, 0.1748996278641049, 2.6730387989219673, 2.539316846348272, 2.4602044790854074, -0.8455440470023323, 1.7165118520294746, -0.7848058643362025, -0.4757085314032074, 0.3321029361393006, 1.0141390956092324, 0.3165938873653324, 2.1614265129414165, -1.2050087939706549, 0.493019990916102, -0.611716481250362, -1.4647684387382283, 0.29901449907859046, 0.8205579041063652, 1.0867645302829678, 0.5340475232331015, -0.1285737335390223, -0.5441132825174866, -2.1283174002063725, 0.4327458304589763], "A": [2.715, 2.6750000000000003, 2.7800000000000002, 2.86, 2.5500000000000003, 0.0, 0.855, 1.05, 0.655, 0.6, 0.465, 0.405, 0.32, 0.725, 0.20500000000000002, 1.4000000000000001, 3.725, 4.58, 4.6850000000000005, 4.44, 4.8500000000000005, 4.9750000000000005, 1.99, 3.305, 3.345, 3.245, 4.105, 2.3000000000000003, 1.695, 1.67, 1.735, 3.94, 4.255, 3.545, 1.205, 3.055, 2.165, 4.32, 4.195, 2.42, 1.54, 0.9550000000000001, 3.83, 1.86, 4.7700000000000005, 2.225, 2.975, 0.09, 3.6350000000000002, 1.295, 1.125, 0], "R": [1, 1, 1, 1, 1, 1, 1, 1, 1, 1, 1, 1, 1, 1, 1, 1, 1, 1, 1, 1, 1, 1, 1, 1, 1, 1, 1, 1, 0, 0, 0, 0, 0, 0, 0, 0, 0, 0, 0, 0, 0, 0, 0, 0, 0, 0, 0, 0, 0, 0, 0, 0]}