{"RTG": [0, 0, 0, 0, 0, 0, 0, 0, 0, 0, 0, 0, 0, 0, 0, 0, 0, 0, 0, 0, 0, 0, 0, 0, 0, 0, 0, 0, 0, 0, 0, 0, 0, 0, 0, 0, 0, 0, 0, 0, 0, 0, 0, 0, 0, 0, 0, 0, 0, 0, 0, 0], "S": [0, 2.648718288939445, 2.6462676611234475, 1.550053509588688, 0.4573498151461132, -0.5681424030680832, 1.1722023515752833, 1.3223751932371433, 0.35215098025751895, -0.8626716533395865, 0.4304544603542519, 0.38641500747199387, -0.6404363206845495, 0.290731299743892, 0.7582537177375791, 0.8036415820234936, 0.7810947647226019, 2.084491255479688, 1.555179369689812, 0.5176853876426791, 0.4534819021847498, -0.6092041357060602, 1.1269664878719414, 1.2192840698341836, 0.8758965088053228, 0.27750730430012266, -1.6203663406350275, -1.4664759182334537, 0.17769761202432371, 0.7817142987958644, -0.63677749333349, -1.054315683292044, 0.7417519397012445, 0.41313196293813004, 1.1293561077306389, 1.2752776432954898, 0.42396904460622875, -0.7213851175583837, -0.8641358306892514, -0.5915936314210155, -0.6776977831069698, 1.1740795034056069, 1.2992127756900016, 0.7690116833676693, 1.1260754615276558, 2.018703006539025, -0.7057535105063594, 0.12001744277458769, 0.5800560575903002, 0.10777792340828776, -0.11299887448909537, 0.7769529835142928], "A": [1.71, 1.685, 1.795, 1.5350000000000001, 0.0, 2.6350000000000002, 2.765, 2.91, 2.47, 3.21, 3.4050000000000002, 3.61, 4.455, 4.665, 4.83, 5.0, 4.23, 4.155, 4.3100000000000005, 0.77, 0.96, 0.59, 0.45, 0.305, 2.11, 1.26, 3.87, 3.0700000000000003, 2.2600000000000002, 0.17500000000000002, 1.965, 4.565, 1.1, 0.675, 3.31, 4.92, 4.015, 1.41, 3.73, 2.35, 2.7, 0.38, 4.75, 2.185, 1.635, 3.505, 0.865, 2.99, 1.17, 0.08, 2.56, 0], "R": [0, 0, 0, 0, 0, 0, 0, 0, 0, 0, 0, 0, 0, 0, 0, 0, 0, 0, 0, 0, 0, 0, 0, 0, 0, 0, 0, 0, 0, 0, 0, 0, 0, 0, 0, 0, 0, 0, 0, 0, 0, 0, 0, 0, 0, 0, 0, 0, 0, 0, 0, 0]}