{"RTG": [23, 22, 21, 20, 19, 18, 17, 16, 15, 14, 13, 12, 11, 10, 9, 8, 7, 6, 5, 4, 3, 2, 1, 0, 0, 0, 0, 0, 0, 0, 0, 0, 0, 0, 0, 0, 0, 0, 0, 0, 0, 0, 0, 0, 0, 0, 0, 0, 0, 0, 0, 0], "S": [0, -0.6430356987022964, 0.0866432673157289, 0.04047799628533581, -0.4088659150438583, -0.8566861004606161, 0.3659378656084991, 0.5942894159677002, 0.28265279438418606, -0.8865485997154794, 0.8564619056302556, 0.7450548739706984, 0.7216939239772742, 0.6494093557430308, 0.10058988888118321, 0.8132786627774347, 0.9635249207235376, 0.4573498151461132, 1.5204906701516285, 1.8238428669741287, 2.018703006539025, 2.198622511720558, 2.356485375892664, 2.486335711065681, 2.6730387989219673, 2.6640935024130794, -0.7197448335686071, -0.7057535105063594, 1.1348906924437472, 1.2287157098589727, 0.9625550854276712, 2.1614265129414165, 1.0554799424175512, 1.7165118520294746, 0.8399611402853264, -0.5613504714487526, 1.1740795034056069, -0.5681424030680832, 1.2599255689740672, 0.7810947647226019, 1.1460939208731853, 1.1867253408604772, 0.8219396147231978, 1.0141390956092324, 0.40772630398627313, 0.2847659930484283, -2.078054622311628, 1.2033515197286617, -1.4647684387382283, -0.6016781995881259, -0.7495170589353438, 1.184145623379665], "A": [0.185, 1.05, 1.175, 0.915, 2.04, 2.93, 3.0, 3.06, 3.935, 4.8, 4.845, 4.73, 4.525, 4.4350000000000005, 4.6000000000000005, 1.58, 1.5350000000000001, 1.61, 1.625, 1.635, 1.645, 1.655, 1.665, 1.695, 1.69, 2.48, 3.505, 0.555, 0.43, 0.7000000000000001, 4.195, 4.135, 4.255, 2.255, 3.725, 2.7, 0.0, 3.295, 5.0, 0.33, 2.615, 3.375, 2.165, 0.79, 3.2, 1.29, 2.795, 3.83, 3.62, 2.355, 0.625, 0], "R": [1, 1, 1, 1, 1, 1, 1, 1, 1, 1, 1, 1, 1, 1, 1, 1, 1, 1, 1, 1, 1, 1, 1, 0, 0, 0, 0, 0, 0, 0, 0, 0, 0, 0, 0, 0, 0, 0, 0, 0, 0, 0, 0, 0, 0, 0, 0, 0, 0, 0, 0, 0]}