{"RTG": [29, 28, 27, 26, 25, 24, 23, 22, 21, 20, 19, 18, 17, 16, 15, 14, 13, 12, 11, 10, 9, 8, 7, 6, 5, 4, 3, 2, 1, 0, 0, 0, 0, 0, 0, 0, 0, 0, 0, 0, 0, 0, 0, 0, 0, 0, 0, 0, 0, 0, 0, 0], "S": [0, -1.1684325326578182, -0.5681424030680832, 0.1642534074841468, -0.6092041357060602, 0.3680109104289028, 0.4949049722078865, 1.1832205329391008, 1.1914882796809394, -2.2383187886964397, 1.2254038456039946, 1.2457424006890583, 0.2318331862051065, 1.620324142494948, 0.8479373402835767, 1.9631888737933478, 2.1300292046727938, 0.8259366669938637, 0.7824357235715943, 0.4179323833926717, -0.14944533764382856, 0.5668338030505861, 0.5488342955281749, 1.189694727779941, -1.2384763947727195, 0.6560959005237793, 0.6068916248446233, 2.198622511720558, 1.6217806950522773, 2.486335711065681, 2.6462676611234475, 1.2473233634412009, 1.1712103381729184, 0.8934834654088644, -0.6929902457178543, -0.6211852992102556, 0.5928665680352182, -0.5519999276125631, 0.42103107830772674, -0.28174751465887515, 0.7810947647226019, -1.0615730161681003, 1.2198638448838093, -0.1333343676888655, 0.4109152650008146, -0.3552532035130716, 0.8036415820234936, -1.2326682407776417, -0.7657231146818407, 1.3006506431464921, -0.4757085314032074, 1.899839506890742], "A": [2.435, 0.0, 0.86, 0.96, 0.8200000000000001, 0.76, 0.66, 0.63, 1.32, 3.285, 3.325, 3.415, 4.26, 4.295, 4.24, 4.225, 4.615, 4.755, 4.925, 1.885, 2.865, 3.025, 2.705, 3.8000000000000003, 0.29, 2.13, 1.645, 1.615, 1.665, 1.685, 0.41500000000000004, 2.605, 2.25, 3.995, 3.615, 4.505, 0.155, 1.1300000000000001, 3.14, 5.0, 2.015, 0.495, 1.45, 2.945, 2.33, 4.83, 3.9, 3.525, 2.775, 1.205, 1.7750000000000001, 0], "R": [1, 1, 1, 1, 1, 1, 1, 1, 1, 1, 1, 1, 1, 1, 1, 1, 1, 1, 1, 1, 1, 1, 1, 1, 1, 1, 1, 1, 1, 0, 0, 0, 0, 0, 0, 0, 0, 0, 0, 0, 0, 0, 0, 0, 0, 0, 0, 0, 0, 0, 0, 0]}