{"RTG": [29, 28, 27, 26, 25, 24, 23, 22, 21, 20, 19, 18, 17, 16, 15, 14, 13, 12, 11, 10, 9, 8, 7, 6, 5, 4, 3, 2, 1, 0, 0, 0, 0, 0, 0, 0, 0, 0, 0, 0, 0, 0, 0, 0, 0, 0, 0, 0, 0, 0, 0, 0], "S": [0, -0.6527118419102764, -0.5681424030680832, 0.4268874504834266, -0.6776977831069698, 0.7817142987958644, 0.9858819527773454, 1.1283506934188439, -1.1185111654206692, 0.5033711967483209, 1.0942090702771463, 0.38641500747199387, 1.2704887200104722, 1.7165118520294746, 0.9620205374516724, 2.0286591678260097, 2.1880040451103517, 0.826452834105411, 0.8085877969105064, 0.41543750807331425, 0.8771817164369324, 1.1211829717379291, 1.2287157098589727, 0.8066810032092551, 0.021317089904629626, 1.1686108490458247, 0.3496659885000683, 1.1326765301622912, -1.1394990942280583, 0.4327458304589763, 2.6640935024130794, 2.486335711065681, 2.5551020877188306, -0.6049491287165064, -1.5240886404133587, -0.2543664896025655, 0.5928665680352182, -0.6841722909757619, 0.9147600389067359, -0.6211852992102556, 0.3321029361393006, 0.7810947647226019, 0.4573498151461132, 0.4903847194743459, 0.4155245705262251, 1.2167981233580216, 0.7039863856329738, -1.3684260504266743, -0.7740292084447152, -0.08326043425258514, -0.37205149742952043, -0.11355670144341846], "A": [1.42, 0.0, 2.285, 2.35, 2.2600000000000002, 2.24, 2.215, 1.985, 3.215, 3.35, 3.4050000000000002, 3.315, 4.255, 4.29, 4.235, 4.215, 4.62, 4.765, 4.93, 0.71, 0.5700000000000001, 0.43, 0.3, 0.875, 2.8000000000000003, 2.915, 2.68, 3.79, 1.125, 1.69, 1.665, 1.725, 0.165, 1.2550000000000001, 1.0150000000000001, 4.505, 3.98, 2.57, 3.615, 3.055, 5.0, 1.5350000000000001, 1.85, 0.785, 0.5, 4.695, 3.8850000000000002, 3.5300000000000002, 4.09, 2.5, 0.075, 0], "R": [1, 1, 1, 1, 1, 1, 1, 1, 1, 1, 1, 1, 1, 1, 1, 1, 1, 1, 1, 1, 1, 1, 1, 1, 1, 1, 1, 1, 1, 0, 0, 0, 0, 0, 0, 0, 0, 0, 0, 0, 0, 0, 0, 0, 0, 0, 0, 0, 0, 0, 0, 0]}