{"RTG": [15, 14, 13, 12, 11, 10, 9, 8, 7, 6, 5, 4, 3, 2, 1, 0, 0, 0, 0, 0, 0, 0, 0, 0, 0, 0, 0, 0, 0, 0, 0, 0, 0, 0, 0, 0, 0, 0, 0, 0, 0, 0, 0, 0, 0, 0, 0, 0, 0, 0, 0, 0], "S": [0, 0.08002013972113022, 1.2699450427223564, 1.099627421136071, -0.5681424030680832, 0.2045054376024882, 0.0866432673157289, 1.1929647133334638, 1.1398863076022887, 1.2207514698396822, 1.2636906207954577, 1.10297997475711, 0.7439499693117351, -0.48797384671598903, 0.37144358779605585, 2.6194882783227276, 2.665056914615652, 1.7290264375923594, 1.3027192822091056, -0.2009931560051553, 1.66510693211448, -0.7254372327259607, -0.074182758754499, 0.7810947647226019, 0.7665022349198103, 0.7468985423979649, 1.0814212867534516, -0.8566861004606161, 0.34532270229374284, 0.7997946265823738, 0.5800560575903002, 1.1602292902251623, -1.8790008443431394, -0.5344493610789871, 0.7181670574127406, -0.16817882155834474, -0.7387734467982239, -1.503718626120767, 1.1867253408604772, 0.42396904460622875, -0.6092041357060602, 0.3146398464699526, -0.4615336624388271, 2.1880040451103517, -0.7568219640141731, -1.1442504439522712, 0.7690116833676693, -0.1444384360798626, 0.3496659885000683, 1.723220249425911, 0.5061761088750564, 1.3223751932371433], "A": [3.4250000000000003, 3.3000000000000003, 3.265, 0.0, 0.855, 1.05, 0.655, 0.6, 0.465, 0.405, 0.325, 0.725, 0.215, 1.52, 1.68, 1.705, 1.7850000000000001, 4.275, 4.4, 4.16, 4.025, 2.515, 5.0, 4.84, 4.67, 2.1750000000000003, 2.04, 2.29, 2.84, 2.99, 2.695, 1.2750000000000001, 3.72, 4.555, 3.105, 3.58, 3.86, 2.615, 4.92, 0.96, 1.1500000000000001, 1.905, 4.215, 1.415, 2.395, 4.75, 0.095, 2.915, 1.62, 4.485, 2.765, 0], "R": [1, 1, 1, 1, 1, 1, 1, 1, 1, 1, 1, 1, 1, 1, 1, 0, 0, 0, 0, 0, 0, 0, 0, 0, 0, 0, 0, 0, 0, 0, 0, 0, 0, 0, 0, 0, 0, 0, 0, 0, 0, 0, 0, 0, 0, 0, 0, 0, 0, 0, 0, 0]}