{"RTG": [7, 6, 5, 4, 3, 2, 1, 0, 0, 0, 0, 0, 0, 0, 0, 0, 0, 0, 0, 0, 0, 0, 0, 0, 0, 0, 0, 0, 0, 0, 0, 0, 0, 0, 0, 0, 0, 0, 0, 0, 0, 0, 0, 0, 0, 0, 0, 0, 0, 0, 0, 0], "S": [0, 1.176806974670785, 1.221849818761846, 1.2552709899027514, 1.2154017406227207, -0.3169393062321038, 0.7008456084275234, 0.2045054376024882, 2.6640935024130794, 2.6246497070519292, 1.723220249425911, -1.0269167683512421, 1.0887396232185838, 0.4109152650008146, 1.129227959703775, -0.17560713225483768, 0.2847659930484283, 0.2318331862051065, -0.5091648528801574, 0.5317048528935276, 0.7468985423979649, 0.7665022349198103, 0.7810947647226019, 0.8479373402835767, 1.0554799424175512, -0.68423059871148, -0.4757085314032074, 0.8934834654088644, -0.5681424030680832, -1.0846614795250824, -0.15546005114250563, 0.7486707964918938, -1.2849974428615545, 0.12372982621026657, -0.8797078913319923, -0.7657231146818407, 1.2752776432954898, -0.24919191085202425, 2.199560797986056, 1.1737062158429918, 0.7824357235715943, 1.2918036410372127, 1.201293032425701, -0.16532530793633957, 0.41543750807331425, 0.7765038309941795, -2.1696699967840307, 0.43977288007454873, 0.3027282790335336, -1.2326682407776417, -0.593214709912086, 1.0675806827655183], "A": [0.53, 0.49, 0.41000000000000003, 0.34, 0.23, 0.73, 0.855, 1.69, 1.715, 1.62, 1.96, 2.81, 2.945, 2.665, 2.5100000000000002, 3.2, 3.415, 3.645, 4.49, 4.67, 4.84, 5.0, 4.295, 4.135, 3.985, 1.205, 2.25, 0.0, 1.4000000000000001, 1.025, 2.14, 3.805, 3.075, 2.365, 3.525, 3.31, 4.39, 4.21, 1.815, 4.755, 2.735, 0.645, 0.1, 4.93, 4.58, 1.3, 1.115, 1.5050000000000001, 3.9, 2.06, 2.585, 0], "R": [1, 1, 1, 1, 1, 1, 1, 0, 0, 0, 0, 0, 0, 0, 0, 0, 0, 0, 0, 0, 0, 0, 0, 0, 0, 0, 0, 0, 0, 0, 0, 0, 0, 0, 0, 0, 0, 0, 0, 0, 0, 0, 0, 0, 0, 0, 0, 0, 0, 0, 0, 0]}