{"RTG": [23, 22, 21, 20, 19, 18, 17, 16, 15, 14, 13, 12, 11, 10, 9, 8, 7, 6, 5, 4, 3, 2, 1, 0, 0, 0, 0, 0, 0, 0, 0, 0, 0, 0, 0, 0, 0, 0, 0, 0, 0, 0, 0, 0, 0, 0, 0, 0, 0, 0, 0, 0], "S": [0, 0.3165938873653324, 1.8888071569415663, 2.1300292046727938, 2.186387029405289, 0.8250163897131615, 0.8205579041063652, 0.4166613326088767, -0.5681424030680832, 0.27208023610146237, 0.0866432673157289, 1.1971315791461121, 1.1935643644957392, 1.3014072903111207, 0.06518168505993671, -2.2362571854591744, 1.0814212867534516, 0.26116185121244917, -0.7349959441494497, -0.26899053000129997, -0.5441132825174866, 1.2766244561205646, 0.849990625769365, 1.1712103381729184, 2.6462676611234475, 2.648718288939445, 1.4202812468229182, 0.7554559803553068, -1.4061401913825524, -0.7197448335686071, 0.5340475232331015, 0.783357385465521, 0.6090386641418352, -0.6286623709632781, 1.2009822841548368, 0.7008456084275234, -0.32750870905583246, 0.22387517807153576, 0.7810947647226019, -0.7251050469638722, -0.7433870189333005, 0.09060725392395028, 1.2218576619033426, -0.5973820916024358, -0.8275862870460531, 0.7002211277137405, 1.129227959703775, 0.37860667503134976, 1.05823352995558, 0.7220419228172474, 0.10058988888118321, -1.0846614795250824], "A": [4.32, 4.245, 4.225, 4.2, 4.625, 4.7700000000000005, 4.9350000000000005, 0.0, 0.845, 1.05, 0.635, 0.52, 0.37, 0.255, 1.315, 2.1750000000000003, 2.295, 2.05, 3.145, 3.6350000000000002, 2.73, 2.835, 2.605, 1.685, 1.71, 1.605, 3.38, 3.88, 2.48, 2.975, 1.835, 4.51, 3.49, 3.2800000000000002, 0.73, 0.125, 1.16, 5.0, 4.0200000000000005, 3.75, 1.47, 0.44, 0.9450000000000001, 1.935, 4.7, 2.665, 3.0500000000000003, 2.23, 4.8500000000000005, 4.4350000000000005, 1.4000000000000001, 0], "R": [1, 1, 1, 1, 1, 1, 1, 1, 1, 1, 1, 1, 1, 1, 1, 1, 1, 1, 1, 1, 1, 1, 1, 0, 0, 0, 0, 0, 0, 0, 0, 0, 0, 0, 0, 0, 0, 0, 0, 0, 0, 0, 0, 0, 0, 0, 0, 0, 0, 0, 0, 0]}