{"RTG": [10, 9, 8, 7, 6, 5, 4, 3, 2, 1, 0, 0, 0, 0, 0, 0, 0, 0, 0, 0, 0, 0, 0, 0, 0, 0, 0, 0, 0, 0, 0, 0, 0, 0, 0, 0, 0, 0, 0, 0, 0, 0, 0, 0, 0, 0, 0, 0, 0, 0, 0, 0], "S": [0, 0.3959299450209885, 0.6594579003937963, 1.1031253948915591, 1.1988872073150763, -0.611716481250362, 1.0768972333907842, -0.06421981724753852, 1.7290264375923594, 2.060748031034219, 2.4602044790854074, 2.6246497070519292, 0.9421555065576516, -1.1142781305849165, 0.6800540626825456, 0.9022883692297691, 0.5392684839855656, 0.016953564100676687, -0.6211852992102556, 0.33376010508273046, 0.7582537177375791, 0.8036415820234936, 0.7810947647226019, 1.8888071569415663, 1.66510693211448, -0.6929902457178543, -0.5681424030680832, 1.313771510494162, 1.1390065784520442, 0.37011310999987346, -2.201677621553729, 0.8066810032092551, 1.233874684983979, 0.0596368921205919, -1.2384763947727195, -0.6049491287165064, 0.7417519397012445, 0.280033209144718, 0.438911988125878, 0.6137687486908822, -0.657719301396538, 0.42396904460622875, 1.2126012150820673, 1.2704887200104722, 0.5800560575903002, 0.7690116833676693, -0.7349959441494497, -0.19572881840451012, -1.2326682407776417, -0.6527118419102764, -0.4611514236144929, -0.11355670144341846], "A": [0.8, 0.735, 0.68, 0.65, 0.9550000000000001, 1.82, 1.8800000000000001, 1.7850000000000001, 1.7650000000000001, 1.735, 1.715, 2.245, 2.39, 2.1350000000000002, 3.245, 3.395, 3.085, 3.615, 4.46, 4.665, 4.83, 5.0, 4.245, 4.16, 3.995, 0.0, 2.77, 2.6550000000000002, 2.9, 1.305, 0.3, 0.425, 4.335, 3.8000000000000003, 0.165, 4.565, 1.5, 1.12, 2.5500000000000003, 3.495, 4.92, 0.505, 3.315, 2.99, 4.75, 2.05, 1.19, 3.9, 1.42, 3.7, 0.075, 0], "R": [1, 1, 1, 1, 1, 1, 1, 1, 1, 1, 0, 0, 0, 0, 0, 0, 0, 0, 0, 0, 0, 0, 0, 0, 0, 0, 0, 0, 0, 0, 0, 0, 0, 0, 0, 0, 0, 0, 0, 0, 0, 0, 0, 0, 0, 0, 0, 0, 0, 0, 0, 0]}