{"RTG": [25, 24, 23, 22, 21, 20, 19, 18, 17, 16, 15, 14, 13, 12, 11, 10, 9, 8, 7, 6, 5, 4, 3, 2, 1, 0, 0, 0, 0, 0, 0, 0, 0, 0, 0, 0, 0, 0, 0, 0, 0, 0, 0, 0, 0, 0, 0, 0, 0, 0, 0, 0], "S": [0, -0.4927045997927957, 0.1642534074841468, -0.6092041357060602, 0.3680109104289028, 0.4949049722078865, 1.1832205329391008, 1.1914882796809394, -2.2383187886964397, 1.0814212867534516, 1.0245921516336474, -0.4345148689017537, 0.06986426174581307, 1.260659837942881, 0.9985969048852414, 1.2009822841548368, 0.6543334699031734, 1.2918036410372127, 1.1485285121397457, 2.0286591678260097, 1.5186593645993924, 2.1880040451103517, 0.7810947647226019, 0.6977617291854273, 0.7259718516629005, -1.0364517181494661, 2.6730387989219673, 2.593288167724146, 2.1109965038009197, 0.6560959005237793, -0.7197448335686071, 0.6838990714313047, -0.7001124557070517, 1.2473233634412009, -0.7387734467982239, 0.1134268335735682, -0.5519999276125631, 0.42103107830772674, 0.23008588075507877, 0.5143621100491487, 0.19826562714405405, -0.8169671187903633, 0.8205579041063652, 1.2198638448838093, -1.3264683727487805, 1.0675806827655183, -0.4438624640970557, -0.4757085314032074, 0.5188737380858635, -1.0269167683512421, 0.421746209599056, -0.5197320190323577], "A": [0.01, 0.86, 0.96, 0.8200000000000001, 0.76, 0.66, 0.63, 1.32, 2.1750000000000003, 2.235, 2.07, 3.08, 3.3200000000000003, 3.36, 3.2800000000000002, 2.855, 2.735, 2.69, 4.235, 4.265, 4.215, 5.0, 4.855, 4.68, 3.7800000000000002, 1.695, 1.72, 1.6400000000000001, 0.29, 2.48, 4.54, 4.0, 0.41500000000000004, 3.58, 1.87, 0.155, 1.1300000000000001, 1.49, 2.97, 4.445, 2.36, 4.7700000000000005, 0.495, 3.89, 2.585, 3.6750000000000003, 1.205, 4.115, 1.96, 4.94, 3.475, 0], "R": [1, 1, 1, 1, 1, 1, 1, 1, 1, 1, 1, 1, 1, 1, 1, 1, 1, 1, 1, 1, 1, 1, 1, 1, 1, 0, 0, 0, 0, 0, 0, 0, 0, 0, 0, 0, 0, 0, 0, 0, 0, 0, 0, 0, 0, 0, 0, 0, 0, 0, 0, 0]}