{"RTG": [18, 17, 16, 15, 14, 13, 12, 11, 10, 9, 8, 7, 6, 5, 4, 3, 2, 1, 0, 0, 0, 0, 0, 0, 0, 0, 0, 0, 0, 0, 0, 0, 0, 0, 0, 0, 0, 0, 0, 0, 0, 0, 0, 0, 0, 0, 0, 0, 0, 0, 0, 0], "S": [0, 0.41171617023787066, -0.1681685232451838, 0.5928665680352182, 0.7535780975912624, 0.8011459087892528, 0.8205579041063652, 0.7665022349198103, 0.569257083247662, -0.5681424030680832, 0.2992456858903939, -0.4740018065749868, 0.8327877808682069, 1.1832205329391008, 1.1756294449900588, 0.587534579924061, -1.0773133856651251, 2.2096243099566566, 2.510577190859736, 2.665056914615652, 0.493019990916102, 0.9496061264010378, 0.5143621100491487, 1.127721295153221, 0.028266080697662052, 0.015058671514919365, -0.7433870189333005, 0.00646266035523254, 0.940457295044262, -0.6048098286998949, -0.6356053352110442, 1.233874684983979, -1.8790008443431394, 0.6517420719044649, -0.7506979107943184, 0.9242571415201947, -1.182399402186969, 1.275078842405209, 2.186387029405289, 1.9631888737933478, -1.1142781305849165, 0.4327458304589763, 1.3153844260682281, -0.6527118419102764, 0.23093654685116718, 1.2167981233580216, 2.356485375892664, -0.11803058692131012, -0.26302149708902195, -0.4570567081919362, 0.9985969048852414, 1.132872154906867], "A": [4.47, 4.405, 4.505, 4.57, 4.6450000000000005, 4.7700000000000005, 4.84, 4.9750000000000005, 0.0, 0.84, 0.99, 0.715, 0.66, 0.62, 1.845, 1.97, 1.7550000000000001, 1.73, 1.705, 1.54, 2.825, 2.97, 2.67, 2.52, 3.18, 3.75, 3.43, 0.31, 4.055, 0.19, 0.425, 1.2750000000000001, 2.27, 3.575, 2.1550000000000002, 3.9050000000000002, 3.305, 4.2, 4.24, 2.39, 1.125, 2.745, 1.42, 3.065, 0.5, 1.655, 0.085, 2.08, 3.665, 3.36, 2.595, 0], "R": [1, 1, 1, 1, 1, 1, 1, 1, 1, 1, 1, 1, 1, 1, 1, 1, 1, 1, 0, 0, 0, 0, 0, 0, 0, 0, 0, 0, 0, 0, 0, 0, 0, 0, 0, 0, 0, 0, 0, 0, 0, 0, 0, 0, 0, 0, 0, 0, 0, 0, 0, 0]}