{"RTG": [0, 0, 0, 0, 0, 0, 0, 0, 0, 0, 0, 0, 0, 0, 0, 0, 0, 0, 0, 0, 0, 0, 0, 0, 0, 0, 0, 0, 0, 0, 0, 0, 0, 0, 0, 0, 0, 0, 0, 0, 0, 0, 0, 0, 0, 0, 0, 0, 0, 0, 0, 0], "S": [0, 2.665056914615652, 2.6194882783227276, 1.9816540052700344, 0.20124723393830407, -0.5681424030680832, 1.187614098414235, 1.3227683909951515, 0.3857365692963434, -1.0316810346736789, -0.1445968462172942, -0.6929902457178543, 0.7665022349198103, 0.7810947647226019, 0.7582537177375791, 0.5544970678689413, 0.624834862100612, 0.4534819021847498, -0.6092041357060602, 1.1269664878719414, 1.2192840698341836, 0.8758965088053228, -0.7762990261304845, 0.0074048302044516555, -1.4239948062371293, -1.0364517181494661, 1.0942090702771463, 1.9421985709844345, -0.63677749333349, 0.8934834654088644, -0.8754740322537258, 0.5488342955281749, 0.5188737380858635, -0.06490318263147667, 0.3954010906932002, 1.1293561077306389, 2.1300292046727938, 0.7690116833676693, 1.2265483993932222, 1.1392762323358923, 1.1380356008066348, -1.621789297070172, -0.3552532035130716, 1.2992127756900016, -1.3684260504266743, -0.44919934217062807, 0.7652276639764811, 0.41543750807331425, 1.0814212867534516, 0.12001744277458769, -0.11299887448909537, 0.22387517807153576], "A": [1.705, 1.68, 1.77, 1.485, 0.0, 2.62, 2.75, 2.895, 2.455, 3.165, 3.995, 4.84, 5.0, 4.665, 4.495, 4.305, 0.77, 0.96, 0.59, 0.45, 0.305, 3.56, 2.095, 1.25, 3.7800000000000002, 3.35, 4.175, 0.17500000000000002, 2.25, 1.94, 3.025, 4.115, 3.435, 1.095, 0.675, 4.225, 4.75, 1.595, 2.685, 3.27, 1.375, 2.33, 0.38, 3.8850000000000002, 3.67, 4.575, 4.93, 2.1750000000000003, 0.865, 0.08, 1.16, 0], "R": [0, 0, 0, 0, 0, 0, 0, 0, 0, 0, 0, 0, 0, 0, 0, 0, 0, 0, 0, 0, 0, 0, 0, 0, 0, 0, 0, 0, 0, 0, 0, 0, 0, 0, 0, 0, 0, 0, 0, 0, 0, 0, 0, 0, 0, 0, 0, 0, 0, 0, 0, 0]}