{"RTG": [31, 30, 29, 28, 27, 26, 25, 24, 23, 22, 21, 20, 19, 18, 17, 16, 15, 14, 13, 12, 11, 10, 9, 8, 7, 6, 5, 4, 3, 2, 1, 0, 0, 0, 0, 0, 0, 0, 0, 0, 0, 0, 0, 0, 0, 0, 0, 0, 0, 0, 0, 0], "S": [0, -0.9194276956093578, -0.5681424030680832, 0.1642534074841468, -0.6092041357060602, 0.3680109104289028, 0.4949049722078865, 1.1832205329391008, 1.1914882796809394, -2.2383187886964397, 1.2341595925880817, 0.9001162474095208, 1.3266242924078386, 1.024040463667378, -0.6399272688825074, 1.154923932830813, -0.44151905624948234, 0.6726275675323473, 0.7697164372501104, 0.8560300178421365, 0.43333794832263955, -0.26316966470052044, 1.099627421136071, 1.2005038616307513, 0.08002013972113022, -0.7213855572269114, 0.6560959005237793, 1.2805352156985943, 1.2218576619033426, 2.2807160561275923, 1.723220249425911, 2.539316846348272, 2.6640935024130794, 1.1400171087098125, 0.17769761202432371, 2.199560797986056, 1.7668558624147594, 0.5054056779022843, -1.512229542652904, 0.42103107830772674, -0.4836500766001137, -0.08361090576424757, 0.7810947647226019, -0.7609918060846543, 1.4124672145230344, -0.1861306929802691, 1.1737062158429918, -0.1333343676888655, 0.5143621100491487, -0.4757085314032074, 0.7216939239772742, -0.8865485997154794], "A": [1.945, 0.0, 0.86, 0.96, 0.8200000000000001, 0.76, 0.66, 0.63, 1.32, 2.79, 2.83, 2.755, 2.58, 2.485, 2.645, 3.685, 4.535, 4.66, 4.795, 4.915, 4.385, 3.265, 3.335, 3.4250000000000003, 4.03, 0.29, 0.395, 0.44, 1.6500000000000001, 1.62, 1.67, 1.69, 2.19, 3.0700000000000003, 4.21, 4.165, 2.2800000000000002, 3.845, 1.1300000000000001, 0.145, 2.09, 5.0, 3.5700000000000003, 4.2700000000000005, 3.16, 1.815, 1.45, 2.97, 1.205, 4.73, 3.935, 0], "R": [1, 1, 1, 1, 1, 1, 1, 1, 1, 1, 1, 1, 1, 1, 1, 1, 1, 1, 1, 1, 1, 1, 1, 1, 1, 1, 1, 1, 1, 1, 1, 0, 0, 0, 0, 0, 0, 0, 0, 0, 0, 0, 0, 0, 0, 0, 0, 0, 0, 0, 0, 0]}