{"RTG": [51, 50, 49, 48, 47, 46, 45, 44, 43, 42, 41, 40, 39, 38, 37, 36, 35, 34, 33, 32, 31, 30, 29, 28, 27, 26, 25, 24, 23, 22, 21, 20, 19, 18, 17, 16, 15, 14, 13, 12, 11, 10, 9, 8, 7, 6, 5, 4, 3, 2, 1, 0], "S": [0, 0.09060725392395028, 1.1345633600572884, 1.8238428669741287, 2.198622511720558, 2.356485375892664, 2.486335711065681, 2.6194882783227276, -0.9952350182638754, -0.5681424030680832, 1.0887396232185838, 0.4109152650008146, 1.129227959703775, -0.17560713225483768, 0.2847659930484283, 0.2318331862051065, -0.5091648528801574, 0.5317048528935276, 0.7468985423979649, 0.7665022349198103, 0.7810947647226019, 0.8479373402835767, 1.1870405829024617, -0.7001124557070517, 0.7439499693117351, 1.124212497936378, 1.240122479297734, 0.49295855336629363, -0.30881443111225443, 0.8934834654088644, 0.22387517807153576, 0.7486707964918938, -1.3287532923747882, 0.12372982621026657, -0.5193532046837243, -0.8797078913319923, 0.040343652882350874, -2.019375394177136, -0.7657231146818407, 1.2752776432954898, 2.1880040451103517, 0.7765038309941795, 1.201293032425701, 0.4179323833926717, 1.2918036410372127, 1.2790399283068352, 0.7824357235715943, 0.4903847194743459, 0.377304667011703, -1.182399402186969, -0.5157422423457501, -0.2009931560051553], "A": [1.47, 1.59, 1.625, 1.645, 1.655, 1.665, 1.68, 1.955, 0.0, 2.81, 2.945, 2.665, 2.5100000000000002, 3.2, 3.415, 3.645, 4.49, 4.67, 4.84, 5.0, 4.295, 4.14, 4.0, 0.725, 0.5650000000000001, 0.42, 0.28, 0.905, 2.25, 1.16, 2.14, 3.81, 3.075, 0.15, 2.365, 1.045, 1.285, 3.525, 3.31, 4.215, 4.58, 0.645, 4.925, 2.735, 0.355, 4.755, 1.85, 0.8150000000000001, 3.9050000000000002, 2.065, 4.4, 0], "R": [1, 1, 1, 1, 1, 1, 1, 1, 1, 1, 1, 1, 1, 1, 1, 1, 1, 1, 1, 1, 1, 1, 1, 1, 1, 1, 1, 1, 1, 1, 1, 1, 1, 1, 1, 1, 1, 1, 1, 1, 1, 1, 1, 1, 1, 1, 1, 1, 1, 1, 1, 0]}