{"RTG": [23, 22, 21, 20, 19, 18, 17, 16, 15, 14, 13, 12, 11, 10, 9, 8, 7, 6, 5, 4, 3, 2, 1, 0, 0, 0, 0, 0, 0, 0, 0, 0, 0, 0, 0, 0, 0, 0, 0, 0, 0, 0, 0, 0, 0, 0, 0, 0, 0, 0, 0, 0], "S": [0, -0.7548756490013011, -0.5681424030680832, 0.1642534074841468, -0.6092041357060602, 0.3680109104289028, 0.4949049722078865, 1.1832205329391008, 1.1914882796809394, -2.2383187886964397, 1.0814212867534516, 1.0245921516336474, -0.4345148689017537, -0.23905034826659827, 0.7810947647226019, 0.47891439095336297, 0.45867151981736537, 1.2918036410372127, 1.1602292902251623, 1.2829686885252671, 0.2326502036687028, -0.7486598192425545, 0.7582537177375791, 0.7417519397012445, 2.6730387989219673, 2.593288167724146, 2.1109965038009197, 0.3573440360234566, 0.6560959005237793, -0.661659592454025, 1.8594942356609157, 0.26206678582391096, 2.0286591678260097, 1.2473233634412009, 1.1701627407828141, 0.28265279438418606, 0.1134268335735682, -0.5519999276125631, 0.42103107830772674, -1.1142781305849165, 0.8405098459569589, 0.23008588075507877, 0.2318331862051065, -1.512229542652904, 1.2198638448838093, -0.5441132825174866, 0.4462543804591722, -0.4757085314032074, 0.5674801530142803, -1.054315683292044, 1.1718425673152988, -0.11355670144341846], "A": [3.52, 0.0, 0.86, 0.96, 0.8200000000000001, 0.76, 0.66, 0.63, 1.32, 2.1750000000000003, 2.235, 2.07, 4.365, 5.0, 4.9, 2.88, 2.735, 2.695, 2.7800000000000002, 2.5300000000000002, 3.955, 4.665, 4.565, 1.695, 1.72, 1.6400000000000001, 3.205, 0.29, 3.74, 4.17, 4.105, 4.235, 0.41500000000000004, 3.34, 3.06, 1.87, 0.155, 1.1300000000000001, 2.39, 4.78, 1.49, 3.415, 3.845, 0.495, 3.6350000000000002, 4.4750000000000005, 1.205, 2.985, 1.965, 3.275, 0.075, 0], "R": [1, 1, 1, 1, 1, 1, 1, 1, 1, 1, 1, 1, 1, 1, 1, 1, 1, 1, 1, 1, 1, 1, 1, 0, 0, 0, 0, 0, 0, 0, 0, 0, 0, 0, 0, 0, 0, 0, 0, 0, 0, 0, 0, 0, 0, 0, 0, 0, 0, 0, 0, 0]}