{"RTG": [25, 24, 23, 22, 21, 20, 19, 18, 17, 16, 15, 14, 13, 12, 11, 10, 9, 8, 7, 6, 5, 4, 3, 2, 1, 0, 0, 0, 0, 0, 0, 0, 0, 0, 0, 0, 0, 0, 0, 0, 0, 0, 0, 0, 0, 0, 0, 0, 0, 0, 0, 0], "S": [0, 0.46102665645791197, 0.5209078855902575, 0.8560300178421365, 0.7558657355637947, -0.5681424030680832, 0.1642534074841468, 0.0866432673157289, 1.1514880559381484, 1.1914882796809394, 1.1501940146532572, 1.219269979845113, 1.2881202542280985, 1.0000009442743154, -1.9528264959818675, 0.8710105674086935, 0.9421555065576516, -0.9374506081177982, 0.7801908353249076, 1.1701627407828141, 0.2318331862051065, 1.2699450427223564, -0.18412100953310084, 2.2787485889783183, 1.8155548068888594, 2.510577190859736, 2.648718288939445, 0.9978997859167429, 0.4721344441138844, 1.1288287176578806, -0.2009931560051553, 0.4573498151461132, -1.0882046889653323, 0.8492731788192288, 0.7299093747335014, -1.1146936334141972, 2.0286591678260097, -0.5519999276125631, -0.6211852992102556, 1.0765033972163964, 0.12372982621026657, -0.9311057892287455, 2.014262628658444, -0.6527118419102764, -0.6092041357060602, 0.3146398464699526, 1.3227683909951515, -0.7197448335686071, 0.8164466281105316, 0.4534819021847498, 2.356485375892664, -0.7740292084447152], "A": [4.955, 4.89, 4.795, 4.745, 0.0, 0.86, 1.05, 0.67, 0.63, 0.545, 0.455, 0.39, 0.315, 1.28, 2.15, 2.245, 2.37, 3.235, 3.34, 3.415, 3.3000000000000003, 4.085, 1.75, 1.78, 1.73, 1.71, 2.82, 2.96, 2.6750000000000003, 4.4, 1.5350000000000001, 3.785, 2.565, 4.5600000000000005, 2.0, 4.235, 0.155, 3.615, 4.285, 3.075, 3.93, 4.18, 1.42, 0.96, 1.1500000000000001, 2.75, 2.48, 4.635, 0.77, 1.655, 3.5300000000000002, 0], "R": [1, 1, 1, 1, 1, 1, 1, 1, 1, 1, 1, 1, 1, 1, 1, 1, 1, 1, 1, 1, 1, 1, 1, 1, 1, 0, 0, 0, 0, 0, 0, 0, 0, 0, 0, 0, 0, 0, 0, 0, 0, 0, 0, 0, 0, 0, 0, 0, 0, 0, 0, 0]}