{"RTG": [17, 16, 15, 14, 13, 12, 11, 10, 9, 8, 7, 6, 5, 4, 3, 2, 1, 0, 0, 0, 0, 0, 0, 0, 0, 0, 0, 0, 0, 0, 0, 0, 0, 0, 0, 0, 0, 0, 0, 0, 0, 0, 0, 0, 0, 0, 0, 0, 0, 0, 0, 0], "S": [0, -0.35007698439985496, -0.5681424030680832, 0.2992456858903939, -0.4088659150438583, 0.3905628121415768, 0.35682762061356665, 0.5950547331054502, 0.17769761202432371, -0.9311057892287455, 0.8478622810701648, 0.8036415820234936, 0.7039863856329738, 0.5073931917166381, 0.6726275675323473, 0.14978629205510915, 0.3249895437356506, 2.356485375892664, 2.6462676611234475, 2.6246497070519292, -2.078054622311628, -0.5550393478506724, -0.7057535105063594, 1.2881202542280985, 1.2072785431808835, -0.09834637685729146, 2.1614265129414165, 1.0554799424175512, 1.7165118520294746, 0.5804748080628606, 1.189694727779941, -0.5344493610789871, 1.2699450427223564, -0.3881858065598431, 1.184145623379665, 1.187614098414235, 0.8219396147231978, 0.43558581507364647, 1.1260754615276558, -0.28949292123513, 0.4304544603542519, 1.1686108490458247, -1.4056490068099121, -0.6016781995881259, -0.8641358306892514, -0.9899543682703261, -0.007359300230342257, 1.1460939208731853, 1.4579884778504881, 0.8235016011496119, -0.7254372327259607, 0.7810947647226019], "A": [2.075, 0.0, 0.84, 0.915, 0.805, 2.9250000000000003, 3.005, 3.0700000000000003, 3.93, 4.785, 4.83, 4.695, 4.965, 4.535, 4.44, 1.51, 1.655, 1.685, 1.715, 1.29, 2.49, 3.505, 0.39, 0.51, 0.245, 4.195, 4.135, 4.255, 2.275, 2.705, 3.72, 3.3000000000000003, 1.9000000000000001, 0.625, 2.62, 3.375, 1.11, 2.185, 0.12, 3.21, 2.8000000000000003, 3.8200000000000003, 3.62, 1.41, 2.375, 1.04, 0.33, 1.8, 4.61, 4.025, 5.0, 0], "R": [1, 1, 1, 1, 1, 1, 1, 1, 1, 1, 1, 1, 1, 1, 1, 1, 1, 0, 0, 0, 0, 0, 0, 0, 0, 0, 0, 0, 0, 0, 0, 0, 0, 0, 0, 0, 0, 0, 0, 0, 0, 0, 0, 0, 0, 0, 0, 0, 0, 0, 0, 0]}