{"RTG": [24, 23, 22, 21, 20, 19, 18, 17, 16, 15, 14, 13, 12, 11, 10, 9, 8, 7, 6, 5, 4, 3, 2, 1, 0, 0, 0, 0, 0, 0, 0, 0, 0, 0, 0, 0, 0, 0, 0, 0, 0, 0, 0, 0, 0, 0, 0, 0, 0, 0, 0, 0], "S": [0, -0.7104987145618867, -0.5681424030680832, 0.1642534074841468, -0.6092041357060602, 0.3680109104289028, 0.4949049722078865, 1.1832205329391008, 1.1914882796809394, -2.2383187886964397, 1.0814212867534516, 1.0245921516336474, -0.4345148689017537, 0.10058988888118321, 0.7697164372501104, 0.8085877969105064, 0.47891439095336297, 2.0751036904311593, 1.555179369689812, 2.1990799042829505, 0.3496659885000683, 1.2423047404347072, 1.1712103381729184, -0.9252293777902464, -0.27455451950087434, 2.6732740673741575, 2.583789023717434, 2.2787485889783183, 0.6560959005237793, 1.1347072427156868, -1.4647684387382283, 1.2473233634412009, -0.1336677750241096, 0.9578542139492628, 0.3971961720618536, 0.7810947647226019, -0.5519999276125631, 0.42103107830772674, 0.7065887481278916, -0.3881858065598431, 1.0444516324076214, -0.7085119626694121, -0.4611514236144929, 1.2198638448838093, -0.6019000811690085, 0.5681183836528795, 0.22426911458075124, -0.5765074546122056, -0.28307668106601713, -0.11355670144341846, 1.133107637799685, 0.8036415820234936], "A": [3.59, 0.0, 0.86, 0.96, 0.8200000000000001, 0.76, 0.66, 0.63, 1.32, 2.1750000000000003, 2.235, 2.07, 4.4350000000000005, 4.66, 4.765, 4.9, 4.1850000000000005, 4.155, 4.205, 2.915, 2.72, 2.605, 2.465, 3.125, 1.7, 1.675, 1.75, 0.29, 3.345, 3.83, 0.41500000000000004, 3.44, 3.25, 1.5250000000000001, 5.0, 0.155, 1.1300000000000001, 4.55, 1.9000000000000001, 2.815, 3.9650000000000003, 3.7, 0.495, 2.345, 3.02, 4.325, 1.21, 1.44, 0.075, 2.66, 4.83, 0], "R": [1, 1, 1, 1, 1, 1, 1, 1, 1, 1, 1, 1, 1, 1, 1, 1, 1, 1, 1, 1, 1, 1, 1, 1, 0, 0, 0, 0, 0, 0, 0, 0, 0, 0, 0, 0, 0, 0, 0, 0, 0, 0, 0, 0, 0, 0, 0, 0, 0, 0, 0, 0]}