{"RTG": [4, 3, 2, 1, 0, 0, 0, 0, 0, 0, 0, 0, 0, 0, 0, 0, 0, 0, 0, 0, 0, 0, 0, 0, 0, 0, 0, 0, 0, 0, 0, 0, 0, 0, 0, 0, 0, 0, 0, 0, 0, 0, 0, 0, 0, 0, 0, 0, 0, 0, 0, 0], "S": [0, 1.550053509588688, 2.13684204514209, 2.404467632602444, 2.593288167724146, 2.6640935024130794, -0.5681424030680832, 1.1485285121397457, 0.9496061264010378, 0.3327416839338406, 0.5950547331054502, 0.14424649044003368, -0.4758467683438055, 0.41465958780389967, 0.6090386641418352, 0.7096778610505728, 0.6466991670257178, 0.38850455016500957, -1.182399402186969, 0.377304667011703, 1.1664614388095813, 1.2230482233664581, 1.1460939208731853, -0.598610461628525, -0.05613805381416219, 0.718905993062926, 0.4485587152594895, -2.019375394177136, 0.7810947647226019, -0.44919934217062807, -1.1142781305849165, 1.260659837942881, 0.8771817164369324, 2.199560797986056, -0.009124780770441163, 0.8132786627774347, 0.3496659885000683, -0.5281913749203656, -1.0849883657686858, 1.2722439051238437, -1.0364517181494661, 0.35049370059763607, 1.1867253408604772, 0.8478622810701648, -0.08257389710244357, -0.7609918060846543, 1.1484487020849217, -0.1285737335390223, 1.8888071569415663, 0.5331467533500495, 0.7554559803553068, -0.7001124557070517], "A": [1.795, 1.76, 1.74, 1.72, 1.69, 0.0, 2.69, 2.825, 2.535, 3.005, 3.19, 3.47, 4.315, 4.51, 4.69, 4.865, 4.11, 3.9050000000000002, 0.8150000000000001, 0.615, 0.48, 0.33, 0.2, 1.035, 2.265, 2.12, 1.285, 5.0, 3.67, 2.39, 3.3200000000000003, 0.71, 4.21, 1.46, 4.6000000000000005, 2.915, 0.93, 2.0100000000000002, 0.4, 3.7800000000000002, 1.145, 2.615, 4.785, 3.095, 3.5700000000000003, 2.195, 0.09, 4.245, 1.545, 3.38, 4.0, 0], "R": [1, 1, 1, 1, 0, 0, 0, 0, 0, 0, 0, 0, 0, 0, 0, 0, 0, 0, 0, 0, 0, 0, 0, 0, 0, 0, 0, 0, 0, 0, 0, 0, 0, 0, 0, 0, 0, 0, 0, 0, 0, 0, 0, 0, 0, 0, 0, 0, 0, 0, 0, 0]}