{"RTG": [25, 24, 23, 22, 21, 20, 19, 18, 17, 16, 15, 14, 13, 12, 11, 10, 9, 8, 7, 6, 5, 4, 3, 2, 1, 0, 0, 0, 0, 0, 0, 0, 0, 0, 0, 0, 0, 0, 0, 0, 0, 0, 0, 0, 0, 0, 0, 0, 0, 0, 0, 0], "S": [0, -0.6404363206845495, -0.5681424030680832, 0.1642534074841468, -0.6092041357060602, 0.3680109104289028, 0.4949049722078865, 1.1832205329391008, 1.1914882796809394, -2.2383187886964397, 1.0814212867534516, 1.0245921516336474, -0.4345148689017537, 0.2454218611888777, 0.8216524061744304, 0.7216939239772742, 0.5209078855902575, 0.7810947647226019, 2.084491255479688, 2.186387029405289, 1.314995406442874, 0.35682762061356665, -0.2575596417689937, 1.2918036410372127, 1.1849486762474712, -0.7197448335686071, 2.6732740673741575, 2.583789023717434, 2.2787485889783183, 0.6560959005237793, 1.0487836559167683, -1.5023795661589565, 1.2473233634412009, -0.3210934574237214, 1.0093963694162764, 0.3971961720618536, -0.5519999276125631, 0.42103107830772674, -0.3881858065598431, 0.9496061264010378, -0.6878780468282619, 0.6838990714313047, -0.7495170589353438, 1.2198638448838093, -0.5109588790481822, 0.5681183836528795, -0.5765074546122056, -0.07443101875082657, -0.28307668106601713, 0.8494306260888944, -0.11355670144341846, 0.8492731788192288], "A": [3.61, 0.0, 0.86, 0.96, 0.8200000000000001, 0.76, 0.66, 0.63, 1.32, 2.1750000000000003, 2.235, 2.07, 4.45, 4.63, 4.73, 4.89, 5.0, 4.23, 4.2, 4.1450000000000005, 2.9250000000000003, 3.12, 2.735, 2.625, 2.48, 1.7, 1.675, 1.75, 0.29, 3.355, 3.84, 0.41500000000000004, 3.455, 3.255, 1.5250000000000001, 0.155, 1.1300000000000001, 1.9000000000000001, 2.825, 3.975, 4.54, 2.355, 0.495, 3.715, 3.02, 1.21, 4.345, 1.44, 4.8100000000000005, 0.075, 2.565, 0], "R": [1, 1, 1, 1, 1, 1, 1, 1, 1, 1, 1, 1, 1, 1, 1, 1, 1, 1, 1, 1, 1, 1, 1, 1, 1, 0, 0, 0, 0, 0, 0, 0, 0, 0, 0, 0, 0, 0, 0, 0, 0, 0, 0, 0, 0, 0, 0, 0, 0, 0, 0, 0]}