{"RTG": [10, 9, 8, 7, 6, 5, 4, 3, 2, 1, 0, 0, 0, 0, 0, 0, 0, 0, 0, 0, 0, 0, 0, 0, 0, 0, 0, 0, 0, 0, 0, 0, 0, 0, 0, 0, 0, 0, 0, 0, 0, 0, 0, 0, 0, 0, 0, 0, 0, 0, 0, 0], "S": [0, 0.4485587152594895, -0.6664423878806288, 0.8124124524666402, 1.0141390956092324, 1.1400171087098125, -1.2050087939706549, 0.8854292108061834, 0.2560876713757903, 2.356485375892664, 2.583789023717434, 2.6732740673741575, -1.6203663406350275, -0.5681424030680832, 1.1718425673152988, 0.38641500747199387, -0.28687307137208434, 1.9631888737933478, 0.22426911458075124, 1.7668558624147594, 0.7810947647226019, 0.7665022349198103, 0.7468985423979649, 1.1756294449900588, 1.221849818761846, 1.183550878322407, 0.4379251455547883, -0.5689652042600516, -0.984767779832423, 1.2607647850267172, 0.37011310999987346, 1.129227959703775, -0.5856257424616661, -0.68423059871148, 0.6951830673805045, -0.7387734467982239, 0.4903847194743459, 0.42661607931867784, 1.2552709899027514, 0.8492731788192288, 0.42396904460622875, 0.5821843027492473, 0.290731299743892, 1.0022667714886981, 0.7690116833676693, -1.4061401913825524, -1.621789297070172, -0.1444384360798626, 1.2005038616307513, -0.4438624640970557, 0.021317089904629626, -0.18412100953310084], "A": [2.12, 2.055, 2.145, 2.165, 2.19, 2.42, 1.575, 1.495, 1.655, 1.675, 1.7, 1.26, 0.0, 3.275, 3.4050000000000002, 3.1350000000000002, 4.24, 4.325, 4.165, 5.0, 4.84, 4.67, 0.62, 0.49, 0.335, 0.775, 0.20500000000000002, 3.775, 2.785, 2.9, 2.665, 0.97, 3.985, 4.545, 3.58, 1.85, 1.105, 0.41000000000000003, 2.565, 4.92, 3.015, 4.455, 0.6950000000000001, 4.75, 3.88, 1.375, 0.095, 3.335, 3.6750000000000003, 0.875, 4.085, 0], "R": [1, 1, 1, 1, 1, 1, 1, 1, 1, 1, 0, 0, 0, 0, 0, 0, 0, 0, 0, 0, 0, 0, 0, 0, 0, 0, 0, 0, 0, 0, 0, 0, 0, 0, 0, 0, 0, 0, 0, 0, 0, 0, 0, 0, 0, 0, 0, 0, 0, 0, 0, 0]}