{"RTG": [25, 24, 23, 22, 21, 20, 19, 18, 17, 16, 15, 14, 13, 12, 11, 10, 9, 8, 7, 6, 5, 4, 3, 2, 1, 0, 0, 0, 0, 0, 0, 0, 0, 0, 0, 0, 0, 0, 0, 0, 0, 0, 0, 0, 0, 0, 0, 0, 0, 0, 0, 0], "S": [0, -1.488154407535072, -0.5681424030680832, 0.1642534074841468, -0.6092041357060602, 0.3680109104289028, 0.4949049722078865, 1.1832205329391008, 1.1914882796809394, -2.2383187886964397, 1.0814212867534516, 1.0245921516336474, -0.4345148689017537, 0.7016149151198066, 0.8188852879171115, 0.44388205005933845, 0.7299093747335014, 0.14978629205510915, 0.4215588852672501, 0.21347584363378308, 0.4301388341903039, 1.2423047404347072, 1.1326765301622912, 1.313771510494162, 0.5241625713457142, -0.4758467683438055, 2.6730387989219673, 2.593288167724146, 2.1109965038009197, 0.6560959005237793, 2.014262628658444, 0.26206678582391096, 1.8888071569415663, 1.2473233634412009, -0.47945674206180294, 0.1134268335735682, -0.5519999276125631, -1.1442504439522712, 0.42103107830772674, 1.2457424006890583, 0.23008588075507877, 1.2198638448838093, -0.7433870189333005, 0.7810947647226019, 0.0596368921205919, 0.6858565367473983, -0.4757085314032074, -0.6841722909757619, -1.054315683292044, 0.8164466281105316, 0.5340475232331015, -0.11355670144341846], "A": [3.865, 0.0, 0.86, 0.96, 0.8200000000000001, 0.76, 0.66, 0.63, 1.32, 2.1750000000000003, 2.235, 2.07, 4.715, 4.825, 4.95, 4.5600000000000005, 4.44, 3.045, 3.1950000000000003, 2.8850000000000002, 2.72, 2.68, 2.77, 2.545, 3.47, 1.695, 1.72, 1.6400000000000001, 0.29, 4.18, 4.105, 4.245, 0.41500000000000004, 3.6550000000000002, 1.87, 0.155, 2.395, 1.1300000000000001, 3.325, 1.49, 0.495, 3.75, 5.0, 4.335, 3.3850000000000002, 1.205, 3.98, 1.965, 4.635, 2.975, 0.075, 0], "R": [1, 1, 1, 1, 1, 1, 1, 1, 1, 1, 1, 1, 1, 1, 1, 1, 1, 1, 1, 1, 1, 1, 1, 1, 1, 0, 0, 0, 0, 0, 0, 0, 0, 0, 0, 0, 0, 0, 0, 0, 0, 0, 0, 0, 0, 0, 0, 0, 0, 0, 0, 0]}