{"RTG": [26, 25, 24, 23, 22, 21, 20, 19, 18, 17, 16, 15, 14, 13, 12, 11, 10, 9, 8, 7, 6, 5, 4, 3, 2, 1, 0, 0, 0, 0, 0, 0, 0, 0, 0, 0, 0, 0, 0, 0, 0, 0, 0, 0, 0, 0, 0, 0, 0, 0, 0, 0], "S": [0, 1.1348906924437472, 1.2008932538035024, 1.2218576619033426, 1.290558467107689, 0.7332462169914621, -0.9737435211646027, 0.8934834654088644, -0.6019000811690085, 1.1065611909486615, 0.2847659930484283, 0.7554559803553068, -0.657719301396538, 1.2752776432954898, -0.011464620116161107, 0.7810947647226019, 0.4989637315144307, 0.7697164372501104, 0.7181670574127406, -0.9194276956093578, -0.7762351625212653, -0.5651519821379951, 1.2607647850267172, 0.9001162474095208, 1.3153844260682281, -0.5681424030680832, 2.583789023717434, 2.6732740673741575, 2.3438345106132012, -0.5613504714487526, 0.4534819021847498, 1.66510693211448, -0.11157989388860974, 0.8492731788192288, -0.08326043425258514, 2.1300292046727938, 0.5243572241097797, 0.8313089284247416, 0.5781725177034593, -0.36679091592001095, 0.12001744277458769, -1.4864591883310811, -0.4345148689017537, -0.6016781995881259, -0.7197448335686071, -1.9528264959818675, 0.37368707232447523, 0.33376010508273046, 1.1293561077306389, 0.4508392748499579, 1.1637413930916065, 0.6852842044098775], "A": [0.555, 0.515, 0.44, 0.36, 0.295, 1.405, 2.25, 2.345, 2.18, 3.2, 3.38, 3.495, 3.31, 4.34, 5.0, 4.8950000000000005, 4.66, 4.555, 1.945, 3.95, 0.975, 2.785, 2.83, 2.745, 0.0, 1.675, 1.7, 1.745, 3.725, 0.77, 4.16, 1.185, 2.565, 4.09, 4.225, 3.0300000000000002, 4.775, 1.55, 0.13, 0.865, 3.835, 2.07, 3.62, 2.48, 1.28, 1.09, 4.46, 0.675, 2.955, 2.64, 1.84, 0], "R": [1, 1, 1, 1, 1, 1, 1, 1, 1, 1, 1, 1, 1, 1, 1, 1, 1, 1, 1, 1, 1, 1, 1, 1, 1, 1, 0, 0, 0, 0, 0, 0, 0, 0, 0, 0, 0, 0, 0, 0, 0, 0, 0, 0, 0, 0, 0, 0, 0, 0, 0, 0]}