{"RTG": [4, 3, 2, 1, 0, 0, 0, 0, 0, 0, 0, 0, 0, 0, 0, 0, 0, 0, 0, 0, 0, 0, 0, 0, 0, 0, 0, 0, 0, 0, 0, 0, 0, 0, 0, 0, 0, 0, 0, 0, 0, 0, 0, 0, 0, 0, 0, 0, 0, 0, 0, 0], "S": [0, 0.2053593529541412, 1.899839506890742, 2.2787485889783183, 2.510577190859736, 2.648718288939445, -0.5681424030680832, 1.3049009603131116, 0.609313522152387, 1.1712103381729184, -1.1127621184986758, -0.034142590711439366, -1.182399402186969, 0.7957554899833702, 0.43333794832263955, 0.8058072136235602, 0.002822489698097361, 0.35607588040206334, 1.184145623379665, 1.2198638448838093, 1.2154017406227207, -0.48797384671598903, 0.0866432673157289, -0.3210934574237214, -2.1696699967840307, 2.1614265129414165, 0.9215906391411742, 1.7165118520294746, 1.0814212867534516, -0.4570567081919362, 1.099627421136071, 0.6517420719044649, 0.3027282790335336, 0.7881508443671758, 0.7810947647226019, -0.4345148689017537, -0.5973820916024358, 0.5143621100491487, 1.1347072427156868, 1.2473233634412009, 0.27244383499665203, 0.7360187314858049, -1.0364517181494661, 1.127721295153221, -0.1444384360798626, -0.7695552481135107, 0.6090386641418352, -0.6527118419102764, -0.715299091384201, 0.015058671514919365, 1.723220249425911, -0.6776977831069698], "A": [1.865, 1.7750000000000001, 1.75, 1.73, 1.71, 0.0, 2.74, 2.86, 2.605, 2.445, 3.09, 3.9050000000000002, 4.76, 4.915, 4.595, 4.425, 0.8250000000000001, 0.625, 0.495, 0.34, 0.215, 1.05, 3.455, 1.3, 4.195, 4.13, 4.255, 2.1750000000000003, 3.665, 3.265, 2.27, 1.5050000000000001, 0.72, 5.0, 2.07, 0.9450000000000001, 2.97, 3.345, 0.41500000000000004, 1.155, 4.675, 3.7800000000000002, 2.67, 0.095, 3.565, 4.51, 1.42, 4.01, 3.18, 1.62, 2.35, 0], "R": [1, 1, 1, 1, 0, 0, 0, 0, 0, 0, 0, 0, 0, 0, 0, 0, 0, 0, 0, 0, 0, 0, 0, 0, 0, 0, 0, 0, 0, 0, 0, 0, 0, 0, 0, 0, 0, 0, 0, 0, 0, 0, 0, 0, 0, 0, 0, 0, 0, 0, 0, 0]}