{"RTG": [13, 12, 11, 10, 9, 8, 7, 6, 5, 4, 3, 2, 1, 0, 0, 0, 0, 0, 0, 0, 0, 0, 0, 0, 0, 0, 0, 0, 0, 0, 0, 0, 0, 0, 0, 0, 0, 0, 0, 0, 0, 0, 0, 0, 0, 0, 0, 0, 0, 0, 0, 0], "S": [0, 0.41543750807331425, 0.7333607073347894, -0.5681424030680832, 0.32211413453554105, -0.5651519821379951, 0.7439499693117351, 1.1832205329391008, 1.184145623379665, 0.783357385465521, -0.8275862870460531, 2.060748031034219, 2.404467632602444, 2.593288167724146, 2.6640935024130794, 1.2829686885252671, 0.35893135363273554, 1.1464646165049321, -0.7197448335686071, -0.5915936314210155, 0.13840231823318014, 0.7535780975912624, 0.7016149151198066, -0.18412100953310084, 1.2599255689740672, -0.0968313948440262, 0.2318331862051065, -2.1283174002063725, 0.8758965088053228, 1.1413307041700922, -0.6430356987022964, 1.240122479297734, -0.0017655707758112728, -1.0793329670954217, 0.3643491653233505, 0.290731299743892, -0.7506979107943184, 2.1990799042829505, 0.1321564168933086, 0.5243572241097797, 0.4327458304589763, 0.8494306260888944, 1.2243412031117622, 1.8888071569415663, 1.2167981233580216, -1.4056490068099121, -0.11803058692131012, -0.28478069236999004, 0.8492731788192288, 0.6842214616603056, 1.0942090702771463, 0.8095437992284806], "A": [4.93, 4.995, 0.0, 0.835, 0.975, 0.725, 0.66, 0.625, 1.835, 1.935, 1.7650000000000001, 1.74, 1.72, 1.69, 2.7800000000000002, 2.9050000000000002, 2.65, 2.48, 3.73, 4.33, 4.57, 4.715, 4.085, 3.295, 3.17, 3.415, 1.295, 0.305, 2.21, 0.185, 0.42, 2.31, 3.915, 2.115, 4.455, 3.575, 4.205, 1.475, 3.0300000000000002, 1.125, 4.8100000000000005, 2.715, 4.245, 0.5, 3.8200000000000003, 0.085, 1.195, 2.565, 1.56, 3.35, 4.64, 0], "R": [1, 1, 1, 1, 1, 1, 1, 1, 1, 1, 1, 1, 1, 0, 0, 0, 0, 0, 0, 0, 0, 0, 0, 0, 0, 0, 0, 0, 0, 0, 0, 0, 0, 0, 0, 0, 0, 0, 0, 0, 0, 0, 0, 0, 0, 0, 0, 0, 0, 0, 0, 0]}