{"RTG": [27, 26, 25, 24, 23, 22, 21, 20, 19, 18, 17, 16, 15, 14, 13, 12, 11, 10, 9, 8, 7, 6, 5, 4, 3, 2, 1, 0, 0, 0, 0, 0, 0, 0, 0, 0, 0, 0, 0, 0, 0, 0, 0, 0, 0, 0, 0, 0, 0, 0, 0, 0], "S": [0, 1.05823352995558, 1.1260754615276558, 0.27750730430012266, -1.320838392830492, 1.294516094678491, 1.2417797507923742, 1.2207514698396822, 1.1211829717379291, 1.1293561077306389, 0.4534819021847498, -0.48797384671598903, 0.12372982621026657, 1.2599255689740672, 1.1701627407828141, 0.7143651627474831, 0.37011310999987346, 1.2599296432649467, 1.1326765301622912, 1.2829686885252671, 0.43020799552765826, 2.0751036904311593, 2.1880040451103517, 1.5186593645993924, 0.7810947647226019, 0.6977617291854273, 0.7360187314858049, 2.539316846348272, 2.6732740673741575, 2.3438345106132012, -0.7011682182012821, 0.6726275675323473, -0.43538446450642626, 0.1321564168933086, -0.5681424030680832, -0.7840024552976274, -0.8455440470023323, -0.5315242372945383, -1.1442504439522712, 0.10058988888118321, 0.43558581507364647, 0.8085877969105064, -1.621789297070172, -0.03201196311671608, -0.6434383622202263, 0.8854292108061834, -0.49352352380335235, -0.1444384360798626, 0.5891517867554916, 0.421746209599056, -0.19947597225900737, -1.512229542652904], "A": [2.23, 2.185, 2.11, 1.245, 0.385, 0.34500000000000003, 0.465, 0.5700000000000001, 0.675, 0.77, 0.215, 3.075, 3.295, 3.34, 3.23, 2.9, 2.725, 2.68, 2.7800000000000002, 2.54, 4.1850000000000005, 4.215, 4.265, 5.0, 4.855, 4.675, 1.67, 1.7, 1.745, 3.745, 4.535, 0.995, 1.475, 0.0, 3.5500000000000003, 3.94, 1.9100000000000001, 2.395, 4.4350000000000005, 1.11, 4.765, 1.375, 0.88, 4.05, 1.575, 3.65, 0.095, 2.995, 4.94, 3.4450000000000003, 3.845, 0], "R": [1, 1, 1, 1, 1, 1, 1, 1, 1, 1, 1, 1, 1, 1, 1, 1, 1, 1, 1, 1, 1, 1, 1, 1, 1, 1, 1, 0, 0, 0, 0, 0, 0, 0, 0, 0, 0, 0, 0, 0, 0, 0, 0, 0, 0, 0, 0, 0, 0, 0, 0, 0]}