{"RTG": [25, 24, 23, 22, 21, 20, 19, 18, 17, 16, 15, 14, 13, 12, 11, 10, 9, 8, 7, 6, 5, 4, 3, 2, 1, 0, 0, 0, 0, 0, 0, 0, 0, 0, 0, 0, 0, 0, 0, 0, 0, 0, 0, 0, 0, 0, 0, 0, 0, 0, 0, 0], "S": [0, -0.7848058643362025, -0.5681424030680832, 0.1642534074841468, -0.6092041357060602, 0.3680109104289028, 0.4949049722078865, 1.1832205329391008, 1.1914882796809394, -2.2383187886964397, 1.0814212867534516, 1.0245921516336474, -0.4345148689017537, -0.24919191085202425, 0.40577549456587986, 0.46043837533281906, 0.2847659930484283, 1.2243412031117622, 1.1288287176578806, 1.3223751932371433, 0.6137687486908822, 0.7810947647226019, 0.5209078855902575, 0.7170916018157362, 0.7765038309941795, -0.6878780468282619, 2.6730387989219673, 2.593288167724146, 2.1109965038009197, 0.6560959005237793, 2.124266822246258, 1.0554799424175512, 1.8063011458935552, -0.984767779832423, 1.2473233634412009, 1.0487836559167683, 0.1134268335735682, -0.5519999276125631, -1.1442504439522712, 0.42103107830772674, 0.23008588075507877, 0.8478622810701648, -0.06490318263147667, -0.4570567081919362, 1.2198638448838093, 0.5544970678689413, 1.2009822841548368, -1.4061401913825524, -0.4757085314032074, -1.054315683292044, 0.5340475232331015, -0.11355670144341846], "A": [3.545, 0.0, 0.86, 0.96, 0.8200000000000001, 0.76, 0.66, 0.63, 1.32, 2.1750000000000003, 2.235, 2.07, 4.39, 2.89, 3.04, 3.2, 2.715, 2.6750000000000003, 2.765, 2.5500000000000003, 5.0, 4.89, 4.6850000000000005, 4.58, 3.975, 1.695, 1.72, 1.6400000000000001, 0.29, 4.19, 4.135, 4.25, 3.775, 0.41500000000000004, 3.355, 1.87, 0.155, 2.395, 1.1300000000000001, 1.49, 4.785, 3.435, 3.665, 0.495, 4.495, 3.2800000000000002, 3.88, 1.205, 1.965, 2.975, 0.075, 0], "R": [1, 1, 1, 1, 1, 1, 1, 1, 1, 1, 1, 1, 1, 1, 1, 1, 1, 1, 1, 1, 1, 1, 1, 1, 1, 0, 0, 0, 0, 0, 0, 0, 0, 0, 0, 0, 0, 0, 0, 0, 0, 0, 0, 0, 0, 0, 0, 0, 0, 0, 0, 0]}