{"RTG": [29, 28, 27, 26, 25, 24, 23, 22, 21, 20, 19, 18, 17, 16, 15, 14, 13, 12, 11, 10, 9, 8, 7, 6, 5, 4, 3, 2, 1, 0, 0, 0, 0, 0, 0, 0, 0, 0, 0, 0, 0, 0, 0, 0, 0, 0, 0, 0, 0, 0, 0, 0], "S": [0, 0.26206678582391096, -0.7254372327259607, 1.0554799424175512, 1.314995406442874, 1.4381036978079742, 1.555179369689812, 1.9421985709844345, 2.084491255479688, 2.1646963807230764, 2.1990799042829505, -0.5681424030680832, 0.27208023610146237, 0.0866432673157289, 1.1971315791461121, 1.1935643644957392, 1.3014072903111207, 0.06518168505993671, -2.2362571854591744, 1.0814212867534516, 0.1748996278641049, -0.7349959441494497, -0.2844192542658805, 0.7810947647226019, 0.6977617291854273, 0.7259718516629005, 1.2766244561205646, 0.7997946265823738, 1.1712103381729184, -0.7657231146818407, 2.6462676611234475, 2.648718288939445, 1.4202812468229182, -0.7197448335686071, 1.2704887200104722, 0.7181670574127406, 0.783357385465521, -0.5613504714487526, 0.5143621100491487, 0.7008456084275234, 0.5392684839855656, -0.32750870905583246, 0.22387517807153576, 0.09060725392395028, 0.8205579041063652, 0.7801908353249076, 1.2218576619033426, -0.5973820916024358, -1.4376841077764138, -0.8275862870460531, 0.4462543804591722, 1.129227959703775], "A": [4.105, 4.025, 4.135, 4.1450000000000005, 4.15, 4.155, 4.175, 4.23, 4.22, 4.205, 0.0, 0.845, 1.05, 0.635, 0.52, 0.37, 0.255, 1.315, 2.1750000000000003, 2.3000000000000003, 2.05, 3.13, 5.0, 4.855, 4.68, 2.73, 2.84, 2.605, 3.525, 1.685, 1.71, 1.605, 2.48, 3.315, 4.555, 1.835, 3.725, 2.97, 0.73, 3.395, 0.125, 1.16, 1.47, 4.7700000000000005, 3.235, 0.44, 0.9450000000000001, 3.825, 1.935, 4.4750000000000005, 2.665, 0], "R": [1, 1, 1, 1, 1, 1, 1, 1, 1, 1, 1, 1, 1, 1, 1, 1, 1, 1, 1, 1, 1, 1, 1, 1, 1, 1, 1, 1, 1, 0, 0, 0, 0, 0, 0, 0, 0, 0, 0, 0, 0, 0, 0, 0, 0, 0, 0, 0, 0, 0, 0, 0]}