{"RTG": [24, 23, 22, 21, 20, 19, 18, 17, 16, 15, 14, 13, 12, 11, 10, 9, 8, 7, 6, 5, 4, 3, 2, 1, 0, 0, 0, 0, 0, 0, 0, 0, 0, 0, 0, 0, 0, 0, 0, 0, 0, 0, 0, 0, 0, 0, 0, 0, 0, 0, 0, 0], "S": [0, 0.37011310999987346, 0.9001162474095208, 1.2341595925880817, 1.3265893946558156, -0.08257389710244357, -0.5681424030680832, 0.2045054376024882, 0.0866432673157289, 1.1929647133334638, 1.1327279928260916, 1.219269979845113, 1.294516094678491, 0.8758965088053228, -2.078054622311628, -0.8455440470023323, 0.8564619056302556, 0.47891439095336297, 0.7170916018157362, 0.6369849008242138, -0.2695911284410121, -1.0323222330279518, -0.6833665323328018, -1.0785053980520602, 2.486335711065681, 2.6730387989219673, 2.4602044790854074, 1.7668558624147594, 0.025247930055477295, 2.0286591678260097, -0.5915936314210155, 1.2450646428424186, 1.151436074096337, 0.2560876713757903, 0.9147600389067359, -0.5519999276125631, 0.8848719625808373, 0.7810947647226019, 0.1134268335735682, 0.5210538878624557, 0.6517420719044649, 0.3146398464699526, 0.2847659930484283, -0.5821590646936314, 0.8132786627774347, -1.5023795661589565, -0.37205149742952043, -0.6077964200381839, -0.8641358306892514, 0.4485587152594895, 0.5950547331054502, -0.11355670144341846], "A": [2.9, 2.83, 2.79, 2.7600000000000002, 3.095, 0.0, 0.855, 1.05, 0.655, 0.595, 0.455, 0.385, 0.305, 1.29, 3.94, 4.8, 4.9, 4.6850000000000005, 4.5200000000000005, 4.38, 2.02, 3.5, 2.3850000000000002, 1.665, 1.695, 1.735, 4.165, 4.095, 4.235, 3.73, 3.29, 2.2, 1.495, 2.57, 0.155, 3.37, 5.0, 1.87, 0.755, 2.27, 1.1500000000000001, 3.2, 3.625, 4.6000000000000005, 3.84, 2.5, 0.9500000000000001, 1.41, 2.12, 3.005, 0.075, 0], "R": [1, 1, 1, 1, 1, 1, 1, 1, 1, 1, 1, 1, 1, 1, 1, 1, 1, 1, 1, 1, 1, 1, 1, 1, 0, 0, 0, 0, 0, 0, 0, 0, 0, 0, 0, 0, 0, 0, 0, 0, 0, 0, 0, 0, 0, 0, 0, 0, 0, 0, 0, 0]}