{"RTG": [14, 13, 12, 11, 10, 9, 8, 7, 6, 5, 4, 3, 2, 1, 0, 0, 0, 0, 0, 0, 0, 0, 0, 0, 0, 0, 0, 0, 0, 0, 0, 0, 0, 0, 0, 0, 0, 0, 0, 0, 0, 0, 0, 0, 0, 0, 0, 0, 0, 0, 0, 0], "S": [0, 0.28265279438418606, 0.5519536381881391, 0.35130374988897833, -0.5681424030680832, 0.1642534074841468, -0.15546005114250563, 0.920655627807069, 1.1832205329391008, 1.1756294449900588, 0.1134268335735682, -0.08361090576424757, 2.356485375892664, 1.8238428669741287, 2.583789023717434, 2.6732740673741575, -1.182399402186969, 0.7957554899833702, 0.42396904460622875, 0.8058072136235602, 0.002822489698097361, -0.8626716533395865, -0.5197320190323577, 1.10297997475711, -0.5689652042600516, 1.2287157098589727, -2.078054622311628, 2.1614265129414165, 0.9215906391411742, 1.7165118520294746, 1.1602292902251623, -0.44124323692021794, 1.1718425673152988, 0.7817142987958644, 1.1815012598688805, 0.7810947647226019, 1.0487836559167683, 0.38008632231324074, 0.7360187314858049, -0.5225634108889254, -0.28307668106601713, -1.0882046889653323, 1.2341595925880817, -1.1185111654206692, 1.1065611909486615, 0.07785300854845761, -0.1444384360798626, -0.7253309927571581, 0.6090386641418352, 1.2072785431808835, -0.715299091384201, -0.5805195318260895], "A": [3.06, 2.98, 2.92, 0.0, 0.86, 1.025, 0.705, 0.66, 0.62, 1.87, 2.09, 1.655, 1.625, 1.675, 1.7, 3.9050000000000002, 4.76, 4.92, 4.595, 4.425, 2.47, 3.475, 0.325, 0.20500000000000002, 0.43, 1.29, 4.195, 4.13, 4.255, 2.695, 3.68, 3.275, 2.2600000000000002, 2.61, 5.0, 3.355, 1.1400000000000001, 4.675, 2.34, 1.44, 3.785, 2.79, 1.985, 2.18, 3.185, 0.095, 3.585, 4.51, 0.51, 4.01, 0.9400000000000001, 0], "R": [1, 1, 1, 1, 1, 1, 1, 1, 1, 1, 1, 1, 1, 1, 0, 0, 0, 0, 0, 0, 0, 0, 0, 0, 0, 0, 0, 0, 0, 0, 0, 0, 0, 0, 0, 0, 0, 0, 0, 0, 0, 0, 0, 0, 0, 0, 0, 0, 0, 0, 0, 0]}