{"RTG": [2, 1, 0, 0, 0, 0, 0, 0, 0, 0, 0, 0, 0, 0, 0, 0, 0, 0, 0, 0, 0, 0, 0, 0, 0, 0, 0, 0, 0, 0, 0, 0, 0, 0, 0, 0, 0, 0, 0, 0, 0, 0, 0, 0, 0, 0, 0, 0, 0, 0, 0, 0], "S": [0, 2.2787485889783183, 2.593288167724146, 2.6730387989219673, 0.4256092218561636, -0.5681424030680832, 1.1551915578798113, 1.2766244561205646, 0.45867151981736537, -1.1684325326578182, -0.20383592218805494, -0.8086308259890348, 0.8560300178421365, 0.44388205005933845, 0.8164466281105316, 0.33376010508273046, 0.4534819021847498, -0.6092041357060602, 1.1269664878719414, 1.2192840698341836, 0.8758965088053228, -0.7250333914407979, 1.8063011458935552, 1.7668558624147594, -0.5157422423457501, -1.6203663406350275, 1.2699450427223564, -0.5613504714487526, -0.63677749333349, 1.0245921516336474, -0.011464620116161107, 0.7554559803553068, -0.5980416703876035, 0.41313196293813004, 1.1293561077306389, 0.5800560575903002, 0.7065887481278916, -0.8641358306892514, -0.0017655707758112728, -0.5010243947417435, 1.129227959703775, -1.4647684387382283, 1.2992127756900016, -0.6016781995881259, 0.7810947647226019, 0.5754088667607283, 0.7131136754895187, 2.018703006539025, 0.9242571415201947, 0.12001744277458769, 0.10777792340828776, -0.11299887448909537], "A": [1.75, 1.72, 1.695, 1.53, 0.0, 2.6, 2.73, 2.88, 2.435, 3.11, 3.9450000000000003, 4.795, 4.95, 4.635, 4.46, 0.77, 0.96, 0.59, 0.45, 0.305, 3.5100000000000002, 4.25, 4.165, 2.065, 1.26, 3.3000000000000003, 3.725, 0.17500000000000002, 2.235, 4.34, 3.38, 1.915, 1.1, 0.675, 2.99, 4.55, 1.41, 2.31, 4.065, 2.665, 3.83, 0.38, 3.62, 5.0, 3.22, 4.7250000000000005, 1.635, 2.1550000000000002, 0.865, 1.17, 0.08, 0], "R": [1, 1, 0, 0, 0, 0, 0, 0, 0, 0, 0, 0, 0, 0, 0, 0, 0, 0, 0, 0, 0, 0, 0, 0, 0, 0, 0, 0, 0, 0, 0, 0, 0, 0, 0, 0, 0, 0, 0, 0, 0, 0, 0, 0, 0, 0, 0, 0, 0, 0, 0, 0]}