{"RTG": [29, 28, 27, 26, 25, 24, 23, 22, 21, 20, 19, 18, 17, 16, 15, 14, 13, 12, 11, 10, 9, 8, 7, 6, 5, 4, 3, 2, 1, 0, 0, 0, 0, 0, 0, 0, 0, 0, 0, 0, 0, 0, 0, 0, 0, 0, 0, 0, 0, 0, 0, 0], "S": [0, -0.4572802851966546, -0.5681424030680832, 0.5804748080628606, -0.3552532035130716, 0.8934834654088644, 1.0867645302829678, 1.1065611909486615, 0.5033711967483209, 1.1347072427156868, 0.6136213460770834, 1.2704887200104722, 1.8888071569415663, 1.3027192822091056, 2.1300292046727938, 2.186387029405289, 0.8164466281105316, 0.8405098459569589, 0.4307974516011793, 0.8327877808682069, 0.2045054376024882, 1.1211829717379291, 1.2247109249108254, 0.8758965088053228, 1.1302751163004074, 0.35130374988897833, 1.1392762323358923, 1.899839506890742, 0.783357385465521, 2.5551020877188306, 2.6732740673741575, -0.984767779832423, 0.43977288007454873, 1.5204906701516285, -1.5240886404133587, -0.3935566625341845, 0.6090386641418352, -0.6238152741688394, 0.9147600389067359, -0.7486598192425545, -0.6592004082044743, 0.3321029361393006, -1.1026558432093951, 0.7810947647226019, 1.2005613140987013, 0.6989865678173576, 1.3014072903111207, -0.46555971502504534, -0.6434383622202263, -0.7548756490013011, -0.11355670144341846, 0.05135519972342358], "A": [1.43, 0.0, 2.275, 2.33, 2.25, 2.225, 2.18, 3.215, 3.345, 3.39, 3.315, 4.245, 4.275, 4.225, 4.2, 4.635, 4.78, 4.945, 0.715, 0.855, 0.5700000000000001, 0.435, 0.305, 2.805, 2.92, 2.685, 1.7750000000000001, 1.835, 1.725, 1.7, 3.775, 1.115, 1.61, 1.2550000000000001, 1.0, 4.51, 0.17, 2.57, 3.955, 3.605, 3.055, 2.005, 5.0, 0.64, 4.71, 0.37, 2.495, 4.05, 3.52, 0.075, 4.43, 0], "R": [1, 1, 1, 1, 1, 1, 1, 1, 1, 1, 1, 1, 1, 1, 1, 1, 1, 1, 1, 1, 1, 1, 1, 1, 1, 1, 1, 1, 1, 0, 0, 0, 0, 0, 0, 0, 0, 0, 0, 0, 0, 0, 0, 0, 0, 0, 0, 0, 0, 0, 0, 0]}