{"RTG": [15, 14, 13, 12, 11, 10, 9, 8, 7, 6, 5, 4, 3, 2, 1, 0, 0, 0, 0, 0, 0, 0, 0, 0, 0, 0, 0, 0, 0, 0, 0, 0, 0, 0, 0, 0, 0, 0, 0, 0, 0, 0, 0, 0, 0, 0, 0, 0, 0, 0, 0, 0], "S": [0, 0.5891517867554916, 0.39342310011908804, 0.3321029361393006, -0.5681424030680832, 0.1642534074841468, -0.10563491063426701, 0.9625550854276712, 1.1929647133334638, 1.1571444090289609, 1.3014072903111207, 1.1460939208731853, 1.240122479297734, 0.3941168188128473, -1.0615730161681003, 2.5551020877188306, 2.6732740673741575, 2.198622511720558, -1.0793329670954217, 0.8085877969105064, 0.42396904460622875, 0.8132786627774347, 0.05135519972342358, -0.7940973879101138, -0.6286623709632781, -2.201677621553729, 2.186387029405289, 1.0554799424175512, 1.5186593645993924, 1.1740795034056069, 0.8934834654088644, -0.4611514236144929, 1.2450646428424186, -0.5519999276125631, 1.1867253408604772, 0.4304544603542519, 0.9720001096732416, 0.7810947647226019, 0.20124723393830407, 0.35049370059763607, 0.8219396147231978, 0.7259718516629005, 1.1686108490458247, -1.2849974428615545, -0.6776977831069698, -0.6772614302070163, 0.623634391545786, -0.7251050469638722, -0.5805195318260895, -0.9737435211646027, -0.11355670144341846, 0.7665022349198103], "A": [2.995, 2.94, 3.055, 0.0, 0.86, 1.03, 0.7000000000000001, 0.655, 0.61, 0.37, 0.33, 0.42, 1.855, 2.015, 1.725, 1.7, 1.645, 3.915, 4.765, 4.92, 4.6000000000000005, 4.43, 2.475, 3.49, 1.305, 4.2, 4.135, 4.265, 2.7, 2.25, 3.7, 3.29, 0.155, 2.615, 3.21, 2.16, 5.0, 1.485, 1.145, 3.375, 4.68, 2.8000000000000003, 3.805, 2.35, 3.6, 4.515, 4.0200000000000005, 0.9400000000000001, 1.405, 0.075, 4.84, 0], "R": [1, 1, 1, 1, 1, 1, 1, 1, 1, 1, 1, 1, 1, 1, 1, 0, 0, 0, 0, 0, 0, 0, 0, 0, 0, 0, 0, 0, 0, 0, 0, 0, 0, 0, 0, 0, 0, 0, 0, 0, 0, 0, 0, 0, 0, 0, 0, 0, 0, 0, 0, 0]}