{"RTG": [24, 23, 22, 21, 20, 19, 18, 17, 16, 15, 14, 13, 12, 11, 10, 9, 8, 7, 6, 5, 4, 3, 2, 1, 0, 0, 0, 0, 0, 0, 0, 0, 0, 0, 0, 0, 0, 0, 0, 0, 0, 0, 0, 0, 0, 0, 0, 0, 0, 0, 0, 0], "S": [0, -1.1026558432093951, -0.5681424030680832, 0.1642534074841468, -0.6092041357060602, 0.3680109104289028, 0.4949049722078865, 1.1832205329391008, 1.1914882796809394, -2.2383187886964397, 0.6543334699031734, 0.5143621100491487, 1.2243412031117622, 1.127721295153221, -0.2844192542658805, -0.37205149742952043, -0.6841722909757619, 0.7861115957725884, 0.4166613326088767, 0.7063621804743907, 0.7417519397012445, 0.19826562714405405, -0.7840024552976274, 2.583789023717434, 2.2807160561275923, 2.6732740673741575, 0.6560959005237793, 2.1300292046727938, 1.7668558624147594, 0.718905993062926, 1.2005038616307513, -0.8835498934886132, 1.2473233634412009, 0.624834862100612, -0.5519999276125631, 0.9720001096732416, 0.42103107830772674, 0.2318331862051065, 1.0768972333907842, 0.9022883692297691, -0.9899543682703261, 0.16883208745421255, 0.7810947647226019, 1.2198638448838093, -1.4389975327009001, -0.4672195710409025, -0.4757085314032074, 0.8095437992284806, -0.5315242372945383, 1.0675806827655183, -0.2767185250323555, 0.46043837533281906], "A": [2.005, 0.0, 0.86, 0.96, 0.8200000000000001, 0.76, 0.66, 0.63, 1.32, 2.855, 2.97, 2.715, 2.67, 3.13, 2.5, 3.98, 4.835, 4.9350000000000005, 4.72, 4.565, 4.445, 3.5500000000000003, 1.675, 1.6500000000000001, 1.7, 0.29, 4.225, 4.165, 2.265, 3.335, 3.765, 0.41500000000000004, 4.305, 0.155, 2.16, 1.1300000000000001, 3.415, 1.82, 3.245, 2.375, 1.48, 5.0, 0.495, 3.875, 3.66, 1.205, 4.64, 1.9100000000000001, 2.585, 4.08, 3.04, 0], "R": [1, 1, 1, 1, 1, 1, 1, 1, 1, 1, 1, 1, 1, 1, 1, 1, 1, 1, 1, 1, 1, 1, 1, 1, 0, 0, 0, 0, 0, 0, 0, 0, 0, 0, 0, 0, 0, 0, 0, 0, 0, 0, 0, 0, 0, 0, 0, 0, 0, 0, 0, 0]}