{"RTG": [10, 9, 8, 7, 6, 5, 4, 3, 2, 1, 0, 0, 0, 0, 0, 0, 0, 0, 0, 0, 0, 0, 0, 0, 0, 0, 0, 0, 0, 0, 0, 0, 0, 0, 0, 0, 0, 0, 0, 0, 0, 0, 0, 0, 0, 0, 0, 0, 0, 0, 0, 0], "S": [0, 0.3971961720618536, -0.009124780770441163, 0.8127354545276446, 1.3220304032576353, 1.5204906701516285, 1.723220249425911, 1.8238428669741287, 2.018703006539025, 2.198622511720558, 2.5551020877188306, 2.6730387989219673, -0.5681424030680832, 1.1722023515752833, 1.3223751932371433, 0.35215098025751895, -0.8626716533395865, 0.4304544603542519, 0.38641500747199387, -0.6404363206845495, 0.290731299743892, 0.7582537177375791, 0.8036415820234936, 0.7810947647226019, 2.084491255479688, 1.555179369689812, 0.5176853876426791, 1.0022667714886981, 1.142098306587714, 1.2805352156985943, 0.1500898090710972, 0.2045054376024882, 0.8710105674086935, 0.21421182414513124, -1.4664759182334537, 0.6517420719044649, 0.17769761202432371, -0.9971860540038541, 0.7417519397012445, 0.04047799628533581, -0.36679091592001095, 1.2752776432954898, 1.2217589136693932, 0.42396904460622875, -0.7213851175583837, -0.5915936314210155, -0.611716481250362, 1.1740795034056069, 0.4534819021847498, -0.8169671187903633, 0.7690116833676693, -0.7057535105063594], "A": [1.5250000000000001, 1.46, 1.57, 1.6, 1.61, 1.62, 1.625, 1.635, 1.645, 1.725, 1.695, 0.0, 2.6350000000000002, 2.765, 2.91, 2.47, 3.21, 3.4050000000000002, 3.61, 4.455, 4.665, 4.83, 5.0, 4.23, 4.155, 4.3100000000000005, 0.6950000000000001, 0.55, 0.395, 0.26, 0.855, 2.15, 1.065, 3.87, 2.27, 3.0700000000000003, 2.025, 4.565, 1.175, 0.13, 3.31, 0.47000000000000003, 4.92, 4.015, 3.73, 0.9550000000000001, 2.7, 0.77, 2.36, 4.75, 3.505, 0], "R": [1, 1, 1, 1, 1, 1, 1, 1, 1, 1, 0, 0, 0, 0, 0, 0, 0, 0, 0, 0, 0, 0, 0, 0, 0, 0, 0, 0, 0, 0, 0, 0, 0, 0, 0, 0, 0, 0, 0, 0, 0, 0, 0, 0, 0, 0, 0, 0, 0, 0, 0, 0]}