{"RTG": [51, 50, 49, 48, 47, 46, 45, 44, 43, 42, 41, 40, 39, 38, 37, 36, 35, 34, 33, 32, 31, 30, 29, 28, 27, 26, 25, 24, 23, 22, 21, 20, 19, 18, 17, 16, 15, 14, 13, 12, 11, 10, 9, 8, 7, 6, 5, 4, 3, 2, 1, 0], "S": [0, 1.8238428669741287, 1.1345633600572884, 2.198622511720558, 2.356485375892664, 2.486335711065681, 2.6194882783227276, -0.7758314779013478, -0.5681424030680832, 1.2607647850267172, 0.35215098025751895, 1.1390065784520442, -0.6399272688825074, -0.6250762041214045, 0.7765038309941795, 0.7433692441740283, -0.1681685232451838, 0.42396904460622875, 0.47240745786319704, 1.1204461855443508, 1.2218576619033426, 0.7332462169914621, -0.5856257424616661, 1.2699450427223564, 0.015058671514919365, 0.15531055956049092, -0.2767185250323555, -1.320838392830492, 1.1101488684181469, 0.4485587152594895, -1.0793329670954217, 1.9631888737933478, -0.6049491287165064, -0.3552532035130716, 2.124266822246258, -0.7387734467982239, 0.7810947647226019, 1.1514880559381484, 0.49481502529770993, 0.41313196293813004, 0.7697164372501104, -1.414747719560874, 1.2423047404347072, 1.3014072903111207, 0.12001744277458769, 0.5544970678689413, -1.4376841077764138, 0.8036415820234936, -0.9561600736877052, 0.9147600389067359, 1.0487836559167683, -0.11355670144341846], "A": [1.625, 1.59, 1.645, 1.655, 1.665, 1.68, 1.93, 0.0, 2.785, 2.91, 2.6550000000000002, 2.485, 3.735, 4.58, 4.74, 4.405, 4.92, 0.765, 0.58, 0.44, 0.295, 0.97, 3.3000000000000003, 3.18, 3.42, 4.08, 1.245, 2.22, 2.12, 3.915, 4.24, 0.165, 2.33, 4.19, 3.58, 5.0, 0.67, 3.035, 1.1, 4.66, 1.385, 2.72, 0.37, 0.865, 4.495, 3.825, 4.83, 2.0300000000000002, 2.57, 3.355, 0.075, 0], "R": [1, 1, 1, 1, 1, 1, 1, 1, 1, 1, 1, 1, 1, 1, 1, 1, 1, 1, 1, 1, 1, 1, 1, 1, 1, 1, 1, 1, 1, 1, 1, 1, 1, 1, 1, 1, 1, 1, 1, 1, 1, 1, 1, 1, 1, 1, 1, 1, 1, 1, 1, 0]}