{"RTG": [23, 22, 21, 20, 19, 18, 17, 16, 15, 14, 13, 12, 11, 10, 9, 8, 7, 6, 5, 4, 3, 2, 1, 0, 0, 0, 0, 0, 0, 0, 0, 0, 0, 0, 0, 0, 0, 0, 0, 0, 0, 0, 0, 0, 0, 0, 0, 0, 0, 0, 0, 0], "S": [0, -1.0006152363742993, -0.5681424030680832, 0.0983818009091677, 1.1101488684181469, 0.8399611402853264, -0.2844192542658805, -0.6878780468282619, 0.8036415820234936, 0.42396904460622875, 0.7216939239772742, 0.7417519397012445, 0.290731299743892, 1.1571444090289609, 1.1988872073150763, 0.6594579003937963, 1.240122479297734, 1.3016856375865116, 0.8066810032092551, 1.2423047404347072, 1.313771510494162, 0.7500898340417048, -0.7834705376033333, 2.4252267062251835, 2.6640935024130794, 2.5551020877188306, 2.084491255479688, 1.7668558624147594, -0.5651519821379951, -0.074182758754499, 1.2457424006890583, -0.8348946779313645, -0.28307668106601713, 0.5176853876426791, -0.3881858065598431, 0.38641500747199387, -0.4836500766001137, 0.5891517867554916, 0.41313196293813004, -1.186524735350794, 0.7810947647226019, 0.9022883692297691, -1.488154407535072, 0.2045054376024882, -0.49352352380335235, 0.493019990916102, 1.1815012598688805, -1.1146936334141972, -2.18235760737755, -0.3605851279422107, 0.8011459087892528, 1.2008932538035024], "A": [1.23, 0.0, 2.1, 2.22, 2.255, 3.13, 3.975, 4.83, 4.92, 4.73, 4.565, 4.455, 0.61, 0.65, 0.735, 0.42, 0.375, 0.3, 2.72, 2.77, 2.845, 3.54, 1.6600000000000001, 1.69, 1.725, 4.23, 4.165, 0.975, 2.515, 3.325, 3.7600000000000002, 1.44, 4.3100000000000005, 1.9000000000000001, 3.4050000000000002, 0.145, 2.995, 1.1, 2.4050000000000002, 5.0, 3.245, 3.865, 0.855, 3.65, 1.54, 2.61, 2.0, 1.335, 4.075, 4.6450000000000005, 0.515, 0], "R": [1, 1, 1, 1, 1, 1, 1, 1, 1, 1, 1, 1, 1, 1, 1, 1, 1, 1, 1, 1, 1, 1, 1, 0, 0, 0, 0, 0, 0, 0, 0, 0, 0, 0, 0, 0, 0, 0, 0, 0, 0, 0, 0, 0, 0, 0, 0, 0, 0, 0, 0, 0]}