{"RTG": [26, 25, 24, 23, 22, 21, 20, 19, 18, 17, 16, 15, 14, 13, 12, 11, 10, 9, 8, 7, 6, 5, 4, 3, 2, 1, 0, 0, 0, 0, 0, 0, 0, 0, 0, 0, 0, 0, 0, 0, 0, 0, 0, 0, 0, 0, 0, 0, 0, 0, 0, 0], "S": [0, 1.128847864961221, 1.1935643644957392, 1.2200896781036197, 1.3014072903111207, 0.8758965088053228, -0.9737435211646027, 0.8934834654088644, -0.6019000811690085, 1.1065611909486615, 0.2847659930484283, 0.7554559803553068, -0.657719301396538, 1.2752776432954898, -0.011464620116161107, 0.7810947647226019, 0.5209078855902575, 0.7360187314858049, 0.7417519397012445, -0.7486598192425545, -0.9194276956093578, -0.5856257424616661, 1.2607647850267172, 0.9001162474095208, 1.3049009603131116, -0.5681424030680832, 2.583789023717434, 2.6732740673741575, 2.3438345106132012, -0.5915936314210155, -0.032732204163866366, 0.47240745786319704, 1.7668558624147594, 0.025247930055477295, 2.084491255479688, 0.8492731788192288, 0.5243572241097797, -0.4457386208748614, 0.5781725177034593, 0.8405098459569589, 0.1642534074841468, -1.5023795661589565, -0.6016781995881259, 0.41171617023787066, -1.9528264959818675, 0.348248328649486, -0.4345148689017537, -0.7197448335686071, 0.4508392748499579, 1.1293561077306389, 0.6852842044098775, 1.1637413930916065], "A": [0.56, 0.52, 0.445, 0.37, 0.305, 1.405, 2.25, 2.345, 2.18, 3.2, 3.38, 3.495, 3.31, 4.34, 5.0, 4.89, 4.675, 4.565, 3.955, 1.945, 0.97, 2.785, 2.83, 2.74, 0.0, 1.675, 1.7, 1.745, 3.73, 1.18, 0.765, 4.165, 4.095, 4.23, 2.565, 3.0300000000000002, 0.14, 1.55, 4.78, 0.86, 3.84, 3.62, 4.47, 1.28, 1.085, 2.07, 2.48, 2.955, 0.675, 1.84, 2.64, 0], "R": [1, 1, 1, 1, 1, 1, 1, 1, 1, 1, 1, 1, 1, 1, 1, 1, 1, 1, 1, 1, 1, 1, 1, 1, 1, 1, 0, 0, 0, 0, 0, 0, 0, 0, 0, 0, 0, 0, 0, 0, 0, 0, 0, 0, 0, 0, 0, 0, 0, 0, 0, 0]}