{"RTG": [24, 23, 22, 21, 20, 19, 18, 17, 16, 15, 14, 13, 12, 11, 10, 9, 8, 7, 6, 5, 4, 3, 2, 1, 0, 0, 0, 0, 0, 0, 0, 0, 0, 0, 0, 0, 0, 0, 0, 0, 0, 0, 0, 0, 0, 0, 0, 0, 0, 0, 0, 0], "S": [0, -1.1185111654206692, -0.5681424030680832, 0.1642534074841468, -0.6092041357060602, 0.3680109104289028, 0.4949049722078865, 1.1832205329391008, 1.1914882796809394, -2.2383187886964397, 0.849990625769365, 0.35682762061356665, 1.3049009603131116, 1.1485285121397457, -0.24866560631437654, -0.9816023194918702, -0.6841722909757619, 0.8316743936656834, 0.42396904460622875, 0.6985273081722505, 0.6726275675323473, -0.1681685232451838, -0.7811408998812415, 2.486335711065681, 2.1109965038009197, 2.6462676611234475, 0.6560959005237793, 1.0867645302829678, 2.1614265129414165, 1.1870405829024617, 1.7165118520294746, -1.0364517181494661, 1.1701627407828141, 2.404467632602444, 1.2473233634412009, -0.5519999276125631, 0.6800540626825456, 0.42103107830772674, 0.08002013972113022, -0.26836271666857353, 1.0093963694162764, 0.7810947647226019, 0.04365670661903363, 1.2198638448838093, 0.9730814183255039, 0.5243572241097797, 0.29901449907859046, -0.44919934217062807, 0.8259366669938637, -1.3684260504266743, -0.4757085314032074, -0.11355670144341846], "A": [1.985, 0.0, 0.86, 0.96, 0.8200000000000001, 0.76, 0.66, 0.63, 1.32, 2.835, 2.9250000000000003, 2.74, 2.69, 3.15, 2.46, 3.98, 4.82, 4.92, 4.705, 4.535, 4.405, 3.555, 1.665, 1.6400000000000001, 1.685, 0.29, 2.225, 4.195, 4.14, 4.255, 3.7800000000000002, 3.34, 1.74, 0.41500000000000004, 0.155, 2.1350000000000002, 1.1300000000000001, 3.4250000000000003, 2.325, 3.255, 5.0, 1.465, 0.495, 2.575, 3.0300000000000002, 1.86, 3.67, 4.615, 3.8850000000000002, 1.205, 0.075, 0], "R": [1, 1, 1, 1, 1, 1, 1, 1, 1, 1, 1, 1, 1, 1, 1, 1, 1, 1, 1, 1, 1, 1, 1, 1, 0, 0, 0, 0, 0, 0, 0, 0, 0, 0, 0, 0, 0, 0, 0, 0, 0, 0, 0, 0, 0, 0, 0, 0, 0, 0, 0, 0]}