{"RTG": [7, 6, 5, 4, 3, 2, 1, 0, 0, 0, 0, 0, 0, 0, 0, 0, 0, 0, 0, 0, 0, 0, 0, 0, 0, 0, 0, 0, 0, 0, 0, 0, 0, 0, 0, 0, 0, 0, 0, 0, 0, 0, 0, 0, 0, 0, 0, 0, 0, 0, 0, 0], "S": [0, 0.3680109104289028, -0.14312843906774736, 0.4254157691859527, 1.899839506890742, 1.3644503580708482, 2.2096243099566566, 2.404467632602444, 2.665056914615652, 1.189694727779941, 0.849990625769365, 0.6982589645466594, 0.5488342955281749, 0.5033711967483209, 0.30905408296601417, -0.7495170589353438, -0.5628831503192052, 0.4462543804591722, 0.7582537177375791, 0.8036415820234936, 0.7810947647226019, 1.4124672145230344, 1.4381036978079742, -0.7078722906587652, -0.5681424030680832, 1.294516094678491, 0.2360780316584261, 1.2126012150820673, -1.7985319445633705, 0.6800540626825456, -1.2849974428615545, 0.09060725392395028, 0.3193365979811941, 1.1571444090289609, -0.23905034826659827, 0.7652276639764811, -0.8566861004606161, 1.05823352995558, -0.36679091592001095, 1.2752776432954898, 0.3659378656084991, 0.42396904460622875, 2.199560797986056, 1.1795391579642154, -0.7657231146818407, 0.8127354545276446, 0.22387517807153576, -0.2338234595287891, -1.182399402186969, 0.7690116833676693, -1.0316810346736789, 1.2218576619033426], "A": [0.8200000000000001, 0.89, 0.78, 1.7750000000000001, 1.805, 1.7550000000000001, 1.74, 1.705, 2.705, 2.835, 2.555, 3.025, 3.215, 3.41, 2.355, 3.63, 4.4750000000000005, 4.665, 4.83, 5.0, 4.2700000000000005, 4.15, 4.005, 0.0, 0.385, 0.265, 0.505, 1.27, 2.1350000000000002, 3.805, 1.47, 1.08, 0.61, 4.365, 4.575, 2.04, 2.23, 0.13, 3.31, 2.93, 4.92, 4.21, 2.63, 3.525, 1.57, 1.16, 3.115, 3.9050000000000002, 4.75, 2.455, 0.44, 0], "R": [1, 1, 1, 1, 1, 1, 1, 0, 0, 0, 0, 0, 0, 0, 0, 0, 0, 0, 0, 0, 0, 0, 0, 0, 0, 0, 0, 0, 0, 0, 0, 0, 0, 0, 0, 0, 0, 0, 0, 0, 0, 0, 0, 0, 0, 0, 0, 0, 0, 0, 0, 0]}