{"RTG": [22, 21, 20, 19, 18, 17, 16, 15, 14, 13, 12, 11, 10, 9, 8, 7, 6, 5, 4, 3, 2, 1, 0, 0, 0, 0, 0, 0, 0, 0, 0, 0, 0, 0, 0, 0, 0, 0, 0, 0, 0, 0, 0, 0, 0, 0, 0, 0, 0, 0, 0, 0], "S": [0, 1.3006506431464921, 1.2918036410372127, 0.5273213368525247, 0.9730814183255039, -0.7940973879101138, 1.1637413930916065, -0.5681424030680832, 0.2992456858903939, -0.2543664896025655, 1.1293561077306389, 1.14814577970639, 1.221849818761846, 1.240122479297734, 1.10297997475711, -0.4371655090445092, -0.4909143663015248, 0.7065887481278916, 0.7582537177375791, 0.8542846964258753, 0.42396904460622875, -0.1681685232451838, 2.510577190859736, 2.6732740673741575, 2.4252267062251835, 1.2450646428424186, 0.2318331862051065, -0.1445968462172942, -0.5574404173745552, -0.17397932286250575, -2.2362571854591744, -0.6609873489373203, 0.9858819527773454, -1.3684260504266743, 2.084491255479688, 2.014262628658444, -0.7695552481135107, 0.3027282790335336, 0.35049370059763607, 0.5681183836528795, 0.7810947647226019, -0.18008420118012206, -0.1444384360798626, 0.4949049722078865, 0.624834862100612, 1.0141390956092324, 1.1347072427156868, -0.6527118419102764, -1.1897812690263538, 0.7318721648963916, 1.0768972333907842, -0.5281913749203656], "A": [2.775, 2.735, 2.87, 2.575, 2.475, 2.64, 0.0, 0.84, 1.0150000000000001, 0.675, 0.605, 0.49, 0.42, 0.325, 0.22, 3.71, 4.55, 4.665, 4.805, 4.92, 4.405, 1.73, 1.7, 1.6600000000000001, 3.29, 3.415, 3.165, 4.0600000000000005, 2.085, 1.315, 1.92, 2.24, 3.8850000000000002, 4.23, 4.18, 3.565, 1.5050000000000001, 1.145, 3.02, 5.0, 2.32, 0.095, 0.76, 4.305, 2.165, 3.345, 1.42, 3.795, 4.735, 1.82, 0.93, 0], "R": [1, 1, 1, 1, 1, 1, 1, 1, 1, 1, 1, 1, 1, 1, 1, 1, 1, 1, 1, 1, 1, 1, 0, 0, 0, 0, 0, 0, 0, 0, 0, 0, 0, 0, 0, 0, 0, 0, 0, 0, 0, 0, 0, 0, 0, 0, 0, 0, 0, 0, 0, 0]}