{"RTG": [27, 26, 25, 24, 23, 22, 21, 20, 19, 18, 17, 16, 15, 14, 13, 12, 11, 10, 9, 8, 7, 6, 5, 4, 3, 2, 1, 0, 0, 0, 0, 0, 0, 0, 0, 0, 0, 0, 0, 0, 0, 0, 0, 0, 0, 0, 0, 0, 0, 0, 0, 0], "S": [0, 1.1501940146532572, 1.2126012150820673, 1.2287157098589727, 1.2628973292464318, 0.408254220927261, -1.1958523683721816, 0.9421555065576516, -0.3552532035130716, 1.1260754615276558, 0.07785300854845761, 0.08002013972113022, -0.4570567081919362, 0.39342310011908804, 1.2829686885252671, 1.3049009603131116, 1.1390065784520442, 0.5928665680352182, 0.8164466281105316, 0.7957554899833702, 0.4989637315144307, -0.011464620116161107, -0.6004221706752727, 1.2696251559757619, 0.3941168188128473, 1.7290264375923594, 1.9816540052700344, 2.5551020877188306, 2.6732740673741575, -0.7251050469638722, -0.5681424030680832, 0.4949049722078865, 0.10777792340828776, -1.5023795661589565, 2.0751036904311593, 0.7810947647226019, 0.028266080697662052, 1.0554799424175512, 1.275078842405209, 1.9631888737933478, 0.3321029361393006, -0.5157422423457501, -0.7840024552976274, -0.28949292123513, -1.7985319445633705, 0.28719849522687874, 0.37144358779605585, 1.1293561077306389, 0.1642534074841468, 0.7535780975912624, -0.7433870189333005, -1.1684325326578182], "A": [0.545, 0.505, 0.43, 0.35000000000000003, 0.275, 1.395, 2.245, 2.33, 2.185, 3.185, 3.4250000000000003, 3.665, 2.94, 2.7800000000000002, 2.74, 2.6550000000000002, 4.505, 4.635, 4.76, 4.8950000000000005, 4.34, 0.965, 1.81, 1.855, 1.7850000000000001, 1.77, 1.725, 1.7, 4.0200000000000005, 0.0, 0.76, 1.17, 3.84, 4.1850000000000005, 5.0, 2.52, 4.135, 3.305, 4.24, 3.055, 2.065, 3.5500000000000003, 0.12, 1.27, 1.075, 1.52, 0.675, 0.86, 4.57, 3.75, 2.435, 0], "R": [1, 1, 1, 1, 1, 1, 1, 1, 1, 1, 1, 1, 1, 1, 1, 1, 1, 1, 1, 1, 1, 1, 1, 1, 1, 1, 1, 0, 0, 0, 0, 0, 0, 0, 0, 0, 0, 0, 0, 0, 0, 0, 0, 0, 0, 0, 0, 0, 0, 0, 0, 0]}