{"RTG": [8, 7, 6, 5, 4, 3, 2, 1, 0, 0, 0, 0, 0, 0, 0, 0, 0, 0, 0, 0, 0, 0, 0, 0, 0, 0, 0, 0, 0, 0, 0, 0, 0, 0, 0, 0, 0, 0, 0, 0, 0, 0, 0, 0, 0, 0, 0, 0, 0, 0, 0, 0], "S": [0, 1.201293032425701, 1.14814577970639, 0.7439499693117351, 1.2552709899027514, 1.3014072903111207, 0.5757938005403606, 0.6842214616603056, 2.6194882783227276, 2.665056914615652, 1.2696251559757619, 1.154923932830813, 1.3006506431464921, 0.35130374988897833, -0.7197448335686071, 0.5754088667607283, 0.5392684839855656, -0.7104987145618867, 0.14978629205510915, 0.7259718516629005, 0.7450548739706984, 0.7810947647226019, 2.124266822246258, 0.5188737380858635, 1.8063011458935552, 0.4035438731462402, 0.4485587152594895, -2.2239717903468845, -0.5088549283725726, -0.5681424030680832, -1.4376841077764138, 0.718905993062926, 0.06986426174581307, -1.1095620561736692, 0.7417519397012445, -0.36679091592001095, 0.1642534074841468, 1.2752776432954898, -0.8169671187903633, -0.7486598192425545, 0.4179323833926717, 1.2066195172364638, -0.4513534362588481, -0.2050297928400839, 1.1400171087098125, 0.7957554899833702, -0.07443101875082657, 0.5942894159677002, -0.6286623709632781, 0.25207635626420094, 2.404467632602444, 0.9147600389067359], "A": [0.645, 0.605, 0.725, 0.41000000000000003, 0.37, 0.28500000000000003, 1.56, 1.68, 1.705, 1.81, 2.645, 2.775, 2.92, 2.48, 3.22, 3.395, 3.59, 4.44, 4.68, 4.845, 5.0, 4.19, 4.115, 4.25, 1.135, 2.12, 1.31, 0.985, 0.0, 3.825, 2.265, 3.08, 1.98, 4.565, 0.13, 0.86, 3.31, 2.36, 3.955, 4.925, 2.71, 3.6950000000000003, 1.445, 2.19, 4.76, 4.345, 3.0, 3.49, 1.07, 1.74, 2.57, 0], "R": [1, 1, 1, 1, 1, 1, 1, 1, 0, 0, 0, 0, 0, 0, 0, 0, 0, 0, 0, 0, 0, 0, 0, 0, 0, 0, 0, 0, 0, 0, 0, 0, 0, 0, 0, 0, 0, 0, 0, 0, 0, 0, 0, 0, 0, 0, 0, 0, 0, 0, 0, 0]}