{"RTG": [5, 4, 3, 2, 1, 0, 0, 0, 0, 0, 0, 0, 0, 0, 0, 0, 0, 0, 0, 0, 0, 0, 0, 0, 0, 0, 0, 0, 0, 0, 0, 0, 0, 0, 0, 0, 0, 0, 0, 0, 0, 0, 0, 0, 0, 0, 0, 0, 0, 0, 0, 0], "S": [0, 1.1392762323358923, 1.154923932830813, 0.6137687486908822, 0.9001162474095208, 0.3782747663821225, 2.665056914615652, 2.6194882783227276, 1.9816540052700344, 0.20124723393830407, -0.5681424030680832, -0.8835498934886132, 0.8259366669938637, 0.8205579041063652, 0.14978629205510915, 0.4307974516011793, 0.4534819021847498, -0.6092041357060602, 1.1269664878719414, 1.2192840698341836, 0.8758965088053228, 1.2256976844807996, 0.3573440360234566, -0.3764877984809053, 1.0141390956092324, -0.9561600736877052, 0.4268874504834266, 1.555179369689812, -0.6434383622202263, 1.9631888737933478, -1.4239948062371293, -0.63677749333349, 0.17769761202432371, -0.6016781995881259, 0.22426911458075124, 0.3954010906932002, 1.1293561077306389, -1.1987220633160474, -1.2326682407776417, 0.6977617291854273, 1.2265483993932222, -0.3116150948341032, 0.6726275675323473, -1.621789297070172, 1.2992127756900016, 0.7810947647226019, 0.12001744277458769, -0.11299887448909537, 1.1718425673152988, 0.22387517807153576, 1.1101488684181469, -0.7848058643362025], "A": [2.685, 2.645, 2.5500000000000003, 2.83, 2.935, 1.705, 1.68, 1.77, 1.485, 0.0, 3.765, 4.615, 4.7700000000000005, 4.44, 4.945, 0.77, 0.96, 0.59, 0.45, 0.305, 3.33, 3.205, 3.46, 2.165, 2.0300000000000002, 2.285, 4.155, 4.05, 4.24, 1.25, 0.17500000000000002, 3.0700000000000003, 3.62, 4.325, 1.095, 0.675, 2.41, 3.9, 4.855, 1.595, 1.895, 4.535, 1.375, 0.38, 5.0, 0.865, 0.08, 3.275, 1.16, 2.22, 3.545, 0], "R": [1, 1, 1, 1, 1, 0, 0, 0, 0, 0, 0, 0, 0, 0, 0, 0, 0, 0, 0, 0, 0, 0, 0, 0, 0, 0, 0, 0, 0, 0, 0, 0, 0, 0, 0, 0, 0, 0, 0, 0, 0, 0, 0, 0, 0, 0, 0, 0, 0, 0, 0, 0]}