{"RTG": [27, 26, 25, 24, 23, 22, 21, 20, 19, 18, 17, 16, 15, 14, 13, 12, 11, 10, 9, 8, 7, 6, 5, 4, 3, 2, 1, 0, 0, 0, 0, 0, 0, 0, 0, 0, 0, 0, 0, 0, 0, 0, 0, 0, 0, 0, 0, 0, 0, 0, 0, 0], "S": [0, 0.5054056779022843, 1.1101488684181469, 1.1400171087098125, -0.5681424030680832, 0.2045054376024882, 0.040343652882350874, 1.1694360114222457, 1.184145623379665, 1.176806974670785, 1.219837753571638, 1.294516094678491, 1.0542425639738024, -2.201677621553729, -0.2844192542658805, -0.7762351625212653, 0.8478622810701648, 0.5444024669777516, 0.7582537177375791, 0.623634391545786, -0.25787601304066904, 1.2766244561205646, 1.313771510494162, 0.7014264433005017, -0.7657231146818407, 2.2787485889783183, 1.8155548068888594, 2.510577190859736, 2.648718288939445, 0.5781725177034593, 0.3327416839338406, 1.7668558624147594, 0.025247930055477295, 2.084491255479688, -0.7433870189333005, 1.2704887200104722, -1.1146936334141972, 0.7810947647226019, -0.5519999276125631, 0.5392684839855656, 0.5942894159677002, 0.27244383499665203, -1.1684325326578182, -0.526117465012331, 0.7801908353249076, -0.28307668106601713, 1.187614098414235, 0.4534819021847498, 0.7871845460010397, -1.5129641137469552, -0.611716481250362, -0.11355670144341846], "A": [2.2800000000000002, 2.22, 2.19, 0.0, 0.855, 1.045, 0.665, 0.625, 0.53, 0.46, 0.385, 0.32, 1.305, 3.13, 3.95, 4.785, 4.885, 4.665, 4.515, 4.37, 2.73, 2.77, 2.85, 3.525, 1.75, 1.78, 1.73, 1.71, 1.55, 2.535, 4.165, 4.095, 4.23, 3.75, 3.315, 2.0, 5.0, 0.155, 3.395, 3.0, 1.155, 2.435, 3.64, 3.235, 1.44, 2.62, 0.77, 4.585, 3.855, 0.9550000000000001, 0.075, 0], "R": [1, 1, 1, 1, 1, 1, 1, 1, 1, 1, 1, 1, 1, 1, 1, 1, 1, 1, 1, 1, 1, 1, 1, 1, 1, 1, 1, 0, 0, 0, 0, 0, 0, 0, 0, 0, 0, 0, 0, 0, 0, 0, 0, 0, 0, 0, 0, 0, 0, 0, 0, 0]}