{"RTG": [9, 8, 7, 6, 5, 4, 3, 2, 1, 0, 0, 0, 0, 0, 0, 0, 0, 0, 0, 0, 0, 0, 0, 0, 0, 0, 0, 0, 0, 0, 0, 0, 0, 0, 0, 0, 0, 0, 0, 0, 0, 0, 0, 0, 0, 0, 0, 0, 0, 0, 0, 0], "S": [0, -0.08257389710244357, -0.5681424030680832, 0.2404961358400748, -0.5573659080551784, 0.377304667011703, 1.550053509588688, 0.8814861408638388, 1.899839506890742, 2.13684204514209, 2.648718288939445, -1.0793329670954217, 0.8085877969105064, 0.42396904460622875, 0.8132786627774347, 0.05135519972342358, -0.17560713225483768, -0.4758467683438055, 1.2636906207954577, 1.176806974670785, 0.1500898090710972, -2.18235760737755, 1.0887396232185838, 1.1485285121397457, 1.0867645302829678, -0.44017286079018214, 0.4485587152594895, 2.186387029405289, 1.1870405829024617, 1.5186593645993924, -0.44151905624948234, 1.1718425673152988, 0.3782747663821225, 0.6842214616603056, 1.2005613140987013, 0.4035438731462402, 0.7810947647226019, -0.36679091592001095, 1.0487836559167683, 0.7259718516629005, -1.1897812690263538, 1.1815012598688805, -0.6800648534759454, -0.7253309927571581, 0.14424649044003368, 0.623634391545786, -1.0323222330279518, 1.2154017406227207, -0.06805584798382577, -0.7251050469638722, 0.0866432673157289, 0.591106254339909], "A": [3.095, 0.0, 0.85, 0.935, 0.8150000000000001, 1.795, 1.83, 1.7750000000000001, 1.76, 1.71, 3.915, 4.765, 4.92, 4.6000000000000005, 4.43, 2.5100000000000002, 3.47, 0.405, 0.53, 0.26, 1.335, 2.81, 2.69, 2.225, 2.335, 2.12, 4.2, 4.14, 4.265, 3.685, 3.275, 2.935, 1.56, 0.64, 1.135, 5.0, 0.13, 3.355, 4.68, 3.795, 2.61, 1.215, 3.585, 3.19, 4.515, 2.02, 0.34, 1.455, 4.0200000000000005, 1.05, 3.0100000000000002, 0], "R": [1, 1, 1, 1, 1, 1, 1, 1, 1, 0, 0, 0, 0, 0, 0, 0, 0, 0, 0, 0, 0, 0, 0, 0, 0, 0, 0, 0, 0, 0, 0, 0, 0, 0, 0, 0, 0, 0, 0, 0, 0, 0, 0, 0, 0, 0, 0, 0, 0, 0, 0, 0]}