{"RTG": [3, 2, 1, 0, 0, 0, 0, 0, 0, 0, 0, 0, 0, 0, 0, 0, 0, 0, 0, 0, 0, 0, 0, 0, 0, 0, 0, 0, 0, 0, 0, 0, 0, 0, 0, 0, 0, 0, 0, 0, 0, 0, 0, 0, 0, 0, 0, 0, 0, 0, 0, 0], "S": [0, 0.1134268335735682, 2.13684204514209, 2.4602044790854074, 2.648718288939445, 2.486335711065681, -0.5681424030680832, 1.2918036410372127, 0.609313522152387, 1.1551915578798113, -1.143759296187581, 0.016953564100676687, -1.4664759182334537, 0.7131136754895187, 0.5209078855902575, 0.7065887481278916, -0.2679591565011226, 0.384592971877546, 1.1571444090289609, 1.2226063038826296, 1.10297997475711, -0.15546005114250563, 0.2318331862051065, -2.078054622311628, -0.6208283504421773, -0.6772614302070163, 1.314995406442874, 1.050618440940789, 1.0567075262404362, -0.6048098286998949, 2.084491255479688, 0.7810947647226019, -0.35007698439985496, 0.6517420719044649, 0.920655627807069, 0.04365670661903363, 0.8164466281105316, 0.5143621100491487, -0.5915936314210155, 0.4035438731462402, 1.2722439051238437, 1.129227959703775, 1.2256976844807996, -0.4088659150438583, 1.0765033972163964, -0.1285737335390223, 0.8494306260888944, 0.5331467533500495, -0.043400782201073435, -0.7413584525528033, 0.1308494504699903, -0.7486598192425545], "A": [1.87, 1.76, 1.735, 1.71, 1.665, 0.0, 2.735, 2.86, 2.6, 2.44, 3.085, 3.87, 4.7250000000000005, 4.89, 4.55, 4.375, 0.81, 0.61, 0.47500000000000003, 0.325, 1.025, 3.415, 1.29, 0.195, 3.6, 4.1450000000000005, 2.17, 3.2600000000000002, 4.055, 4.23, 5.0, 2.075, 2.27, 0.705, 1.465, 4.635, 2.97, 3.73, 1.135, 0.4, 2.665, 3.33, 0.915, 4.285, 0.09, 4.8100000000000005, 1.545, 3.1750000000000003, 3.515, 2.525, 3.955, 0], "R": [1, 1, 1, 0, 0, 0, 0, 0, 0, 0, 0, 0, 0, 0, 0, 0, 0, 0, 0, 0, 0, 0, 0, 0, 0, 0, 0, 0, 0, 0, 0, 0, 0, 0, 0, 0, 0, 0, 0, 0, 0, 0, 0, 0, 0, 0, 0, 0, 0, 0, 0, 0]}