{"RTG": [24, 23, 22, 21, 20, 19, 18, 17, 16, 15, 14, 13, 12, 11, 10, 9, 8, 7, 6, 5, 4, 3, 2, 1, 0, 0, 0, 0, 0, 0, 0, 0, 0, 0, 0, 0, 0, 0, 0, 0, 0, 0, 0, 0, 0, 0, 0, 0, 0, 0, 0, 0], "S": [0, -0.4570567081919362, -0.5681424030680832, 0.07219968659936347, -0.3935566625341845, 0.3959299450209885, 0.6203485783512641, 1.1031253948915591, 1.1988872073150763, -0.4757085314032074, -0.6664423878806288, 0.623634391545786, 0.8164466281105316, 0.7824357235715943, 0.5444024669777516, -0.17456529408862, 0.609313522152387, 0.5674801530142803, 1.2066195172364638, 1.129227959703775, -0.2844192542658805, -0.17560713225483768, 1.8238428669741287, 2.4252267062251835, 2.6194882783227276, 2.648718288939445, -0.7213851175583837, 0.6560959005237793, 0.4633443805678566, 0.4268874504834266, 1.2473233634412009, -1.414747719560874, 0.7810947647226019, -1.4864591883310811, 2.0751036904311593, 2.0286591678260097, -0.7548756490013011, 1.2254038456039946, -0.5519999276125631, -0.3116150948341032, 1.1260754615276558, 1.2198638448838093, -1.168351323450353, 0.43558581507364647, 0.5188737380858635, 0.5754088667607283, 0.16883208745421255, -0.7011682182012821, 1.2341595925880817, 0.19826562714405405, -0.11355670144341846, 1.3644503580708482], "A": [3.665, 0.0, 0.87, 1.0, 0.8, 0.74, 0.68, 0.65, 1.205, 2.055, 4.515, 4.635, 4.755, 4.885, 4.355, 2.86, 2.985, 2.71, 2.665, 3.13, 2.5100000000000002, 1.625, 1.6600000000000001, 1.68, 1.71, 4.015, 0.29, 3.4, 2.285, 0.41500000000000004, 1.385, 5.0, 3.835, 4.1850000000000005, 4.235, 3.52, 3.285, 0.155, 1.895, 2.185, 0.495, 2.4, 1.11, 4.115, 3.22, 1.48, 3.745, 2.79, 4.445, 0.075, 1.805, 0], "R": [1, 1, 1, 1, 1, 1, 1, 1, 1, 1, 1, 1, 1, 1, 1, 1, 1, 1, 1, 1, 1, 1, 1, 1, 0, 0, 0, 0, 0, 0, 0, 0, 0, 0, 0, 0, 0, 0, 0, 0, 0, 0, 0, 0, 0, 0, 0, 0, 0, 0, 0, 0]}