{"RTG": [7, 6, 5, 4, 3, 2, 1, 0, 0, 0, 0, 0, 0, 0, 0, 0, 0, 0, 0, 0, 0, 0, 0, 0, 0, 0, 0, 0, 0, 0, 0, 0, 0, 0, 0, 0, 0, 0, 0, 0, 0, 0, 0, 0, 0, 0, 0, 0, 0, 0, 0, 0], "S": [0, -0.044221530445518326, -0.5681424030680832, -0.19932815225345174, 1.899839506890742, 1.3644503580708482, 2.2096243099566566, 2.404467632602444, 2.665056914615652, 1.189694727779941, 0.849990625769365, 0.6982589645466594, 0.5488342955281749, 0.5033711967483209, 0.30905408296601417, -0.7495170589353438, -0.5628831503192052, 0.7810947647226019, 0.7665022349198103, 0.7582537177375791, 1.219837753571638, 1.1228239058413378, 0.8758965088053228, -0.6434383622202263, -1.320838392830492, 0.7881508443671758, 0.6800540626825456, -1.5023795661589565, 1.8888071569415663, 2.0751036904311593, -0.63677749333349, -0.1333343676888655, 0.13123823407706264, 0.7181670574127406, -0.8566861004606161, 1.05823352995558, 1.2752776432954898, 0.3659378656084991, 1.294516094678491, 0.42396904460622875, 1.1795391579642154, -0.7657231146818407, 0.6842214616603056, 0.7690116833676693, 0.3959299450209885, 0.38008632231324074, -0.6250762041214045, -0.2338234595287891, 0.3165938873653324, -1.0316810346736789, -0.7762351625212653, -0.11299887448909537], "A": [4.42, 0.0, 0.895, 1.7750000000000001, 1.805, 1.7550000000000001, 1.74, 1.705, 2.705, 2.835, 2.555, 3.025, 3.215, 3.41, 2.355, 3.63, 5.0, 4.84, 4.665, 0.46, 0.585, 0.305, 4.05, 1.245, 0.72, 2.1350000000000002, 3.84, 4.245, 4.1850000000000005, 0.17500000000000002, 1.45, 1.055, 4.555, 2.04, 2.23, 3.31, 2.93, 0.385, 4.92, 2.63, 3.525, 1.56, 4.75, 0.8, 1.1400000000000001, 3.735, 3.115, 4.32, 2.455, 3.95, 0.08, 0], "R": [1, 1, 1, 1, 1, 1, 1, 0, 0, 0, 0, 0, 0, 0, 0, 0, 0, 0, 0, 0, 0, 0, 0, 0, 0, 0, 0, 0, 0, 0, 0, 0, 0, 0, 0, 0, 0, 0, 0, 0, 0, 0, 0, 0, 0, 0, 0, 0, 0, 0, 0, 0]}