{"RTG": [18, 17, 16, 15, 14, 13, 12, 11, 10, 9, 8, 7, 6, 5, 4, 3, 2, 1, 0, 0, 0, 0, 0, 0, 0, 0, 0, 0, 0, 0, 0, 0, 0, 0, 0, 0, 0, 0, 0, 0, 0, 0, 0, 0, 0, 0, 0, 0, 0, 0, 0, 0], "S": [0, 0.45867151981736537, 1.0444516324076214, 1.2829686885252671, 1.3049009603131116, -0.27455451950087434, -0.5681424030680832, 0.2992456858903939, -0.2543664896025655, 1.1293561077306389, 1.14814577970639, 1.221849818761846, 1.240122479297734, 1.10297997475711, -0.4371655090445092, 0.587534579924061, -1.0957773882808306, 2.3438345106132012, 2.593288167724146, 2.6640935024130794, -0.009124780770441163, -0.7260747810041374, 0.8494306260888944, 0.5073931917166381, 0.8011459087892528, 0.4462543804591722, 1.3027192822091056, 1.7668558624147594, -0.7740292084447152, -0.8169671187903633, -1.320838392830492, 1.2704887200104722, -0.7011682182012821, 0.43020799552765826, 1.0814212867534516, 0.5392684839855656, -0.08326043425258514, 0.9635249207235376, 0.7143651627474831, 0.7216939239772742, 0.9421555065576516, 0.438911988125878, -1.5157966450157259, 2.1880040451103517, -0.526117465012331, 0.591106254339909, 0.7181670574127406, -0.1444384360798626, 0.4949049722078865, 1.1867253408604772, -1.808714120923141, -0.08361090576424757], "A": [2.88, 2.815, 2.7800000000000002, 2.74, 3.125, 0.0, 0.84, 1.0150000000000001, 0.675, 0.605, 0.49, 0.42, 0.325, 0.22, 1.845, 1.975, 1.745, 1.72, 1.69, 1.46, 3.96, 4.8100000000000005, 4.965, 4.6450000000000005, 4.4750000000000005, 4.275, 4.165, 3.5300000000000002, 2.36, 1.245, 3.315, 3.745, 2.54, 2.1750000000000003, 3.395, 4.09, 1.58, 3.23, 4.73, 2.245, 1.12, 3.85, 4.215, 3.64, 3.0100000000000002, 4.555, 0.095, 0.76, 2.615, 1.365, 2.09, 0], "R": [1, 1, 1, 1, 1, 1, 1, 1, 1, 1, 1, 1, 1, 1, 1, 1, 1, 1, 0, 0, 0, 0, 0, 0, 0, 0, 0, 0, 0, 0, 0, 0, 0, 0, 0, 0, 0, 0, 0, 0, 0, 0, 0, 0, 0, 0, 0, 0, 0, 0, 0, 0]}