{"RTG": [23, 22, 21, 20, 19, 18, 17, 16, 15, 14, 13, 12, 11, 10, 9, 8, 7, 6, 5, 4, 3, 2, 1, 0, 0, 0, 0, 0, 0, 0, 0, 0, 0, 0, 0, 0, 0, 0, 0, 0, 0, 0, 0, 0, 0, 0, 0, 0, 0, 0, 0, 0], "S": [0, -1.4376841077764138, -0.5681424030680832, 0.1642534074841468, -0.6092041357060602, 0.3680109104289028, 0.4949049722078865, 1.1832205329391008, 1.1914882796809394, -2.2383187886964397, 1.0814212867534516, 1.0245921516336474, -0.4345148689017537, 0.7360187314858049, 0.8405098459569589, 0.46108902787231554, 0.6369849008242138, -0.26316966470052044, 0.5243572241097797, 0.3857365692963434, 0.015058671514919365, 1.1602292902251623, 1.1464646165049321, 0.43020799552765826, 2.6730387989219673, 2.593288167724146, 2.1109965038009197, -0.4758467683438055, 0.6560959005237793, 0.6520050202483836, 1.2473233634412009, -0.7078722906587652, 2.084491255479688, -0.5441132825174866, 0.1134268335735682, -0.5519999276125631, 1.260659837942881, -1.1142781305849165, 0.42103107830772674, 0.7810947647226019, 0.23008588075507877, 1.190400491309068, 1.1686108490458247, 1.2198638448838093, 0.7554559803553068, -0.4757085314032074, -0.5613504714487526, 0.8058072136235602, -1.054315683292044, -0.1275144827788334, -0.11355670144341846, -1.0282492849914124], "A": [3.825, 0.0, 0.86, 0.96, 0.8200000000000001, 0.76, 0.66, 0.63, 1.32, 2.1750000000000003, 2.235, 2.07, 4.675, 4.78, 4.905, 4.5200000000000005, 4.385, 3.0300000000000002, 2.895, 3.18, 2.695, 2.65, 2.54, 1.695, 1.72, 1.6400000000000001, 3.47, 0.29, 4.12, 0.41500000000000004, 4.005, 4.23, 3.6350000000000002, 1.87, 0.155, 3.3200000000000003, 2.39, 1.1300000000000001, 5.0, 1.49, 4.28, 2.8000000000000003, 0.495, 3.38, 1.205, 3.725, 4.595, 1.965, 3.1, 0.075, 3.92, 0], "R": [1, 1, 1, 1, 1, 1, 1, 1, 1, 1, 1, 1, 1, 1, 1, 1, 1, 1, 1, 1, 1, 1, 1, 0, 0, 0, 0, 0, 0, 0, 0, 0, 0, 0, 0, 0, 0, 0, 0, 0, 0, 0, 0, 0, 0, 0, 0, 0, 0, 0, 0, 0]}