{"RTG": [12, 11, 10, 9, 8, 7, 6, 5, 4, 3, 2, 1, 0, 0, 0, 0, 0, 0, 0, 0, 0, 0, 0, 0, 0, 0, 0, 0, 0, 0, 0, 0, 0, 0, 0, 0, 0, 0, 0, 0, 0, 0, 0, 0, 0, 0, 0, 0, 0, 0, 0, 0], "S": [0, 1.2217589136693932, 1.2287157098589727, 1.183550878322407, 1.1348906924437472, -0.24856155848617614, 1.3016856375865116, 0.4534819021847498, -0.49337631073269567, 1.8155548068888594, 1.1737062158429918, 2.13684204514209, 2.3438345106132012, 2.665056914615652, 1.2066195172364638, 0.7997946265823738, 0.8492731788192288, -1.0370239909719803, 0.49481502529770993, 0.7143651627474831, 0.4633443805678566, -0.6404363206845495, 0.290731299743892, 0.7582537177375791, 0.8036415820234936, 0.7810947647226019, 2.084491255479688, 1.555179369689812, 0.5176853876426791, -1.9528264959818675, -1.488154407535072, -0.5681424030680832, 0.7486707964918938, 0.23008588075507877, 0.7417519397012445, 0.348248328649486, 1.0245921516336474, -0.28687307137208434, 0.3782747663821225, -0.7213851175583837, 1.2704887200104722, 0.42396904460622875, -0.5915936314210155, 1.1031253948915591, -0.9561600736877052, 1.1722023515752833, -1.0846614795250824, -0.1444384360798626, 0.22387517807153576, 0.7690116833676693, -0.7057535105063594, 1.4202812468229182], "A": [0.47000000000000003, 0.43, 0.335, 0.555, 0.23500000000000001, 0.375, 0.77, 0.925, 1.78, 1.815, 1.76, 1.745, 1.705, 2.71, 2.84, 2.565, 2.38, 3.035, 3.23, 3.4, 3.61, 4.455, 4.665, 4.83, 5.0, 4.23, 4.155, 4.3100000000000005, 1.28, 3.865, 0.0, 2.14, 1.49, 4.565, 1.085, 2.235, 3.1350000000000002, 2.935, 4.015, 3.315, 4.92, 3.73, 0.68, 2.0300000000000002, 2.6350000000000002, 1.4000000000000001, 0.095, 1.16, 4.75, 3.505, 1.605, 0], "R": [1, 1, 1, 1, 1, 1, 1, 1, 1, 1, 1, 1, 0, 0, 0, 0, 0, 0, 0, 0, 0, 0, 0, 0, 0, 0, 0, 0, 0, 0, 0, 0, 0, 0, 0, 0, 0, 0, 0, 0, 0, 0, 0, 0, 0, 0, 0, 0, 0, 0, 0, 0]}