{"RTG": [23, 22, 21, 20, 19, 18, 17, 16, 15, 14, 13, 12, 11, 10, 9, 8, 7, 6, 5, 4, 3, 2, 1, 0, 0, 0, 0, 0, 0, 0, 0, 0, 0, 0, 0, 0, 0, 0, 0, 0, 0, 0, 0, 0, 0, 0, 0, 0, 0, 0, 0, 0], "S": [0, -1.0323222330279518, -0.5681424030680832, 0.1642534074841468, -0.6092041357060602, 0.3680109104289028, 0.4949049722078865, 1.1832205329391008, 1.1914882796809394, -2.2383187886964397, 0.5668338030505861, 0.5891517867554916, -0.26899053000129997, 1.1602292902251623, 1.154923932830813, 0.3327416839338406, -0.68423059871148, 0.8188852879171115, 0.42396904460622875, 0.7063621804743907, 0.7065887481278916, 0.05135519972342358, -0.7762990261304845, 2.6194882783227276, 2.665056914615652, 2.060748031034219, 0.6560959005237793, 0.26116185121244917, 2.1880040451103517, 1.66510693211448, 1.0765033972163964, -1.0364517181494661, 1.0942090702771463, 1.2473233634412009, 0.493019990916102, -0.5519999276125631, 0.42103107830772674, 1.0814212867534516, 0.00646266035523254, 1.0567075262404362, 0.7810947647226019, -1.1987220633160474, -0.2319763522557701, 1.2198638448838093, -0.44919934217062807, 0.8216524061744304, -0.28307668106601713, -1.3264683727487805, 1.2607647850267172, -0.3782782412797233, 0.27750730430012266, -0.11355670144341846], "A": [2.02, 0.0, 0.86, 0.96, 0.8200000000000001, 0.76, 0.66, 0.63, 1.32, 2.865, 2.995, 3.145, 2.695, 2.645, 2.535, 3.985, 4.825, 4.92, 4.72, 4.55, 4.43, 3.56, 1.68, 1.705, 1.7650000000000001, 0.29, 2.295, 4.215, 4.16, 4.285, 3.7800000000000002, 3.35, 0.41500000000000004, 1.54, 0.155, 1.1300000000000001, 2.1750000000000003, 3.43, 3.2600000000000002, 5.0, 2.41, 1.8900000000000001, 0.495, 3.67, 4.63, 1.44, 3.89, 2.785, 1.2, 2.11, 0.075, 0], "R": [1, 1, 1, 1, 1, 1, 1, 1, 1, 1, 1, 1, 1, 1, 1, 1, 1, 1, 1, 1, 1, 1, 1, 0, 0, 0, 0, 0, 0, 0, 0, 0, 0, 0, 0, 0, 0, 0, 0, 0, 0, 0, 0, 0, 0, 0, 0, 0, 0, 0, 0, 0]}