{"RTG": [20, 19, 18, 17, 16, 15, 14, 13, 12, 11, 10, 9, 8, 7, 6, 5, 4, 3, 2, 1, 0, 0, 0, 0, 0, 0, 0, 0, 0, 0, 0, 0, 0, 0, 0, 0, 0, 0, 0, 0, 0, 0, 0, 0, 0, 0, 0, 0, 0, 0, 0, 0], "S": [0, -0.8928179219706346, -0.5681424030680832, -0.08361090576424757, 0.39342310011908804, 0.5950547331054502, 0.17769761202432371, -0.9311057892287455, 0.8478622810701648, 0.8036415820234936, 0.7039863856329738, 0.5073931917166381, 0.6726275675323473, 0.14978629205510915, 1.1571444090289609, 1.1211829717379291, 1.0022667714886981, 1.2192840698341836, 1.2805352156985943, 1.0000009442743154, 0.07219968659936347, 2.6462676611234475, 2.648718288939445, 1.550053509588688, 0.493019990916102, -0.7197448335686071, -0.7057535105063594, 2.1614265129414165, 1.0554799424175512, 1.7165118520294746, 1.1740795034056069, -0.5344493610789871, 0.6517420719044649, 1.275078842405209, -0.05613805381416219, -0.5807826452226514, -1.414747719560874, 1.2607647850267172, -0.9593748906213598, 0.7554559803553068, -0.8169671187903633, 1.1551915578798113, 1.1260754615276558, 0.5033711967483209, -1.4056490068099121, -0.6016781995881259, 0.4327458304589763, 2.018703006539025, 0.40772630398627313, 0.8235016011496119, -0.7254372327259607, -0.11355670144341846], "A": [1.225, 0.0, 2.09, 2.94, 3.005, 3.0700000000000003, 3.93, 4.785, 4.83, 4.695, 4.965, 4.535, 4.44, 0.61, 0.5700000000000001, 0.6950000000000001, 0.45, 0.395, 0.315, 0.87, 1.685, 1.71, 1.795, 1.54, 2.48, 3.505, 4.195, 4.135, 4.255, 2.7, 3.72, 2.27, 3.305, 1.035, 0.16, 1.385, 2.785, 1.95, 3.38, 2.36, 2.6, 2.185, 3.215, 3.8200000000000003, 3.62, 1.125, 1.635, 0.79, 4.61, 4.025, 0.075, 0], "R": [1, 1, 1, 1, 1, 1, 1, 1, 1, 1, 1, 1, 1, 1, 1, 1, 1, 1, 1, 1, 0, 0, 0, 0, 0, 0, 0, 0, 0, 0, 0, 0, 0, 0, 0, 0, 0, 0, 0, 0, 0, 0, 0, 0, 0, 0, 0, 0, 0, 0, 0, 0]}