{"RTG": [24, 23, 22, 21, 20, 19, 18, 17, 16, 15, 14, 13, 12, 11, 10, 9, 8, 7, 6, 5, 4, 3, 2, 1, 0, 0, 0, 0, 0, 0, 0, 0, 0, 0, 0, 0, 0, 0, 0, 0, 0, 0, 0, 0, 0, 0, 0, 0, 0, 0, 0, 0], "S": [0, 0.1642534074841468, 0.4949049722078865, 0.9625550854276712, 1.1694360114222457, 1.1756294449900588, 0.35049370059763607, -2.201677621553729, 0.0866432673157289, 1.0814212867534516, 1.0245921516336474, -0.35007698439985496, -0.08257389710244357, -0.9785792591984844, 0.8478622810701648, 0.5946153418392212, 0.7360187314858049, 0.6494093557430308, -0.24919191085202425, -0.5681424030680832, 1.1602292902251623, 1.3049009603131116, 1.1686108490458247, -0.074182758754499, -0.5597792807169675, 2.6730387989219673, 2.539316846348272, 2.4602044790854074, 1.0000009442743154, -0.6208283504421773, 1.240122479297734, 1.7668558624147594, -0.08326043425258514, 2.0286591678260097, -0.47432048764582246, 1.1718425673152988, 0.7810947647226019, 0.4302381124583138, 0.3249895437356506, -1.0370239909719803, -0.3116150948341032, 1.0487836559167683, -1.3287532923747882, -0.6772614302070163, 0.14424649044003368, -0.1285737335390223, -0.6527118419102764, 0.8058072136235602, 1.2198638448838093, 1.132872154906867, -0.6092041357060602, 0.8479373402835767], "A": [0.86, 0.76, 0.7000000000000001, 0.665, 0.62, 1.145, 1.305, 1.05, 2.1750000000000003, 2.235, 2.075, 3.095, 3.9250000000000003, 4.785, 4.875, 4.675, 4.525, 4.39, 0.0, 2.695, 2.74, 2.8000000000000003, 2.515, 3.48, 1.695, 1.67, 1.735, 0.315, 0.195, 0.42, 4.165, 4.09, 4.235, 3.705, 3.275, 5.0, 2.95, 1.51, 2.38, 1.895, 3.355, 3.81, 3.6, 3.19, 0.09, 1.42, 4.595, 0.495, 2.595, 0.96, 4.295, 0], "R": [1, 1, 1, 1, 1, 1, 1, 1, 1, 1, 1, 1, 1, 1, 1, 1, 1, 1, 1, 1, 1, 1, 1, 1, 0, 0, 0, 0, 0, 0, 0, 0, 0, 0, 0, 0, 0, 0, 0, 0, 0, 0, 0, 0, 0, 0, 0, 0, 0, 0, 0, 0]}