{"RTG": [26, 25, 24, 23, 22, 21, 20, 19, 18, 17, 16, 15, 14, 13, 12, 11, 10, 9, 8, 7, 6, 5, 4, 3, 2, 1, 0, 0, 0, 0, 0, 0, 0, 0, 0, 0, 0, 0, 0, 0, 0, 0, 0, 0, 0, 0, 0, 0, 0, 0, 0, 0], "S": [0, 0.7417519397012445, 0.623634391545786, 0.8164466281105316, 0.7063621804743907, 0.6206059075296275, 0.569257083247662, 0.13840231823318014, -0.18412100953310084, -0.5681424030680832, 0.1642534074841468, 0.040343652882350874, 1.1514880559381484, 1.1914882796809394, 1.1501940146532572, 1.219269979845113, 1.2881202542280985, 1.0000009442743154, -2.201677621553729, 1.0814212867534516, 0.9421555065576516, -0.4345148689017537, -0.16817882155834474, -0.6944213635994284, 1.1602292902251623, 1.3266242924078386, 1.0444516324076214, 2.6640935024130794, 2.486335711065681, 2.5551020877188306, 1.2256976844807996, -1.503718626120767, -0.6399272688825074, 0.00646266035523254, 0.7801908353249076, -0.5519999276125631, -0.06421981724753852, 0.49351587614176184, 0.2560876713757903, 2.1990799042829505, -0.5344493610789871, 0.3146398464699526, -0.8797078913319923, 1.8888071569415663, 1.1037847808441072, 0.4254157691859527, -0.6958626735149382, -0.7568219640141731, -0.611716481250362, -1.0773133856651251, -0.11355670144341846, 0.5243572241097797], "A": [4.565, 4.515, 4.635, 4.72, 4.87, 4.9750000000000005, 4.33, 4.085, 0.0, 0.86, 1.045, 0.67, 0.63, 0.545, 0.455, 0.39, 0.315, 1.305, 2.1750000000000003, 2.245, 2.07, 3.105, 3.595, 2.695, 2.755, 2.815, 1.69, 1.665, 1.725, 3.33, 3.86, 2.485, 3.43, 3.235, 0.155, 1.8800000000000001, 2.965, 1.495, 4.205, 3.72, 1.1500000000000001, 2.365, 4.245, 2.59, 0.78, 3.97, 1.415, 0.9550000000000001, 1.97, 0.075, 3.0300000000000002, 0], "R": [1, 1, 1, 1, 1, 1, 1, 1, 1, 1, 1, 1, 1, 1, 1, 1, 1, 1, 1, 1, 1, 1, 1, 1, 1, 1, 0, 0, 0, 0, 0, 0, 0, 0, 0, 0, 0, 0, 0, 0, 0, 0, 0, 0, 0, 0, 0, 0, 0, 0, 0, 0]}