{"RTG": [24, 23, 22, 21, 20, 19, 18, 17, 16, 15, 14, 13, 12, 11, 10, 9, 8, 7, 6, 5, 4, 3, 2, 1, 0, 0, 0, 0, 0, 0, 0, 0, 0, 0, 0, 0, 0, 0, 0, 0, 0, 0, 0, 0, 0, 0, 0, 0, 0, 0, 0, 0], "S": [0, 1.1740795034056069, 1.133107637799685, 1.2607647850267172, 0.7500898340417048, 0.7769529835142928, -0.5681424030680832, 0.3409349855768263, -0.43538446450642626, 1.1031253948915591, 1.1571444090289609, 1.2072785431808835, 1.2247109249108254, 1.2628973292464318, 0.5757938005403606, 1.2992127756900016, -0.5109588790481822, 0.7417519397012445, 0.7259718516629005, -0.044221530445518326, 0.7665022349198103, 0.48221651102654217, 1.899839506890742, 2.3438345106132012, 2.5551020877188306, 2.6732740673741575, -0.1333343676888655, -0.26302149708902195, 1.2699450427223564, 0.08002013972113022, 0.015058671514919365, -0.3605851279422107, -0.0017655707758112728, -1.0006152363742993, -1.2326682407776417, 1.8888071569415663, 2.124266822246258, -0.7506979107943184, 0.5488342955281749, -0.9952350182638754, 1.151436074096337, 0.7456394742923096, 0.43558581507364647, -1.1684325326578182, -0.22043538557598594, 0.7957554899833702, -2.094189764657218, -1.2849974428615545, 0.22426911458075124, -0.08257389710244357, 0.7810947647226019, -0.30881443111225443], "A": [2.7, 2.66, 2.785, 2.845, 2.56, 0.0, 0.8300000000000001, 0.995, 0.68, 0.61, 0.51, 0.435, 0.35000000000000003, 0.28500000000000003, 0.38, 3.715, 4.565, 4.68, 4.42, 4.84, 4.96, 1.7750000000000001, 1.745, 1.725, 1.7, 1.45, 2.08, 3.3000000000000003, 3.4250000000000003, 3.18, 4.075, 2.31, 1.23, 3.9, 4.245, 4.19, 3.575, 3.025, 1.955, 2.2, 1.565, 1.11, 2.435, 0.11, 4.76, 1.345, 3.805, 4.325, 3.095, 5.0, 0.905, 0], "R": [1, 1, 1, 1, 1, 1, 1, 1, 1, 1, 1, 1, 1, 1, 1, 1, 1, 1, 1, 1, 1, 1, 1, 1, 0, 0, 0, 0, 0, 0, 0, 0, 0, 0, 0, 0, 0, 0, 0, 0, 0, 0, 0, 0, 0, 0, 0, 0, 0, 0, 0, 0]}