{"RTG": [1, 0, 0, 0, 0, 0, 0, 0, 0, 0, 0, 0, 0, 0, 0, 0, 0, 0, 0, 0, 0, 0, 0, 0, 0, 0, 0, 0, 0, 0, 0, 0, 0, 0, 0, 0, 0, 0, 0, 0, 0, 0, 0, 0, 0, 0, 0, 0, 0, 0, 0, 0], "S": [0, 2.4602044790854074, 2.665056914615652, 2.539316846348272, -0.5681424030680832, 1.1551915578798113, 1.2766244561205646, 0.45867151981736537, -1.1684325326578182, -0.20383592218805494, -0.8086308259890348, 0.8560300178421365, 0.44388205005933845, 0.8164466281105316, 0.33376010508273046, 0.3680109104289028, -0.20518968612651028, 1.184145623379665, 1.221849818761846, 1.2154017406227207, -0.5320126392908179, -0.7250333914407979, 1.8063011458935552, 1.7668558624147594, -2.143210685552774, -0.35007698439985496, 1.2699450427223564, -0.5613504714487526, 1.0245921516336474, -0.4615336624388271, -0.011464620116161107, 0.7554559803553068, 0.27244383499665203, 0.8327877808682069, 0.4256092218561636, 0.5800560575903002, 0.7065887481278916, 1.2552709899027514, -0.0017655707758112728, -0.5010243947417435, 1.129227959703775, -1.4647684387382283, -0.6016781995881259, 0.7810947647226019, 0.5754088667607283, -0.45340702261723914, 0.7131136754895187, -0.1444384360798626, 0.9720001096732416, -1.1083866239228302, -0.1333343676888655, 1.1302751163004074], "A": [1.735, 1.705, 1.67, 0.0, 2.6, 2.73, 2.88, 2.435, 3.11, 3.9450000000000003, 4.795, 4.95, 4.635, 4.46, 0.8200000000000001, 1.02, 0.625, 0.49, 0.34, 0.21, 3.5100000000000002, 4.25, 4.165, 1.34, 2.075, 3.3000000000000003, 3.725, 2.235, 1.905, 4.34, 3.38, 1.155, 0.715, 1.53, 2.99, 4.55, 0.41000000000000003, 2.31, 4.065, 2.665, 3.83, 3.62, 5.0, 3.22, 0.92, 4.7250000000000005, 0.095, 2.16, 1.235, 1.45, 2.805, 0], "R": [1, 0, 0, 0, 0, 0, 0, 0, 0, 0, 0, 0, 0, 0, 0, 0, 0, 0, 0, 0, 0, 0, 0, 0, 0, 0, 0, 0, 0, 0, 0, 0, 0, 0, 0, 0, 0, 0, 0, 0, 0, 0, 0, 0, 0, 0, 0, 0, 0, 0, 0, 0]}