{"RTG": [23, 22, 21, 20, 19, 18, 17, 16, 15, 14, 13, 12, 11, 10, 9, 8, 7, 6, 5, 4, 3, 2, 1, 0, 0, 0, 0, 0, 0, 0, 0, 0, 0, 0, 0, 0, 0, 0, 0, 0, 0, 0, 0, 0, 0, 0, 0, 0, 0, 0, 0, 0], "S": [0, -0.7250333914407979, -0.5681424030680832, 0.1642534074841468, -0.6092041357060602, 0.3680109104289028, 0.4949049722078865, 1.1832205329391008, 1.1914882796809394, -2.2383187886964397, 1.0814212867534516, 1.0245921516336474, -0.4345148689017537, -0.17456529408862, 0.7810947647226019, 0.47891439095336297, 0.49115730678697345, 1.2918036410372127, 1.1602292902251623, -0.7762351625212653, 0.7697164372501104, 0.7299093747335014, -0.24866560631437654, -0.074182758754499, 2.6730387989219673, 2.593288167724146, 2.1109965038009197, 0.6560959005237793, -0.5915936314210155, 1.7668558624147594, 0.025247930055477295, 2.084491255479688, 1.2473233634412009, 1.260659837942881, 0.1134268335735682, -0.5519999276125631, 0.42103107830772674, 0.5950547331054502, -1.0370239909719803, 0.8313089284247416, 0.5392684839855656, 0.23008588075507877, -1.4864591883310811, -0.5821590646936314, 1.2198638448838093, 0.41171617023787066, 0.9022883692297691, -0.4757085314032074, 1.1551915578798113, -1.0269167683512421, -0.11355670144341846, -0.6527118419102764], "A": [3.5100000000000002, 0.0, 0.86, 0.96, 0.8200000000000001, 0.76, 0.66, 0.63, 1.32, 2.1750000000000003, 2.235, 2.07, 4.355, 5.0, 4.9, 2.875, 2.735, 2.695, 3.95, 4.66, 4.5600000000000005, 3.15, 2.515, 1.695, 1.72, 1.6400000000000001, 0.29, 3.73, 4.165, 4.095, 4.23, 0.41500000000000004, 3.3200000000000003, 1.87, 0.155, 1.1300000000000001, 3.005, 2.38, 4.775, 3.395, 1.49, 3.835, 3.625, 0.495, 4.47, 3.245, 1.205, 2.6, 1.96, 0.075, 1.42, 0], "R": [1, 1, 1, 1, 1, 1, 1, 1, 1, 1, 1, 1, 1, 1, 1, 1, 1, 1, 1, 1, 1, 1, 1, 0, 0, 0, 0, 0, 0, 0, 0, 0, 0, 0, 0, 0, 0, 0, 0, 0, 0, 0, 0, 0, 0, 0, 0, 0, 0, 0, 0, 0]}