{"RTG": [15, 14, 13, 12, 11, 10, 9, 8, 7, 6, 5, 4, 3, 2, 1, 0, 0, 0, 0, 0, 0, 0, 0, 0, 0, 0, 0, 0, 0, 0, 0, 0, 0, 0, 0, 0, 0, 0, 0, 0, 0, 0, 0, 0, 0, 0, 0, 0, 0, 0, 0, 0], "S": [0, 1.0942090702771463, 1.2752776432954898, 1.0567075262404362, -0.5681424030680832, 0.2992456858903939, -0.2543664896025655, 1.1293561077306389, 1.1571444090289609, 1.2167981233580216, 1.2287157098589727, 1.183550878322407, -0.017882150725342393, 1.3016856375865116, 0.29901449907859046, -0.9092916740966068, 2.648718288939445, 2.6462676611234475, 0.8854292108061834, 2.199560797986056, 1.3027192822091056, 1.1870405829024617, 0.7810947647226019, 0.7665022349198103, 0.7582537177375791, 1.1637413930916065, 1.313771510494162, 0.3496659885000683, -0.7940973879101138, -0.6250762041214045, -1.9528264959818675, 0.6494093557430308, 0.8934834654088644, -0.7811408998812415, 0.23093654685116718, -1.1310010417772167, -0.44017286079018214, 0.9720001096732416, -0.3672731553529204, 0.002822489698097361, 0.42103107830772674, 0.7824357235715943, 1.189694727779941, -0.16532530793633957, 2.13684204514209, 0.41543750807331425, -0.7213851175583837, -0.24866560631437654, 0.47240745786319704, -0.49352352380335235, 0.7769529835142928, -0.5281913749203656], "A": [3.35, 3.31, 3.2600000000000002, 0.0, 0.84, 1.0150000000000001, 0.675, 0.61, 0.5, 0.43, 0.335, 0.25, 0.375, 1.86, 2.035, 1.71, 1.685, 1.575, 4.21, 4.275, 4.14, 5.0, 4.84, 4.665, 2.64, 2.77, 2.915, 2.475, 3.735, 1.28, 4.525, 2.25, 3.555, 3.065, 3.91, 2.335, 2.16, 1.435, 4.425, 1.1300000000000001, 4.755, 2.705, 0.1, 1.76, 4.93, 4.015, 3.15, 0.765, 3.65, 2.56, 0.93, 0], "R": [1, 1, 1, 1, 1, 1, 1, 1, 1, 1, 1, 1, 1, 1, 1, 0, 0, 0, 0, 0, 0, 0, 0, 0, 0, 0, 0, 0, 0, 0, 0, 0, 0, 0, 0, 0, 0, 0, 0, 0, 0, 0, 0, 0, 0, 0, 0, 0, 0, 0, 0, 0]}