{"RTG": [51, 50, 49, 48, 47, 46, 45, 44, 43, 42, 41, 40, 39, 38, 37, 36, 35, 34, 33, 32, 31, 30, 29, 28, 27, 26, 25, 24, 23, 22, 21, 20, 19, 18, 17, 16, 15, 14, 13, 12, 11, 10, 9, 8, 7, 6, 5, 4, 3, 2, 1, 0], "S": [0, 0.43977288007454873, 0.0866432673157289, 0.16895881349534878, -0.5681424030680832, -0.6664423878806288, 0.35682762061356665, 0.5821843027492473, 0.06986426174581307, -0.8455440470023323, 0.8560300178421365, 0.7665022349198103, 0.7063621804743907, 0.6612033019948327, 0.14978629205510915, 0.8132786627774347, 1.2072785431808835, 1.2217589136693932, 1.3016856375865116, 1.0542425639738024, 1.1571444090289609, 0.7008456084275234, -0.5550393478506724, 1.9226645203488157, 1.3220304032576353, 2.2807160561275923, 2.486335711065681, 2.6194882783227276, -0.7548756490013011, 2.1990799042829505, 1.314995406442874, 1.5186593645993924, -1.414747719560874, 0.02348309645291035, 0.6517420719044649, 1.189694727779941, -0.6250762041214045, 1.2704887200104722, 0.7810947647226019, 0.12001744277458769, -0.5519999276125631, 1.187614098414235, 0.7801908353249076, 1.1065611909486615, 0.38641500747199387, 1.1686108490458247, -1.4864591883310811, -0.5441132825174866, -0.9374506081177982, -0.7119997492397336, -1.9528264959818675, 0.421746209599056], "A": [1.115, 1.05, 1.165, 0.0, 2.055, 2.9250000000000003, 3.015, 3.08, 3.94, 4.795, 4.84, 4.72, 4.53, 4.44, 4.6000000000000005, 0.51, 0.47000000000000003, 0.375, 0.32, 0.61, 0.73, 2.49, 1.6300000000000001, 1.6, 1.6500000000000001, 1.665, 1.68, 3.52, 4.205, 4.1450000000000005, 4.265, 1.385, 1.875, 2.27, 2.705, 3.735, 3.315, 5.0, 0.865, 0.155, 2.62, 3.235, 2.18, 3.4050000000000002, 2.8000000000000003, 3.835, 3.6350000000000002, 2.37, 4.035, 1.28, 4.94, 0], "R": [1, 1, 1, 1, 1, 1, 1, 1, 1, 1, 1, 1, 1, 1, 1, 1, 1, 1, 1, 1, 1, 1, 1, 1, 1, 1, 1, 1, 1, 1, 1, 1, 1, 1, 1, 1, 1, 1, 1, 1, 1, 1, 1, 1, 1, 1, 1, 1, 1, 1, 1, 0]}