{"RTG": [26, 25, 24, 23, 22, 21, 20, 19, 18, 17, 16, 15, 14, 13, 12, 11, 10, 9, 8, 7, 6, 5, 4, 3, 2, 1, 0, 0, 0, 0, 0, 0, 0, 0, 0, 0, 0, 0, 0, 0, 0, 0, 0, 0, 0, 0, 0, 0, 0, 0, 0, 0], "S": [0, 0.37416928039478276, -0.22824474011416213, 0.5747902204568268, 0.7065887481278916, 0.791505350158265, 0.7318721648963916, 0.6466991670257178, 0.5364555030845335, -0.5681424030680832, 0.1642534074841468, 0.040343652882350874, 1.1293561077306389, 1.1971315791461121, 1.128847864961221, 1.2200896781036197, 1.2881202542280985, 1.0000009442743154, -2.2239717903468845, 1.1065611909486615, 0.9421555065576516, -0.26302149708902195, -0.16817882155834474, -0.5915936314210155, 1.1602292902251623, 1.3266242924078386, 1.0444516324076214, 2.6732740673741575, 2.583789023717434, 2.2787485889783183, 0.4633443805678566, -0.6737740081427814, -0.6399272688825074, -0.7834705376033333, 1.1380356008066348, 0.37144358779605585, -0.5519999276125631, -1.3684260504266743, 2.1614265129414165, 0.49351587614176184, 1.555179369689812, -0.4615336624388271, 0.27244383499665203, -0.8797078913319923, 0.2847659930484283, 1.1037847808441072, 1.8063011458935552, -0.6077964200381839, -0.526117465012331, -0.4572802851966546, 0.4379251455547883, -0.11355670144341846], "A": [4.465, 4.3950000000000005, 4.5, 4.55, 4.65, 4.735, 4.865, 4.97, 0.0, 0.86, 1.045, 0.675, 0.635, 0.56, 0.445, 0.39, 0.315, 1.31, 2.18, 2.245, 2.08, 3.105, 3.73, 2.695, 2.755, 2.815, 1.7, 1.675, 1.75, 3.4, 4.045, 2.485, 3.54, 3.27, 1.52, 0.155, 3.8850000000000002, 4.195, 2.965, 4.155, 1.905, 1.155, 2.365, 3.2, 2.59, 4.25, 0.9500000000000001, 3.64, 1.43, 0.775, 0.075, 0], "R": [1, 1, 1, 1, 1, 1, 1, 1, 1, 1, 1, 1, 1, 1, 1, 1, 1, 1, 1, 1, 1, 1, 1, 1, 1, 1, 0, 0, 0, 0, 0, 0, 0, 0, 0, 0, 0, 0, 0, 0, 0, 0, 0, 0, 0, 0, 0, 0, 0, 0, 0, 0]}