{"RTG": [23, 22, 21, 20, 19, 18, 17, 16, 15, 14, 13, 12, 11, 10, 9, 8, 7, 6, 5, 4, 3, 2, 1, 0, 0, 0, 0, 0, 0, 0, 0, 0, 0, 0, 0, 0, 0, 0, 0, 0, 0, 0, 0, 0, 0, 0, 0, 0, 0, 0, 0, 0], "S": [0, -1.1224606128920358, -0.5681424030680832, 0.1642534074841468, -0.6092041357060602, 0.3680109104289028, 0.4949049722078865, 1.1832205329391008, 1.1914882796809394, -2.2383187886964397, 0.7997946265823738, 0.39342310011908804, 1.2766244561205646, 1.1392762323358923, -0.28174751465887515, -0.7940973879101138, -0.7085119626694121, 0.8564619056302556, 0.4989637315144307, 0.7170916018157362, 0.6369849008242138, -0.26316966470052044, -0.7848058643362025, 2.486335711065681, 2.6640935024130794, 2.5551020877188306, 0.6560959005237793, 1.0245921516336474, 1.9421985709844345, 2.0286591678260097, 1.2005038616307513, -0.7880611165295308, 1.2473233634412009, -0.26836271666857353, 0.7486707964918938, -0.5519999276125631, 0.42103107830772674, 0.7810947647226019, 0.2318331862051065, 0.3027282790335336, 0.9578542139492628, -0.18412100953310084, 0.4903847194743459, 1.2198638448838093, -1.5129641137469552, -0.49352352380335235, 0.8132786627774347, 1.024040463667378, 0.49481502529770993, -0.4757085314032074, -0.4572802851966546, -0.11355670144341846], "A": [1.99, 0.0, 0.86, 0.96, 0.8200000000000001, 0.76, 0.66, 0.63, 1.32, 2.84, 2.94, 2.73, 2.685, 3.14, 2.475, 3.9650000000000003, 4.8, 4.8950000000000005, 4.6850000000000005, 4.5200000000000005, 4.385, 3.545, 1.665, 1.69, 1.725, 0.29, 2.235, 4.175, 4.235, 3.335, 3.755, 0.41500000000000004, 2.325, 2.14, 0.155, 1.1300000000000001, 5.0, 3.415, 1.5050000000000001, 3.25, 4.085, 1.85, 0.495, 3.855, 3.65, 4.6000000000000005, 2.58, 3.035, 1.205, 1.43, 0.075, 0], "R": [1, 1, 1, 1, 1, 1, 1, 1, 1, 1, 1, 1, 1, 1, 1, 1, 1, 1, 1, 1, 1, 1, 1, 0, 0, 0, 0, 0, 0, 0, 0, 0, 0, 0, 0, 0, 0, 0, 0, 0, 0, 0, 0, 0, 0, 0, 0, 0, 0, 0, 0, 0]}