{"RTG": [34, 33, 32, 31, 30, 29, 28, 27, 26, 25, 24, 23, 22, 21, 20, 19, 18, 17, 16, 15, 14, 13, 12, 11, 10, 9, 8, 7, 6, 5, 4, 3, 2, 1, 0, 0, 0, 0, 0, 0, 0, 0, 0, 0, 0, 0, 0, 0, 0, 0, 0, 0], "S": [0, 0.12001744277458769, 0.5210538878624557, 1.0022667714886981, 1.1832205329391008, 1.14814577970639, 1.294516094678491, 1.2417797507923742, -0.5320126392908179, 0.41313196293813004, -1.6203663406350275, -0.30250143554770165, 0.18863804225015912, 0.08706900542463383, -0.3881858065598431, 0.7769529835142928, 1.127721295153221, 1.3227683909951515, 1.1302751163004074, 0.5681183836528795, -0.1861306929802691, -0.7001124557070517, 0.7450548739706984, 0.48221651102654217, 0.7016149151198066, 0.7535780975912624, 0.14978629205510915, -0.7506979107943184, 1.5204906701516285, 0.8854292108061834, 1.9226645203488157, 2.1109965038009197, 2.2807160561275923, 2.4252267062251835, 2.539316846348272, 2.6730387989219673, 2.0286591678260097, 1.8594942356609157, -0.5681424030680832, 0.9985969048852414, -1.0882046889653323, -1.1684325326578182, -0.19947597225900737, 0.41465958780389967, 1.1490434588248564, 1.1718425673152988, 0.3659378656084991, -1.2809619500582092, -0.1444384360798626, -0.44124323692021794, 1.2228604805951775, 2.6730387989219673], "A": [0.865, 0.755, 0.6950000000000001, 0.66, 0.605, 0.385, 0.34500000000000003, 0.21, 1.1, 1.26, 1.01, 2.105, 2.305, 1.9000000000000001, 2.56, 2.67, 2.75, 2.805, 3.02, 3.16, 4.0, 4.845, 4.96, 4.715, 4.57, 4.44, 3.575, 1.61, 1.575, 1.6300000000000001, 1.6400000000000001, 1.6500000000000001, 1.6600000000000001, 1.67, 1.695, 4.235, 4.17, 0.0, 3.36, 3.785, 2.435, 3.4450000000000003, 4.315, 2.205, 3.275, 2.93, 3.895, 0.095, 3.68, 0.485, 1.695, 0], "R": [1, 1, 1, 1, 1, 1, 1, 1, 1, 1, 1, 1, 1, 1, 1, 1, 1, 1, 1, 1, 1, 1, 1, 1, 1, 1, 1, 1, 1, 1, 1, 1, 1, 1, 0, 0, 0, 0, 0, 0, 0, 0, 0, 0, 0, 0, 0, 0, 0, 0, 0, 0]}