{"RTG": [3, 2, 1, 0, 0, 0, 0, 0, 0, 0, 0, 0, 0, 0, 0, 0, 0, 0, 0, 0, 0, 0, 0, 0, 0, 0, 0, 0, 0, 0, 0, 0, 0, 0, 0, 0, 0, 0, 0, 0, 0, 0, 0, 0, 0, 0, 0, 0, 0, 0, 0, 0], "S": [0, 2.198622511720558, 1.6217806950522773, 2.486335711065681, 2.6462676611234475, -2.1696699967840307, -0.5681424030680832, 0.9147600389067359, 1.2423047404347072, 0.609313522152387, -1.1442504439522712, 0.12372982621026657, 1.2005038616307513, -0.428093934136053, 0.7143651627474831, 0.3165938873653324, 0.6612033019948327, 0.7002211277137405, 0.5690923241108877, 0.14065031128985822, -1.5129641137469552, 1.2005613140987013, 1.2072785431808835, 1.2790399283068352, -0.3169393062321038, 0.4155245705262251, -0.7985100098253909, -0.43538446450642626, 0.7810947647226019, -0.47945674206180294, 0.02348309645291035, 1.1283506934188439, 0.05135519972342358, 2.1990799042829505, 0.42103107830772674, 1.2287157098589727, 0.49351587614176184, 1.154923932830813, 0.8478622810701648, -0.28307668106601713, 0.8710105674086935, -0.03201196311671608, -0.1908265540465092, -0.6878780468282619, -0.7695552481135107, 1.9631888737933478, 0.8259366669938637, 1.9816540052700344, 0.26116185121244917, -0.7433870189333005, 0.920655627807069, -0.3782782412797233], "A": [1.645, 1.615, 1.665, 1.685, 1.3, 0.0, 2.57, 2.72, 2.86, 2.395, 3.075, 3.335, 3.465, 3.23, 4.32, 4.53, 4.7, 4.88, 4.1, 3.855, 0.64, 0.51, 0.355, 0.23, 0.785, 2.045, 0.995, 5.0, 3.6550000000000002, 1.875, 2.215, 4.43, 4.205, 1.1300000000000001, 0.43, 2.965, 2.645, 4.785, 1.44, 2.15, 0.88, 0.105, 3.975, 3.565, 4.24, 4.615, 1.77, 2.295, 3.75, 0.705, 1.2, 0], "R": [1, 1, 1, 0, 0, 0, 0, 0, 0, 0, 0, 0, 0, 0, 0, 0, 0, 0, 0, 0, 0, 0, 0, 0, 0, 0, 0, 0, 0, 0, 0, 0, 0, 0, 0, 0, 0, 0, 0, 0, 0, 0, 0, 0, 0, 0, 0, 0, 0, 0, 0, 0]}