{"RTG": [16, 15, 14, 13, 12, 11, 10, 9, 8, 7, 6, 5, 4, 3, 2, 1, 0, 0, 0, 0, 0, 0, 0, 0, 0, 0, 0, 0, 0, 0, 0, 0, 0, 0, 0, 0, 0, 0, 0, 0, 0, 0, 0, 0, 0, 0, 0, 0, 0, 0, 0, 0], "S": [0, 0.9985969048852414, 1.2704887200104722, 1.1718425673152988, -0.5681424030680832, 0.32211413453554105, -0.34907795486734916, 1.1293561077306389, 1.1571444090289609, 1.2126012150820673, 1.2247109249108254, 1.2154017406227207, 0.1500898090710972, 1.2992127756900016, 0.3941168188128473, -1.0615730161681003, 2.510577190859736, 2.665056914615652, 2.4252267062251835, 2.1300292046727938, 0.8479373402835767, 1.555179369689812, 0.7810947647226019, 0.7665022349198103, 0.7582537177375791, 1.1637413930916065, 1.313771510494162, 0.3496659885000683, -0.7940973879101138, -0.7880611165295308, -2.2362571854591744, 0.6726275675323473, 0.9421555065576516, 0.12372982621026657, -0.8086308259890348, -0.7609918060846543, 0.280033209144718, -0.44017286079018214, 0.9242571415201947, 0.38008632231324074, 0.42396904460622875, 0.14978629205510915, 1.189694727779941, 0.7690116833676693, -0.1908265540465092, -1.5157966450157259, -0.1861306929802691, -0.6434383622202263, -0.4672195710409025, -0.4088659150438583, -0.6527118419102764, 0.7769529835142928], "A": [3.36, 3.315, 3.275, 0.0, 0.835, 1.0050000000000001, 0.675, 0.61, 0.505, 0.435, 0.34, 0.26, 0.38, 1.855, 2.015, 1.73, 1.705, 1.6600000000000001, 4.225, 4.295, 4.155, 5.0, 4.84, 4.665, 2.64, 2.77, 2.915, 2.475, 3.755, 1.315, 4.535, 2.245, 3.075, 3.9450000000000003, 3.5700000000000003, 1.5, 2.335, 2.1550000000000002, 1.1400000000000001, 4.92, 4.44, 2.705, 4.75, 0.105, 3.85, 3.16, 4.05, 3.66, 0.915, 1.42, 2.56, 0], "R": [1, 1, 1, 1, 1, 1, 1, 1, 1, 1, 1, 1, 1, 1, 1, 1, 0, 0, 0, 0, 0, 0, 0, 0, 0, 0, 0, 0, 0, 0, 0, 0, 0, 0, 0, 0, 0, 0, 0, 0, 0, 0, 0, 0, 0, 0, 0, 0, 0, 0, 0, 0]}