{"RTG": [22, 21, 20, 19, 18, 17, 16, 15, 14, 13, 12, 11, 10, 9, 8, 7, 6, 5, 4, 3, 2, 1, 0, 0, 0, 0, 0, 0, 0, 0, 0, 0, 0, 0, 0, 0, 0, 0, 0, 0, 0, 0, 0, 0, 0, 0, 0, 0, 0, 0, 0, 0], "S": [0, 0.14424649044003368, 0.016953564100676687, 1.2450646428424186, 1.260659837942881, 0.35682762061356665, 1.2599296432649467, 1.1392762323358923, 1.3006506431464921, 0.2326502036687028, -0.5681424030680832, 0.2992456858903939, -0.2543664896025655, 1.1293561077306389, 1.14814577970639, 1.221849818761846, 1.240122479297734, 1.10297997475711, -0.4371655090445092, 1.9421985709844345, 2.1990799042829505, 2.0286591678260097, 1.899839506890742, 2.6246497070519292, 2.6462676611234475, 0.4256092218561636, 0.7810947647226019, 0.7665022349198103, 0.7582537177375791, 0.9720001096732416, -1.0323222330279518, 0.5054056779022843, -0.5613504714487526, -1.7985319445633705, 0.6369849008242138, -0.7740292084447152, -1.1310010417772167, -1.168351323450353, -0.08895775174841293, 0.42103107830772674, 0.7824357235715943, -0.7568219640141731, -0.3116150948341032, -0.7254372327259607, -0.1444384360798626, -0.5628831503192052, 0.41543750807331425, 0.4949049722078865, 1.9226645203488157, 0.08002013972113022, 1.1283506934188439, -0.5281913749203656], "A": [3.19, 3.085, 3.29, 3.3200000000000003, 2.9250000000000003, 2.725, 2.685, 2.775, 2.5300000000000002, 0.0, 0.84, 1.0150000000000001, 0.675, 0.605, 0.49, 0.42, 0.325, 0.22, 4.175, 4.205, 4.235, 1.7750000000000001, 1.715, 1.685, 1.53, 5.0, 4.84, 4.665, 2.16, 2.02, 2.2800000000000002, 3.725, 1.27, 4.5200000000000005, 3.5300000000000002, 3.91, 2.4, 4.415, 1.1300000000000001, 4.755, 1.415, 1.895, 4.025, 0.095, 3.63, 4.93, 0.76, 1.6300000000000001, 3.4250000000000003, 2.215, 0.93, 0], "R": [1, 1, 1, 1, 1, 1, 1, 1, 1, 1, 1, 1, 1, 1, 1, 1, 1, 1, 1, 1, 1, 1, 0, 0, 0, 0, 0, 0, 0, 0, 0, 0, 0, 0, 0, 0, 0, 0, 0, 0, 0, 0, 0, 0, 0, 0, 0, 0, 0, 0, 0, 0]}