{"RTG": [4, 3, 2, 1, 0, 0, 0, 0, 0, 0, 0, 0, 0, 0, 0, 0, 0, 0, 0, 0, 0, 0, 0, 0, 0, 0, 0, 0, 0, 0, 0, 0, 0, 0, 0, 0, 0, 0, 0, 0, 0, 0, 0, 0, 0, 0, 0, 0, 0, 0, 0, 0], "S": [0, 1.3644503580708482, 2.060748031034219, 2.3438345106132012, 2.5551020877188306, 2.6732740673741575, -0.5681424030680832, 1.1740795034056069, 0.9001162474095208, 0.6137687486908822, 0.5821843027492473, 0.2847659930484283, -0.5225634108889254, 0.00646266035523254, 2.1300292046727938, 0.7352255488802192, 1.555179369689812, 0.377304667011703, -0.2543664896025655, 1.1756294449900588, 1.2228604805951775, 1.183550878322407, -0.5689652042600516, 0.7810947647226019, 0.7665022349198103, 0.7582537177375791, -0.5915936314210155, -2.1283174002063725, 0.529575855818755, 0.6726275675323473, -0.9785792591984844, -0.7609918060846543, 0.8771817164369324, 1.2704887200104722, 0.1321564168933086, -0.9561600736877052, 1.1101488684181469, 0.35682762061356665, 0.4035438731462402, 1.2636906207954577, 0.42396904460622875, 0.14978629205510915, 0.7690116833676693, -0.9816023194918702, -0.6963956180988685, 1.1795391579642154, -0.36042160659606265, -0.16817882155834474, -0.1444384360798626, -1.4056490068099121, 0.6842214616603056, -0.4757085314032074], "A": [1.805, 1.7650000000000001, 1.745, 1.725, 1.7, 0.0, 2.7, 2.83, 2.5500000000000003, 3.015, 3.2, 2.34, 3.43, 4.225, 4.3, 4.155, 0.8150000000000001, 1.0150000000000001, 0.62, 0.485, 0.335, 0.20500000000000002, 5.0, 4.84, 4.665, 3.73, 1.295, 2.125, 4.535, 3.9250000000000003, 3.5700000000000003, 0.71, 3.315, 1.475, 2.0300000000000002, 2.22, 2.9250000000000003, 1.135, 0.405, 4.92, 4.44, 4.75, 2.46, 4.04, 2.63, 0.91, 3.105, 0.095, 3.8200000000000003, 1.56, 1.205, 0], "R": [1, 1, 1, 1, 0, 0, 0, 0, 0, 0, 0, 0, 0, 0, 0, 0, 0, 0, 0, 0, 0, 0, 0, 0, 0, 0, 0, 0, 0, 0, 0, 0, 0, 0, 0, 0, 0, 0, 0, 0, 0, 0, 0, 0, 0, 0, 0, 0, 0, 0, 0, 0]}