{"RTG": [24, 23, 22, 21, 20, 19, 18, 17, 16, 15, 14, 13, 12, 11, 10, 9, 8, 7, 6, 5, 4, 3, 2, 1, 0, 0, 0, 0, 0, 0, 0, 0, 0, 0, 0, 0, 0, 0, 0, 0, 0, 0, 0, 0, 0, 0, 0, 0, 0, 0, 0, 0], "S": [0, -1.1897812690263538, -0.5681424030680832, 0.1642534074841468, -0.6092041357060602, 0.3680109104289028, 0.4949049722078865, 1.1832205329391008, 1.1914882796809394, -2.2383187886964397, 1.0814212867534516, 1.0245921516336474, -0.4345148689017537, 0.8011459087892528, 0.7558657355637947, 0.6090386641418352, 0.5444024669777516, -0.17456529408862, 0.5821843027492473, 0.40577549456587986, -0.1861306929802691, 1.129227959703775, 1.1867253408604772, 0.3327416839338406, 0.7810947647226019, 2.6732740673741575, 2.583789023717434, 2.2787485889783183, -0.3764877984809053, 0.6560959005237793, 0.025247930055477295, 1.2473233634412009, -0.6211852992102556, 0.3971961720618536, -0.5519999276125631, 1.2752776432954898, -0.7085119626694121, 0.42103107830772674, 2.1646963807230764, -0.3881858065598431, -0.9899543682703261, 1.2607647850267172, 1.620324142494948, 1.2198638448838093, 0.8848719625808373, -0.5765074546122056, -0.4611514236144929, -0.28307668106601713, 0.7652276639764811, 0.06986426174581307, -0.11355670144341846, 0.44388205005933845], "A": [3.795, 0.0, 0.86, 0.96, 0.8200000000000001, 0.76, 0.66, 0.63, 1.32, 2.1750000000000003, 2.235, 2.07, 4.6450000000000005, 4.745, 4.51, 4.885, 4.355, 3.015, 2.89, 3.16, 2.665, 2.615, 2.535, 5.0, 1.7, 1.675, 1.75, 3.46, 0.29, 4.095, 0.41500000000000004, 3.615, 1.5250000000000001, 0.155, 3.31, 3.9650000000000003, 1.1300000000000001, 4.22, 1.9000000000000001, 2.375, 2.785, 4.26, 0.495, 3.37, 1.21, 3.7, 1.44, 4.575, 3.08, 0.075, 4.95, 0], "R": [1, 1, 1, 1, 1, 1, 1, 1, 1, 1, 1, 1, 1, 1, 1, 1, 1, 1, 1, 1, 1, 1, 1, 1, 0, 0, 0, 0, 0, 0, 0, 0, 0, 0, 0, 0, 0, 0, 0, 0, 0, 0, 0, 0, 0, 0, 0, 0, 0, 0, 0, 0]}