{"RTG": [30, 29, 28, 27, 26, 25, 24, 23, 22, 21, 20, 19, 18, 17, 16, 15, 14, 13, 12, 11, 10, 9, 8, 7, 6, 5, 4, 3, 2, 1, 0, 0, 0, 0, 0, 0, 0, 0, 0, 0, 0, 0, 0, 0, 0, 0, 0, 0, 0, 0, 0, 0], "S": [0, -1.0269167683512421, -0.5681424030680832, 0.1642534074841468, -0.6092041357060602, 0.3680109104289028, 0.4949049722078865, 1.1832205329391008, 1.1914882796809394, -2.2383187886964397, 1.1302751163004074, 0.6543334699031734, 1.3265893946558156, 1.1288287176578806, 0.1308494504699903, -0.5613504714487526, 0.7765038309941795, 0.7096778610505728, 0.10058988888118321, 0.6977617291854273, 0.6452690930094037, 1.275078842405209, 1.0942090702771463, 0.8429601913364685, 0.14065031128985822, 0.6560959005237793, 1.2805352156985943, 1.2218576619033426, 2.356485375892664, 1.8238428669741287, 2.583789023717434, 2.6732740673741575, 0.718905993062926, -0.9311057892287455, 1.7165118520294746, 0.8124124524666402, -0.7840024552976274, 0.3321029361393006, 0.42103107830772674, -0.4836500766001137, -1.0785053980520602, 0.3165938873653324, 2.1614265129414165, 0.8814861408638388, -0.06805584798382577, -1.4376841077764138, 0.8313089284247416, -0.28687307137208434, -0.4757085314032074, -0.4345148689017537, -0.3210934574237214, 0.5143621100491487], "A": [1.96, 0.0, 0.86, 0.96, 0.8200000000000001, 0.76, 0.66, 0.63, 1.32, 2.805, 2.855, 2.7600000000000002, 2.6750000000000003, 2.525, 3.725, 4.58, 4.69, 4.4350000000000005, 4.855, 4.985, 3.305, 3.35, 3.24, 4.1, 0.29, 0.395, 0.44, 1.655, 1.625, 1.675, 1.7, 2.265, 3.93, 4.255, 2.145, 3.5500000000000003, 3.055, 1.1300000000000001, 0.145, 2.3850000000000002, 4.32, 4.195, 1.83, 1.455, 3.825, 4.775, 3.1350000000000002, 1.205, 2.07, 3.455, 2.97, 0], "R": [1, 1, 1, 1, 1, 1, 1, 1, 1, 1, 1, 1, 1, 1, 1, 1, 1, 1, 1, 1, 1, 1, 1, 1, 1, 1, 1, 1, 1, 1, 0, 0, 0, 0, 0, 0, 0, 0, 0, 0, 0, 0, 0, 0, 0, 0, 0, 0, 0, 0, 0, 0]}