{"RTG": [7, 6, 5, 4, 3, 2, 1, 0, 0, 0, 0, 0, 0, 0, 0, 0, 0, 0, 0, 0, 0, 0, 0, 0, 0, 0, 0, 0, 0, 0, 0, 0, 0, 0, 0, 0, 0, 0, 0, 0, 0, 0, 0, 0, 0, 0, 0, 0, 0, 0, 0, 0], "S": [0, 1.0022667714886981, 1.1988872073150763, 1.1398863076022887, 1.2552709899027514, 1.3014072903111207, 0.5757938005403606, 0.4573498151461132, 2.6462676611234475, 2.648718288939445, 1.1737062158429918, 1.1390065784520442, 1.2341595925880817, 0.39342310011908804, -0.46555971502504534, 0.21347584363378308, 0.15531055956049092, -0.4570567081919362, 0.5928665680352182, 0.7259718516629005, 0.6977617291854273, 0.41465958780389967, 0.7810947647226019, 0.38850455016500957, -0.9785792591984844, 0.43977288007454873, -2.078054622311628, -0.6004221706752727, 0.8124124524666402, 0.5054056779022843, -0.5681424030680832, -1.1026558432093951, 0.17769761202432371, 2.199560797986056, -0.7799098430293636, 1.2752776432954898, -0.36679091592001095, -1.1897812690263538, 0.7970323007868108, 0.32211413453554105, 1.2423047404347072, -0.9899543682703261, 2.018703006539025, -0.6527118419102764, 0.8313089284247416, 1.8888071569415663, 1.1490434588248564, -0.11157989388860974, 0.421746209599056, -0.4615336624388271, 0.5668338030505861, -0.715299091384201], "A": [0.6950000000000001, 0.65, 0.6, 0.41000000000000003, 0.37, 0.28500000000000003, 1.5350000000000001, 1.685, 1.71, 1.815, 2.6550000000000002, 2.79, 2.94, 2.495, 3.1950000000000003, 3.42, 3.665, 4.505, 4.68, 4.855, 4.315, 5.0, 4.11, 3.9250000000000003, 1.115, 1.29, 0.965, 2.145, 2.2800000000000002, 0.0, 2.005, 3.0700000000000003, 4.21, 3.535, 3.31, 0.13, 3.795, 4.59, 0.835, 2.72, 2.375, 1.635, 1.42, 4.775, 4.245, 2.205, 1.185, 4.94, 1.905, 2.865, 4.01, 0], "R": [1, 1, 1, 1, 1, 1, 1, 0, 0, 0, 0, 0, 0, 0, 0, 0, 0, 0, 0, 0, 0, 0, 0, 0, 0, 0, 0, 0, 0, 0, 0, 0, 0, 0, 0, 0, 0, 0, 0, 0, 0, 0, 0, 0, 0, 0, 0, 0, 0, 0, 0, 0]}