{"RTG": [29, 28, 27, 26, 25, 24, 23, 22, 21, 20, 19, 18, 17, 16, 15, 14, 13, 12, 11, 10, 9, 8, 7, 6, 5, 4, 3, 2, 1, 0, 0, 0, 0, 0, 0, 0, 0, 0, 0, 0, 0, 0, 0, 0, 0, 0, 0, 0, 0, 0, 0, 0], "S": [0, 1.2805352156985943, 1.2790399283068352, 1.221849818761846, 0.408254220927261, 1.1348906924437472, -0.9737435211646027, 0.718905993062926, -1.0370239909719803, 1.1260754615276558, -0.593214709912086, 0.9022883692297691, 1.2005038616307513, 0.38641500747199387, 1.2699450427223564, 1.3027192822091056, 0.41465958780389967, 1.7165118520294746, 2.0286591678260097, 2.1646963807230764, 0.7810947647226019, 0.6977617291854273, 0.7259718516629005, -0.6092041357060602, 0.849990625769365, 1.1740795034056069, 0.5891517867554916, -1.0364517181494661, 2.5551020877188306, 2.2787485889783183, 2.6732740673741575, -0.5681424030680832, 1.0675806827655183, 1.4202812468229182, 0.04047799628533581, 0.5508090681586929, 0.7299093747335014, -0.7486598192425545, -0.6404363206845495, -0.5315242372945383, -0.08257389710244357, -1.9528264959818675, 0.28719849522687874, -0.25355152682405413, 0.2992456858903939, 0.8205579041063652, -0.2751600190638433, 0.35215098025751895, 1.1929647133334638, -0.6434383622202263, 0.5061761088750564, 0.421746209599056], "A": [0.395, 0.355, 0.49, 0.275, 0.555, 1.405, 2.265, 2.38, 2.185, 2.06, 3.245, 3.335, 3.4050000000000002, 3.3000000000000003, 4.275, 4.315, 4.255, 4.235, 4.22, 5.0, 4.855, 4.68, 0.96, 2.835, 2.7, 2.995, 3.7800000000000002, 1.725, 1.75, 1.7, 0.0, 2.585, 1.605, 1.175, 0.75, 4.5600000000000005, 3.955, 3.61, 1.9100000000000001, 3.095, 1.28, 1.075, 0.115, 0.84, 4.7700000000000005, 2.505, 2.91, 0.655, 4.05, 4.485, 4.94, 0], "R": [1, 1, 1, 1, 1, 1, 1, 1, 1, 1, 1, 1, 1, 1, 1, 1, 1, 1, 1, 1, 1, 1, 1, 1, 1, 1, 1, 1, 1, 0, 0, 0, 0, 0, 0, 0, 0, 0, 0, 0, 0, 0, 0, 0, 0, 0, 0, 0, 0, 0, 0, 0]}