{"RTG": [22, 21, 20, 19, 18, 17, 16, 15, 14, 13, 12, 11, 10, 9, 8, 7, 6, 5, 4, 3, 2, 1, 0, 0, 0, 0, 0, 0, 0, 0, 0, 0, 0, 0, 0, 0, 0, 0, 0, 0, 0, 0, 0, 0, 0, 0, 0, 0, 0, 0, 0, 0], "S": [0, -0.7387734467982239, -0.5681424030680832, 0.1642534074841468, -0.6092041357060602, 0.3680109104289028, 0.4949049722078865, 1.1832205329391008, 1.1914882796809394, -2.2383187886964397, 1.0814212867534516, 1.0245921516336474, -0.4345148689017537, 0.002822489698097361, 0.8313089284247416, 0.6206059075296275, 0.7697164372501104, 0.35215098025751895, 1.3227683909951515, 1.2066195172364638, 1.2033515197286617, -0.6963956180988685, 0.3573440360234566, 2.6730387989219673, 2.593288167724146, 2.1109965038009197, 0.6560959005237793, -0.7940973879101138, 0.9438680768787604, -1.3691595699046264, 1.8888071569415663, 2.014262628658444, 0.7810947647226019, 1.2473233634412009, 0.17769761202432371, 0.1134268335735682, -0.5519999276125631, 0.42103107830772674, 0.6951830673805045, -0.3210934574237214, 0.23008588075507877, -0.7495170589353438, -0.4513534362588481, 1.2198638448838093, 1.0675806827655183, 1.2450646428424186, 0.3165938873653324, -0.9311057892287455, -0.4757085314032074, -1.0269167683512421, 0.5891517867554916, 0.4307974516011793], "A": [3.58, 0.0, 0.86, 0.96, 0.8200000000000001, 0.76, 0.66, 0.63, 1.32, 2.1750000000000003, 2.235, 2.07, 4.425, 4.775, 4.87, 4.66, 2.91, 2.75, 2.71, 2.795, 4.04, 3.205, 1.695, 1.72, 1.6400000000000001, 0.29, 2.475, 3.365, 3.815, 4.245, 4.18, 5.0, 0.41500000000000004, 3.0700000000000003, 1.87, 0.155, 1.1300000000000001, 4.545, 3.455, 1.49, 2.355, 3.6950000000000003, 0.495, 2.585, 3.29, 4.32, 3.93, 1.205, 1.96, 2.995, 4.945, 0], "R": [1, 1, 1, 1, 1, 1, 1, 1, 1, 1, 1, 1, 1, 1, 1, 1, 1, 1, 1, 1, 1, 1, 0, 0, 0, 0, 0, 0, 0, 0, 0, 0, 0, 0, 0, 0, 0, 0, 0, 0, 0, 0, 0, 0, 0, 0, 0, 0, 0, 0, 0, 0]}