{"RTG": [9, 8, 7, 6, 5, 4, 3, 2, 1, 0, 0, 0, 0, 0, 0, 0, 0, 0, 0, 0, 0, 0, 0, 0, 0, 0, 0, 0, 0, 0, 0, 0, 0, 0, 0, 0, 0, 0, 0, 0, 0, 0, 0, 0, 0, 0, 0, 0, 0, 0, 0, 0], "S": [0, -0.4513534362588481, -0.5681424030680832, 0.27208023610146237, -0.49337631073269567, 0.384592971877546, 1.550053509588688, 0.8814861408638388, 1.899839506890742, 2.13684204514209, 2.648718288939445, 1.2599296432649467, 0.7014264433005017, 1.0675806827655183, -1.2050087939706549, 0.3321029361393006, 1.1380356008066348, 0.38641500747199387, 0.6726275675323473, 0.6985273081722505, 0.5444024669777516, -0.17456529408862, 1.2805352156985943, 1.2008932538035024, -0.017882150725342393, -2.2113535522026915, -0.7213855572269114, 0.9720001096732416, 0.7810947647226019, -0.043400782201073435, 0.6284470719106436, 1.1914882796809394, -1.503718626120767, 2.1614265129414165, 1.9631888737933478, 0.8399611402853264, 0.42103107830772674, -0.7811408998812415, 0.4302381124583138, -0.32750870905583246, -0.6664423878806288, 0.826452834105411, 1.1464646165049321, -0.5765074546122056, 0.8564619056302556, 0.9215906391411742, 2.539316846348272, 1.2005038616307513, -0.2050297928400839, 1.183550878322407, 0.040343652882350874, 1.0022667714886981], "A": [3.6950000000000003, 0.0, 0.845, 0.925, 0.81, 1.795, 1.83, 1.7750000000000001, 1.76, 1.71, 2.725, 2.85, 2.585, 2.42, 3.055, 3.27, 3.4050000000000002, 4.535, 4.705, 4.885, 4.355, 0.395, 0.515, 0.25, 1.33, 4.03, 2.16, 5.0, 3.1750000000000003, 1.555, 0.63, 3.86, 4.195, 4.24, 2.255, 1.1300000000000001, 3.555, 2.95, 0.125, 2.055, 4.62, 2.65, 1.21, 4.8, 4.13, 1.67, 3.335, 1.445, 0.335, 1.045, 0.6950000000000001, 0], "R": [1, 1, 1, 1, 1, 1, 1, 1, 1, 0, 0, 0, 0, 0, 0, 0, 0, 0, 0, 0, 0, 0, 0, 0, 0, 0, 0, 0, 0, 0, 0, 0, 0, 0, 0, 0, 0, 0, 0, 0, 0, 0, 0, 0, 0, 0, 0, 0, 0, 0, 0, 0]}