{"RTG": [24, 23, 22, 21, 20, 19, 18, 17, 16, 15, 14, 13, 12, 11, 10, 9, 8, 7, 6, 5, 4, 3, 2, 1, 0, 0, 0, 0, 0, 0, 0, 0, 0, 0, 0, 0, 0, 0, 0, 0, 0, 0, 0, 0, 0, 0, 0, 0, 0, 0, 0, 0], "S": [0, -1.4239948062371293, -0.5681424030680832, 0.4485587152594895, 1.1260754615276558, 1.1283506934188439, -0.034142590711439366, -1.1310010417772167, 0.8205579041063652, 0.672534868209102, 0.791505350158265, 0.6494093557430308, -0.2695911284410121, 0.7810947647226019, 1.1664614388095813, 1.1929647133334638, 0.5840020559624679, 1.2218576619033426, 1.2805352156985943, 1.0000009442743154, 1.189694727779941, 1.3265893946558156, 0.9978997859167429, -0.3210934574237214, 2.583789023717434, 2.665056914615652, 2.13684204514209, -0.6399272688825074, -0.5088549283725726, 0.280033209144718, 1.555179369689812, -0.3605851279422107, 2.084491255479688, -0.44919934217062807, 1.099627421136071, -0.5807826452226514, -0.7202755602478425, 0.49351587614176184, 1.1347072427156868, 0.43558581507364647, -0.8169671187903633, -1.0882046889653323, -1.3062435570172963, 0.12001744277458769, 1.132872154906867, -0.7609918060846543, 1.3220304032576353, 0.015058671514919365, 0.9620205374516724, 0.421746209599056, -0.11355670144341846, -1.0615730161681003], "A": [1.25, 0.0, 2.12, 2.185, 2.215, 3.09, 3.91, 4.7700000000000005, 4.86, 4.65, 4.525, 4.38, 5.0, 0.615, 0.655, 0.745, 0.44, 0.395, 0.315, 2.705, 2.7600000000000002, 2.82, 3.455, 1.675, 1.705, 1.76, 2.485, 0.985, 1.5, 4.155, 4.075, 4.23, 3.67, 3.265, 0.16, 1.925, 2.965, 3.345, 1.11, 2.36, 3.785, 1.3900000000000001, 0.865, 2.595, 3.5700000000000003, 1.6, 3.18, 4.29, 4.94, 0.075, 2.015, 0], "R": [1, 1, 1, 1, 1, 1, 1, 1, 1, 1, 1, 1, 1, 1, 1, 1, 1, 1, 1, 1, 1, 1, 1, 1, 0, 0, 0, 0, 0, 0, 0, 0, 0, 0, 0, 0, 0, 0, 0, 0, 0, 0, 0, 0, 0, 0, 0, 0, 0, 0, 0, 0]}