{"RTG": [25, 24, 23, 22, 21, 20, 19, 18, 17, 16, 15, 14, 13, 12, 11, 10, 9, 8, 7, 6, 5, 4, 3, 2, 1, 0, 0, 0, 0, 0, 0, 0, 0, 0, 0, 0, 0, 0, 0, 0, 0, 0, 0, 0, 0, 0, 0, 0, 0, 0, 0, 0], "S": [0, -0.6800648534759454, -0.5681424030680832, -0.26302149708902195, 0.3496659885000683, 0.5674801530142803, 0.37860667503134976, -1.2326682407776417, 0.7824357235715943, 0.8542846964258753, 0.5444024669777516, 0.7065887481278916, 0.41171617023787066, 0.8250163897131615, 1.4124672145230344, 2.0286591678260097, 2.1880040451103517, 1.14814577970639, 0.7881508443671758, 1.2217589136693932, 1.183550878322407, -0.48797384671598903, -0.36042160659606265, 2.4252267062251835, 1.9226645203488157, 2.6194882783227276, 2.648718288939445, -0.5550393478506724, -0.428093934136053, 0.5804748080628606, 1.099627421136071, 1.1740795034056069, -0.44919934217062807, -0.5315242372945383, -1.3062435570172963, 0.1738487017905306, 1.187614098414235, 1.1347072427156868, -0.5574404173745552, 0.7810947647226019, 1.1400171087098125, -0.984767779832423, 1.2722439051238437, 1.2033515197286617, 0.384592971877546, -0.1444384360798626, -0.043400782201073435, -0.7609918060846543, -0.9899543682703261, 0.4035438731462402, 0.20124723393830407, 1.1737062158429918], "A": [1.215, 0.0, 2.08, 2.915, 2.985, 3.0500000000000003, 3.9, 4.755, 4.805, 4.885, 4.55, 4.47, 4.625, 4.2700000000000005, 4.235, 4.215, 0.605, 0.72, 0.47000000000000003, 0.335, 0.215, 0.91, 1.6600000000000001, 1.6300000000000001, 1.68, 1.71, 2.49, 3.465, 2.275, 3.265, 2.7, 3.67, 1.9100000000000001, 1.3900000000000001, 1.06, 2.62, 3.345, 4.0600000000000005, 5.0, 2.19, 3.775, 0.4, 2.795, 0.81, 0.095, 3.1750000000000003, 3.5700000000000003, 2.375, 1.135, 1.485, 1.815, 0], "R": [1, 1, 1, 1, 1, 1, 1, 1, 1, 1, 1, 1, 1, 1, 1, 1, 1, 1, 1, 1, 1, 1, 1, 1, 1, 0, 0, 0, 0, 0, 0, 0, 0, 0, 0, 0, 0, 0, 0, 0, 0, 0, 0, 0, 0, 0, 0, 0, 0, 0, 0, 0]}