{"RTG": [17, 16, 15, 14, 13, 12, 11, 10, 9, 8, 7, 6, 5, 4, 3, 2, 1, 0, 0, 0, 0, 0, 0, 0, 0, 0, 0, 0, 0, 0, 0, 0, 0, 0, 0, 0, 0, 0, 0, 0, 0, 0, 0, 0, 0, 0, 0, 0, 0, 0, 0, 0], "S": [0, 0.4301388341903039, 0.9978997859167429, 1.2607647850267172, 1.3227683909951515, -0.16817882155834474, -0.5681424030680832, 0.2992456858903939, -0.2543664896025655, 1.1514880559381484, 1.1398863076022887, 1.2230482233664581, 1.2552709899027514, 1.0000009442743154, 0.587534579924061, -1.1095620561736692, 2.3438345106132012, 2.593288167724146, 2.6640935024130794, 0.04365670661903363, -0.8455440470023323, 0.8531075124258279, 0.4307974516011793, 0.8216524061744304, 0.33376010508273046, -0.7057535105063594, -0.8797078913319923, 1.8888071569415663, 1.7668558624147594, -1.320838392830492, 1.2599255689740672, -0.5344493610789871, -0.6238152741688394, 0.5241625713457142, 0.0596368921205919, 1.1065611909486615, 0.8219396147231978, 0.9635249207235376, 0.27750730430012266, 0.7065887481278916, 0.4304544603542519, -0.5574404173745552, 0.438911988125878, -1.4376841077764138, 0.7810947647226019, -0.6016781995881259, 0.4949049722078865, 0.7817142987958644, 1.1849486762474712, 0.7063621804743907, -1.808714120923141, 0.5950547331054502], "A": [2.8850000000000002, 2.82, 2.785, 2.75, 3.105, 0.0, 0.84, 1.0150000000000001, 0.67, 0.6, 0.48, 0.41000000000000003, 0.315, 1.845, 1.98, 1.745, 1.72, 1.69, 1.465, 3.94, 4.79, 4.945, 4.63, 4.46, 3.505, 2.365, 4.245, 4.165, 1.245, 3.295, 3.72, 0.17, 2.545, 4.335, 2.18, 3.375, 1.58, 2.11, 4.55, 3.21, 4.0600000000000005, 1.12, 3.825, 5.0, 3.62, 0.76, 2.2600000000000002, 2.625, 4.72, 1.365, 3.005, 0], "R": [1, 1, 1, 1, 1, 1, 1, 1, 1, 1, 1, 1, 1, 1, 1, 1, 1, 0, 0, 0, 0, 0, 0, 0, 0, 0, 0, 0, 0, 0, 0, 0, 0, 0, 0, 0, 0, 0, 0, 0, 0, 0, 0, 0, 0, 0, 0, 0, 0, 0, 0, 0]}