{"RTG": [8, 7, 6, 5, 4, 3, 2, 1, 0, 0, 0, 0, 0, 0, 0, 0, 0, 0, 0, 0, 0, 0, 0, 0, 0, 0, 0, 0, 0, 0, 0, 0, 0, 0, 0, 0, 0, 0, 0, 0, 0, 0, 0, 0, 0, 0, 0, 0, 0, 0, 0, 0], "S": [0, -0.6049491287165064, -0.2543664896025655, 0.29901449907859046, -0.8275862870460531, 0.783357385465521, 1.0768972333907842, 2.060748031034219, 2.404467632602444, 2.665056914615652, 1.0444516324076214, 0.4508392748499579, 1.129227959703775, -0.17560713225483768, 0.14424649044003368, -0.06490318263147667, 1.7165118520294746, -0.17456529408862, 1.8594942356609157, -0.6929902457178543, 0.7810947647226019, 0.7665022349198103, 0.7468985423979649, 1.1398863076022887, 0.7008456084275234, 1.219269979845113, -2.1696699967840307, -0.44151905624948234, 0.6517420719044649, 1.2154017406227207, -0.5681424030680832, 0.7065887481278916, 0.12001744277458769, 1.0141390956092324, -1.4647684387382283, 1.2752776432954898, 0.20124723393830407, 0.38008632231324074, -0.7695552481135107, 0.23093654685116718, -1.0785053980520602, 0.42396904460622875, 1.3049009603131116, 0.2360780316584261, 0.14065031128985822, 0.7690116833676693, 0.37416928039478276, 1.176806974670785, 0.8854292108061834, 0.0074048302044516555, 1.1037847808441072, 0.9438680768787604], "A": [0.165, 1.0150000000000001, 1.86, 1.935, 1.835, 1.82, 1.7650000000000001, 1.74, 1.705, 2.815, 2.955, 2.665, 2.5100000000000002, 3.19, 3.435, 4.255, 4.355, 4.17, 3.995, 5.0, 4.84, 4.67, 0.6, 0.73, 0.455, 1.3, 3.685, 2.27, 0.34, 0.0, 4.55, 0.865, 2.165, 3.83, 3.31, 1.485, 1.1400000000000001, 3.565, 3.065, 2.3850000000000002, 4.92, 2.74, 0.265, 4.1, 4.75, 4.465, 0.53, 1.575, 2.095, 2.59, 3.365, 0], "R": [1, 1, 1, 1, 1, 1, 1, 1, 0, 0, 0, 0, 0, 0, 0, 0, 0, 0, 0, 0, 0, 0, 0, 0, 0, 0, 0, 0, 0, 0, 0, 0, 0, 0, 0, 0, 0, 0, 0, 0, 0, 0, 0, 0, 0, 0, 0, 0, 0, 0, 0, 0]}