{"RTG": [10, 9, 8, 7, 6, 5, 4, 3, 2, 1, 0, 0, 0, 0, 0, 0, 0, 0, 0, 0, 0, 0, 0, 0, 0, 0, 0, 0, 0, 0, 0, 0, 0, 0, 0, 0, 0, 0, 0, 0, 0, 0, 0, 0, 0, 0, 0, 0, 0, 0, 0, 0], "S": [0, 0.1500898090710972, -0.5807826452226514, 0.8758965088053228, 1.10297997475711, 1.2628973292464318, 1.185463162109889, 1.1327279928260916, 0.7881508443671758, 0.12001744277458769, -0.5681424030680832, 2.6462676611234475, 2.648718288939445, 1.550053509588688, 0.4573498151461132, 1.1722023515752833, 1.3223751932371433, 0.35215098025751895, -0.8626716533395865, 0.4304544603542519, 0.38641500747199387, -0.6404363206845495, 0.290731299743892, 0.7582537177375791, 0.8036415820234936, 0.7810947647226019, 2.084491255479688, 1.555179369689812, 0.5176853876426791, -0.11157989388860974, 0.27750730430012266, -1.4664759182334537, 0.17769761202432371, 0.7817142987958644, -1.968180204763193, -0.05613805381416219, -1.054315683292044, 0.7417519397012445, 1.2752776432954898, 0.42396904460622875, -0.7213851175583837, -0.5915936314210155, -0.6776977831069698, 1.1740795034056069, 1.9226645203488157, 1.1260754615276558, 0.7690116833676693, -0.7057535105063594, -0.6077964200381839, 0.5800560575903002, 0.43977288007454873, 0.7769529835142928], "A": [0.26, 0.16, 0.305, 0.325, 0.35000000000000003, 0.525, 0.595, 0.72, 0.865, 0.0, 1.685, 1.71, 1.795, 1.5350000000000001, 2.6350000000000002, 2.765, 2.91, 2.47, 3.21, 3.4050000000000002, 3.61, 4.455, 4.665, 4.83, 5.0, 4.23, 4.155, 4.3100000000000005, 1.185, 2.11, 3.87, 3.0700000000000003, 2.2600000000000002, 1.355, 1.035, 1.965, 4.565, 3.31, 4.92, 4.015, 3.73, 2.35, 2.7, 1.6300000000000001, 2.185, 4.75, 3.505, 0.9500000000000001, 2.99, 1.115, 2.56, 0], "R": [1, 1, 1, 1, 1, 1, 1, 1, 1, 1, 0, 0, 0, 0, 0, 0, 0, 0, 0, 0, 0, 0, 0, 0, 0, 0, 0, 0, 0, 0, 0, 0, 0, 0, 0, 0, 0, 0, 0, 0, 0, 0, 0, 0, 0, 0, 0, 0, 0, 0, 0, 0]}