{"RTG": [12, 11, 10, 9, 8, 7, 6, 5, 4, 3, 2, 1, 0, 0, 0, 0, 0, 0, 0, 0, 0, 0, 0, 0, 0, 0, 0, 0, 0, 0, 0, 0, 0, 0, 0, 0, 0, 0, 0, 0, 0, 0, 0, 0, 0, 0, 0, 0, 0, 0, 0, 0], "S": [0, 1.124212497936378, 1.185463162109889, 1.2192840698341836, 1.3016856375865116, 0.940457295044262, 0.40772630398627313, -0.611716481250362, 1.2696251559757619, 0.3941168188128473, 1.7290264375923594, 1.9816540052700344, 2.593288167724146, 2.6730387989219673, 0.6517420719044649, -1.143759296187581, 0.6800540626825456, 1.2599255689740672, 0.15531055956049092, -0.0968313948440262, 1.4124672145230344, -0.26316966470052044, 1.7668558624147594, -0.7254372327259607, 0.7810947647226019, 0.7665022349198103, 0.7468985423979649, 1.0887396232185838, 0.3782747663821225, 1.1326765301622912, -2.019375394177136, -0.5681424030680832, -0.4909143663015248, 0.7181670574127406, -1.5129641137469552, -0.7609918060846543, -0.4836500766001137, 0.09060725392395028, 0.42661607931867784, 1.0675806827655183, 1.0022667714886981, 0.4215588852672501, 0.42396904460622875, -0.7985100098253909, 2.1880040451103517, 0.7690116833676693, -0.032732204163866366, 1.1490434588248564, 1.0942090702771463, 0.6284470719106436, 0.4777299050634701, 1.3227683909951515], "A": [0.5650000000000001, 0.525, 0.45, 0.375, 0.31, 0.79, 0.9550000000000001, 1.81, 1.855, 1.7850000000000001, 1.77, 1.72, 1.695, 2.27, 2.44, 2.1350000000000002, 3.295, 3.42, 3.17, 4.2700000000000005, 4.385, 4.165, 4.025, 5.0, 4.84, 4.67, 2.81, 2.935, 2.68, 1.285, 0.0, 3.71, 4.555, 3.855, 3.5700000000000003, 0.145, 1.47, 1.105, 2.585, 0.6950000000000001, 3.045, 4.92, 2.045, 4.215, 4.75, 1.18, 2.205, 3.35, 1.555, 4.48, 2.75, 0], "R": [1, 1, 1, 1, 1, 1, 1, 1, 1, 1, 1, 1, 0, 0, 0, 0, 0, 0, 0, 0, 0, 0, 0, 0, 0, 0, 0, 0, 0, 0, 0, 0, 0, 0, 0, 0, 0, 0, 0, 0, 0, 0, 0, 0, 0, 0, 0, 0, 0, 0, 0, 0]}