{"RTG": [25, 24, 23, 22, 21, 20, 19, 18, 17, 16, 15, 14, 13, 12, 11, 10, 9, 8, 7, 6, 5, 4, 3, 2, 1, 0, 0, 0, 0, 0, 0, 0, 0, 0, 0, 0, 0, 0, 0, 0, 0, 0, 0, 0, 0, 0, 0, 0, 0, 0, 0, 0], "S": [0, -0.7433870189333005, -0.5681424030680832, 0.1642534074841468, -0.6092041357060602, 0.3680109104289028, 0.4949049722078865, 1.1832205329391008, 1.1914882796809394, -2.2383187886964397, 1.0814212867534516, 1.0245921516336474, -0.4345148689017537, 0.8058072136235602, 0.7096778610505728, 0.37416928039478276, 0.6977617291854273, 0.569257083247662, 2.084491255479688, 2.186387029405289, 1.314995406442874, 0.5891517867554916, 0.9001162474095208, 1.1392762323358923, 0.6982589645466594, -0.043400782201073435, 2.6730387989219673, 2.593288167724146, 2.1109965038009197, -0.1336677750241096, 0.6560959005237793, 1.2473233634412009, -1.1987220633160474, -0.7253309927571581, -1.0793329670954217, 0.02348309645291035, -0.5519999276125631, 0.42103107830772674, 1.2752776432954898, 0.23008588075507877, 0.35215098025751895, 1.2198638448838093, -0.21130216392220635, 0.8313089284247416, 0.016953564100676687, -0.4757085314032074, 1.3227683909951515, -0.7213851175583837, -1.054315683292044, -0.44919934217062807, 0.9438680768787604, -0.11355670144341846], "A": [3.75, 0.0, 0.86, 0.96, 0.8200000000000001, 0.76, 0.66, 0.63, 1.32, 2.1750000000000003, 2.235, 2.07, 4.595, 4.69, 4.465, 4.855, 4.9750000000000005, 4.23, 4.2, 4.1450000000000005, 2.995, 2.83, 2.685, 2.555, 3.1750000000000003, 1.695, 1.72, 1.6400000000000001, 3.44, 0.29, 0.41500000000000004, 2.41, 3.585, 3.915, 1.875, 0.155, 1.1300000000000001, 3.31, 1.49, 2.91, 0.495, 4.36, 4.775, 3.085, 1.205, 2.75, 4.015, 1.965, 3.67, 3.365, 0.075, 0], "R": [1, 1, 1, 1, 1, 1, 1, 1, 1, 1, 1, 1, 1, 1, 1, 1, 1, 1, 1, 1, 1, 1, 1, 1, 1, 0, 0, 0, 0, 0, 0, 0, 0, 0, 0, 0, 0, 0, 0, 0, 0, 0, 0, 0, 0, 0, 0, 0, 0, 0, 0, 0]}