{"RTG": [15, 14, 13, 12, 11, 10, 9, 8, 7, 6, 5, 4, 3, 2, 1, 0, 0, 0, 0, 0, 0, 0, 0, 0, 0, 0, 0, 0, 0, 0, 0, 0, 0, 0, 0, 0, 0, 0, 0, 0, 0, 0, 0, 0, 0, 0, 0, 0, 0, 0, 0, 0], "S": [0, 0.5800560575903002, 0.3782747663821225, 0.37860667503134976, -0.5681424030680832, 0.1642534074841468, -0.10563491063426701, 0.9625550854276712, 1.1929647133334638, 1.1571444090289609, 1.3014072903111207, 1.1460939208731853, 1.240122479297734, 0.3941168188128473, -1.0615730161681003, 2.5551020877188306, 2.6732740673741575, 2.198622511720558, -1.182399402186969, 0.7957554899833702, 0.42396904460622875, 0.8058072136235602, 0.002822489698097361, -0.7940973879101138, -0.5197320190323577, -2.201677621553729, 2.1614265129414165, 0.9215906391411742, 1.7165118520294746, 1.1740795034056069, 0.8934834654088644, -0.44124323692021794, 1.1718425673152988, -0.5519999276125631, 1.1867253408604772, 0.9720001096732416, 0.7810947647226019, 1.0487836559167683, 0.20124723393830407, 0.35049370059763607, 0.7360187314858049, -1.0882046889653323, 1.2033515197286617, -0.6776977831069698, 0.07785300854845761, -0.7253309927571581, 0.6090386641418352, -0.715299091384201, -0.5805195318260895, -0.9737435211646027, -0.11355670144341846, 0.7665022349198103], "A": [2.99, 2.935, 3.0500000000000003, 0.0, 0.86, 1.03, 0.7000000000000001, 0.655, 0.61, 0.37, 0.33, 0.42, 1.855, 2.015, 1.725, 1.7, 1.645, 3.9050000000000002, 4.76, 4.92, 4.595, 4.425, 2.475, 3.475, 1.305, 4.195, 4.13, 4.255, 2.7, 2.25, 3.68, 3.275, 0.155, 2.615, 2.16, 5.0, 3.355, 1.485, 1.145, 4.675, 3.785, 2.795, 2.35, 3.185, 3.585, 4.51, 4.01, 0.9400000000000001, 1.405, 0.075, 4.84, 0], "R": [1, 1, 1, 1, 1, 1, 1, 1, 1, 1, 1, 1, 1, 1, 1, 0, 0, 0, 0, 0, 0, 0, 0, 0, 0, 0, 0, 0, 0, 0, 0, 0, 0, 0, 0, 0, 0, 0, 0, 0, 0, 0, 0, 0, 0, 0, 0, 0, 0, 0, 0, 0]}