{"RTG": [22, 21, 20, 19, 18, 17, 16, 15, 14, 13, 12, 11, 10, 9, 8, 7, 6, 5, 4, 3, 2, 1, 0, 0, 0, 0, 0, 0, 0, 0, 0, 0, 0, 0, 0, 0, 0, 0, 0, 0, 0, 0, 0, 0, 0, 0, 0, 0, 0, 0, 0, 0], "S": [0, -1.168351323450353, -0.5681424030680832, 0.1642534074841468, -0.6092041357060602, 0.3680109104289028, 0.4949049722078865, 1.1832205329391008, 1.1914882796809394, -2.2383187886964397, 0.9578542139492628, 1.2457424006890583, 0.7554559803553068, 2.084491255479688, 1.620324142494948, 2.199560797986056, 0.7810947647226019, 0.6977617291854273, 0.7360187314858049, 0.2053593529541412, -0.4345148689017537, 2.486335711065681, 2.018703006539025, 2.6462676611234475, 0.9001162474095208, 0.5340475232331015, 1.1326765301622912, -1.0882046889653323, 0.6560959005237793, 0.6726275675323473, 1.2473233634412009, -0.6929902457178543, 0.9730814183255039, -0.7104987145618867, -0.5519999276125631, 1.1101488684181469, 0.42103107830772674, -0.08257389710244357, 2.5551020877188306, 0.14978629205510915, 0.8085877969105064, 1.2198638448838093, 0.34532270229374284, -0.009124780770441163, -1.3264683727487805, 1.3266242924078386, -0.657719301396538, -1.0957773882808306, 0.26206678582391096, -0.4757085314032074, 0.421746209599056, -0.4448451563527119], "A": [2.4, 0.0, 0.86, 0.96, 0.8200000000000001, 0.76, 0.66, 0.63, 1.32, 3.25, 3.325, 3.38, 4.23, 4.26, 4.21, 5.0, 4.855, 4.675, 1.865, 2.07, 1.665, 1.635, 1.685, 2.83, 2.975, 2.68, 3.785, 0.29, 4.535, 0.41500000000000004, 3.995, 2.575, 3.59, 0.155, 2.22, 1.1300000000000001, 3.095, 1.725, 4.44, 4.765, 0.495, 2.29, 1.46, 3.89, 2.755, 3.495, 1.975, 4.105, 1.205, 4.94, 3.69, 0], "R": [1, 1, 1, 1, 1, 1, 1, 1, 1, 1, 1, 1, 1, 1, 1, 1, 1, 1, 1, 1, 1, 1, 0, 0, 0, 0, 0, 0, 0, 0, 0, 0, 0, 0, 0, 0, 0, 0, 0, 0, 0, 0, 0, 0, 0, 0, 0, 0, 0, 0, 0, 0]}