{"RTG": [14, 13, 12, 11, 10, 9, 8, 7, 6, 5, 4, 3, 2, 1, 0, 0, 0, 0, 0, 0, 0, 0, 0, 0, 0, 0, 0, 0, 0, 0, 0, 0, 0, 0, 0, 0, 0, 0, 0, 0, 0, 0, 0, 0, 0, 0, 0, 0, 0, 0, 0, 0], "S": [0, 0.6466991670257178, 0.8494306260888944, 0.7824357235715943, 0.6726275675323473, 0.2454218611888777, 0.8235016011496119, -0.5681424030680832, 0.2404961358400748, -0.2543664896025655, 0.9625550854276712, 1.1929647133334638, 1.1571444090289609, 0.2053593529541412, -0.6664423878806288, 2.6730387989219673, 2.539316846348272, 2.510577190859736, 0.37011310999987346, -0.1275144827788334, 1.1740795034056069, 0.8492731788192288, -0.9899543682703261, -1.0882046889653323, 1.555179369689812, -0.6434383622202263, 1.9631888737933478, 0.2318331862051065, -2.2113535522026915, 1.10297997475711, -0.5689652042600516, 1.2287157098589727, -0.7506979107943184, 1.1380356008066348, 1.1413307041700922, 1.2033515197286617, 0.7810947647226019, 0.3146398464699526, 0.3476295436147299, 0.3165938873653324, -1.1310010417772167, 0.21347584363378308, 0.5804748080628606, -0.4438624640970557, 0.5891517867554916, -0.1444384360798626, -0.5550393478506724, -0.8928179219706346, 1.1701627407828141, -1.0269167683512421, 1.2126012150820673, -0.5281913749203656], "A": [4.865, 4.8100000000000005, 4.755, 4.535, 4.45, 4.61, 0.0, 0.85, 1.0150000000000001, 0.7000000000000001, 0.655, 0.61, 1.865, 2.055, 1.695, 1.67, 1.73, 2.9, 3.1, 2.7, 2.565, 2.375, 3.785, 4.155, 4.05, 4.24, 3.415, 1.33, 0.325, 0.20500000000000002, 0.43, 3.575, 3.27, 2.21, 2.795, 5.0, 1.1500000000000001, 1.5150000000000001, 4.32, 3.91, 3.1950000000000003, 2.275, 3.6750000000000003, 2.995, 0.095, 2.49, 1.225, 3.34, 1.96, 0.505, 0.93, 0], "R": [1, 1, 1, 1, 1, 1, 1, 1, 1, 1, 1, 1, 1, 1, 0, 0, 0, 0, 0, 0, 0, 0, 0, 0, 0, 0, 0, 0, 0, 0, 0, 0, 0, 0, 0, 0, 0, 0, 0, 0, 0, 0, 0, 0, 0, 0, 0, 0, 0, 0, 0, 0]}