{"RTG": [23, 22, 21, 20, 19, 18, 17, 16, 15, 14, 13, 12, 11, 10, 9, 8, 7, 6, 5, 4, 3, 2, 1, 0, 0, 0, 0, 0, 0, 0, 0, 0, 0, 0, 0, 0, 0, 0, 0, 0, 0, 0, 0, 0, 0, 0, 0, 0, 0, 0, 0, 0], "S": [0, 0.49351587614176184, 0.35893135363273554, 0.46043837533281906, 0.3573440360234566, 1.260659837942881, 1.0487836559167683, 1.127721295153221, 1.1815012598688805, -0.17560713225483768, -0.5681424030680832, 0.2045054376024882, 0.0866432673157289, 1.1929647133334638, 1.14814577970639, 1.2226063038826296, 1.2473233634412009, 1.10297997475711, 0.7439499693117351, -0.3799924249980656, 2.1300292046727938, 1.7165118520294746, 2.186387029405289, 2.3438345106132012, 2.6246497070519292, 2.6462676611234475, 0.23008588075507877, 0.7810947647226019, 0.7665022349198103, 0.7582537177375791, -0.8835498934886132, 0.4485587152594895, -1.7985319445633705, -1.054315683292044, 0.7817142987958644, 0.6612033019948327, -0.7695552481135107, -0.7085119626694121, -0.8169671187903633, 1.3220304032576353, 0.05135519972342358, 0.7824357235715943, -0.6092041357060602, 1.2829686885252671, 0.35049370059763607, -1.488154407535072, 0.41543750807331425, -0.1444384360798626, -0.4672195710409025, -1.1958523683721816, -0.2767185250323555, 1.1400171087098125], "A": [2.965, 2.9050000000000002, 3.04, 3.205, 3.3200000000000003, 3.355, 2.67, 2.61, 2.5100000000000002, 0.0, 0.855, 1.05, 0.655, 0.605, 0.47500000000000003, 0.41500000000000004, 0.325, 0.725, 0.225, 4.225, 4.255, 4.2, 1.745, 1.715, 1.685, 1.49, 5.0, 4.84, 4.665, 3.765, 2.12, 1.27, 1.965, 2.2600000000000002, 4.53, 3.565, 3.9650000000000003, 2.36, 1.6, 4.43, 4.755, 0.96, 2.7800000000000002, 1.145, 3.865, 4.93, 0.095, 3.66, 1.395, 4.08, 2.19, 0], "R": [1, 1, 1, 1, 1, 1, 1, 1, 1, 1, 1, 1, 1, 1, 1, 1, 1, 1, 1, 1, 1, 1, 1, 0, 0, 0, 0, 0, 0, 0, 0, 0, 0, 0, 0, 0, 0, 0, 0, 0, 0, 0, 0, 0, 0, 0, 0, 0, 0, 0, 0, 0]}