{"RTG": [27, 26, 25, 24, 23, 22, 21, 20, 19, 18, 17, 16, 15, 14, 13, 12, 11, 10, 9, 8, 7, 6, 5, 4, 3, 2, 1, 0, 0, 0, 0, 0, 0, 0, 0, 0, 0, 0, 0, 0, 0, 0, 0, 0, 0, 0, 0, 0, 0, 0, 0, 0], "S": [0, 0.6517420719044649, 1.1283506934188439, 1.1065611909486615, -0.5681424030680832, 0.2045054376024882, 0.040343652882350874, 1.1694360114222457, 1.184145623379665, 1.176806974670785, 1.219837753571638, 1.294516094678491, 1.0542425639738024, -2.201677621553729, -0.2575596417689937, -0.8455440470023323, 0.8313089284247416, 0.5946153418392212, 0.791505350158265, 0.623634391545786, -0.21130216392220635, 1.2599296432649467, 1.1326765301622912, 1.2033515197286617, 0.35893135363273554, 0.43020799552765826, -0.7413584525528033, 2.3438345106132012, 2.6246497070519292, 2.6462676611234475, 1.66510693211448, -0.08326043425258514, 2.084491255479688, -0.6250762041214045, 1.275078842405209, 0.493019990916102, -1.0269167683512421, 0.7810947647226019, -0.5519999276125631, 0.6858565367473983, 0.27244383499665203, -1.1990031471571372, 0.5754088667607283, -0.5628831503192052, 0.591106254339909, -0.3672731553529204, 0.4534819021847498, -1.5023795661589565, -0.5157422423457501, -0.611716481250362, 0.7765038309941795, 0.4903847194743459], "A": [2.27, 2.215, 2.18, 0.0, 0.855, 1.045, 0.665, 0.625, 0.53, 0.46, 0.385, 0.32, 1.305, 3.12, 3.94, 4.775, 4.875, 4.65, 4.515, 4.36, 2.725, 2.68, 2.795, 2.9050000000000002, 2.54, 3.515, 1.745, 1.715, 1.685, 4.16, 4.09, 4.23, 3.735, 3.305, 1.54, 1.96, 5.0, 0.155, 3.3850000000000002, 1.155, 2.4250000000000003, 3.22, 3.63, 3.0100000000000002, 1.435, 0.77, 3.84, 2.065, 0.9550000000000001, 4.58, 1.85, 0], "R": [1, 1, 1, 1, 1, 1, 1, 1, 1, 1, 1, 1, 1, 1, 1, 1, 1, 1, 1, 1, 1, 1, 1, 1, 1, 1, 1, 0, 0, 0, 0, 0, 0, 0, 0, 0, 0, 0, 0, 0, 0, 0, 0, 0, 0, 0, 0, 0, 0, 0, 0, 0]}