{"RTG": [9, 8, 7, 6, 5, 4, 3, 2, 1, 0, 0, 0, 0, 0, 0, 0, 0, 0, 0, 0, 0, 0, 0, 0, 0, 0, 0, 0, 0, 0, 0, 0, 0, 0, 0, 0, 0, 0, 0, 0, 0, 0, 0, 0, 0, 0, 0, 0, 0, 0, 0, 0], "S": [0, 1.2722439051238437, 1.290558467107689, 0.3223835114148992, -1.320838392830492, 0.0074048302044516555, -1.2050087939706549, 1.640461454575373, 2.2096243099566566, 2.4602044790854074, 2.6246497070519292, 2.583789023717434, 1.1718425673152988, 0.38641500747199387, -0.28174751465887515, 1.8888071569415663, 0.13840231823318014, 1.8594942356609157, 0.7810947647226019, 0.7665022349198103, 0.7468985423979649, 0.384592971877546, -1.1394990942280583, 1.2607647850267172, 1.127721295153221, 0.35130374988897833, 1.1971315791461121, -0.5681424030680832, -0.4740018065749868, -0.7078722906587652, 0.6951830673805045, -0.7253309927571581, 1.0245921516336474, 1.1501940146532572, -0.5526260678947568, 0.9147600389067359, -0.28949292123513, 0.43558581507364647, 0.42396904460622875, 0.7439499693117351, 0.5488342955281749, -1.1185111654206692, 0.33376010508273046, 0.7690116833676693, -1.2809619500582092, 0.08706900542463383, -0.44124323692021794, 1.2005038616307513, 0.37144358779605585, -0.2548394412801817, 0.14065031128985822, 1.2766244561205646], "A": [0.4, 0.36, 0.27, 1.245, 2.095, 2.42, 1.79, 1.7550000000000001, 1.735, 1.715, 1.675, 3.275, 3.4050000000000002, 3.14, 4.245, 4.33, 4.17, 5.0, 4.84, 4.67, 0.81, 3.79, 2.785, 2.67, 2.92, 0.635, 0.0, 0.99, 4.005, 4.545, 3.585, 2.235, 0.545, 1.425, 2.57, 0.12, 1.11, 4.92, 0.725, 3.025, 1.985, 4.46, 4.75, 3.895, 2.305, 3.68, 3.335, 1.52, 0.9, 4.1, 2.73, 0], "R": [1, 1, 1, 1, 1, 1, 1, 1, 1, 0, 0, 0, 0, 0, 0, 0, 0, 0, 0, 0, 0, 0, 0, 0, 0, 0, 0, 0, 0, 0, 0, 0, 0, 0, 0, 0, 0, 0, 0, 0, 0, 0, 0, 0, 0, 0, 0, 0, 0, 0, 0, 0]}