{"RTG": [23, 22, 21, 20, 19, 18, 17, 16, 15, 14, 13, 12, 11, 10, 9, 8, 7, 6, 5, 4, 3, 2, 1, 0, 0, 0, 0, 0, 0, 0, 0, 0, 0, 0, 0, 0, 0, 0, 0, 0, 0, 0, 0, 0, 0, 0, 0, 0, 0, 0, 0, 0], "S": [0, -0.657719301396538, -0.5681424030680832, 0.1642534074841468, -0.6092041357060602, 0.3680109104289028, 0.4949049722078865, 1.1832205329391008, 1.1914882796809394, -2.2383187886964397, 1.0814212867534516, 1.0245921516336474, -0.4345148689017537, 0.0596368921205919, 0.7871845460010397, 0.7170916018157362, 0.7450548739706984, 0.48221651102654217, 0.4777299050634701, 0.5273213368525247, 1.2918036410372127, 1.1602292902251623, -0.6958626735149382, -0.28174751465887515, 2.6730387989219673, 2.593288167724146, 2.1109965038009197, 0.6560959005237793, -0.7197448335686071, -0.5915936314210155, 1.7668558624147594, 1.2473233634412009, 1.2752776432954898, 0.14065031128985822, 2.1300292046727938, 0.1134268335735682, -0.5519999276125631, 0.42103107830772674, 0.5942894159677002, 0.7554559803553068, 0.23008588075507877, -1.512229542652904, -0.8169671187903633, -0.6016781995881259, 1.2198638448838093, 1.1037847808441072, 0.8205579041063652, -0.4757085314032074, 0.7801908353249076, -1.0269167683512421, 0.7810947647226019, -0.11355670144341846], "A": [3.495, 0.0, 0.86, 0.96, 0.8200000000000001, 0.76, 0.66, 0.63, 1.32, 2.1750000000000003, 2.235, 2.07, 4.335, 4.585, 4.6850000000000005, 4.845, 4.96, 4.48, 2.87, 2.735, 2.695, 3.97, 3.14, 1.695, 1.72, 1.6400000000000001, 0.29, 2.48, 3.73, 4.165, 0.41500000000000004, 3.31, 4.1, 4.225, 1.87, 0.155, 1.1300000000000001, 3.0, 3.38, 1.49, 3.845, 2.36, 3.62, 0.495, 2.59, 4.7700000000000005, 1.205, 3.235, 1.96, 5.0, 0.075, 0], "R": [1, 1, 1, 1, 1, 1, 1, 1, 1, 1, 1, 1, 1, 1, 1, 1, 1, 1, 1, 1, 1, 1, 1, 0, 0, 0, 0, 0, 0, 0, 0, 0, 0, 0, 0, 0, 0, 0, 0, 0, 0, 0, 0, 0, 0, 0, 0, 0, 0, 0, 0, 0]}