{"RTG": [49, 48, 47, 46, 45, 44, 43, 42, 41, 40, 39, 38, 37, 36, 35, 34, 33, 32, 31, 30, 29, 28, 27, 26, 25, 24, 23, 22, 21, 20, 19, 18, 17, 16, 15, 14, 13, 12, 11, 10, 9, 8, 7, 6, 5, 4, 3, 2, 1, 0, 0, 0], "S": [0, 0.8854292108061834, 0.4256092218561636, 1.4202812468229182, 1.723220249425911, 1.9226645203488157, 2.1109965038009197, 2.2807160561275923, 2.6194882783227276, -0.9593748906213598, -0.5681424030680832, 1.1302751163004074, 0.39342310011908804, 1.129227959703775, -0.2751600190638433, 0.4304544603542519, 0.4633443805678566, -0.6944213635994284, 0.19826562714405405, 0.7360187314858049, 0.7665022349198103, 0.7810947647226019, 2.1990799042829505, 1.1870405829024617, 1.4124672145230344, 0.7008456084275234, 1.124212497936378, 1.240122479297734, 0.49295855336629363, -0.4088659150438583, 0.9421555065576516, 0.16895881349534878, -1.5023795661589565, 0.7486707964918938, 0.06986426174581307, 0.7417519397012445, -0.5193532046837243, -0.8169671187903633, 0.0866432673157289, -2.019375394177136, 1.2752776432954898, 1.201293032425701, -0.6841722909757619, 0.4179323833926717, -0.47432048764582246, 1.2918036410372127, 0.7824357235715943, 1.2790399283068352, 0.35607588040206334, -0.6664423878806288, 2.6732740673741575, -0.657719301396538], "A": [1.575, 1.53, 1.605, 1.62, 1.6300000000000001, 1.6400000000000001, 1.6500000000000001, 1.68, 1.95, 0.0, 2.805, 2.94, 2.665, 2.505, 3.21, 3.4, 3.595, 4.445, 4.675, 4.84, 5.0, 4.205, 4.14, 4.2700000000000005, 0.73, 0.5650000000000001, 0.42, 0.28, 0.915, 2.245, 1.165, 3.84, 2.14, 3.08, 4.565, 0.15, 2.36, 1.05, 1.285, 3.31, 0.645, 3.98, 4.925, 3.705, 2.735, 4.755, 0.355, 0.8250000000000001, 2.055, 1.7, 3.495, 0], "R": [1, 1, 1, 1, 1, 1, 1, 1, 1, 1, 1, 1, 1, 1, 1, 1, 1, 1, 1, 1, 1, 1, 1, 1, 1, 1, 1, 1, 1, 1, 1, 1, 1, 1, 1, 1, 1, 1, 1, 1, 1, 1, 1, 1, 1, 1, 1, 1, 1, 0, 0, 0]}