{"RTG": [30, 29, 28, 27, 26, 25, 24, 23, 22, 21, 20, 19, 18, 17, 16, 15, 14, 13, 12, 11, 10, 9, 8, 7, 6, 5, 4, 3, 2, 1, 0, 0, 0, 0, 0, 0, 0, 0, 0, 0, 0, 0, 0, 0, 0, 0, 0, 0, 0, 0, 0, 0], "S": [0, 0.348248328649486, -0.2543664896025655, 0.438911988125878, -0.5681424030680832, -1.1224606128920358, 0.6543334699031734, 0.35215098025751895, 1.0887396232185838, 1.2607647850267172, 1.3153844260682281, 0.06986426174581307, 0.43020799552765826, -0.7495170589353438, -0.9311057892287455, 0.8531075124258279, 0.5209078855902575, 0.7468985423979649, 0.623634391545786, -0.25787601304066904, 1.2198638448838093, 1.2218576619033426, 1.1460939208731853, 1.1269664878719414, -0.3169393062321038, 1.2992127756900016, 0.7881508443671758, -0.657719301396538, 0.6284470719106436, -0.4572802851966546, 2.486335711065681, 2.6640935024130794, 2.510577190859736, 1.66510693211448, -0.18412100953310084, 2.084491255479688, -0.5109588790481822, 1.2254038456039946, 1.0814212867534516, 0.7810947647226019, 0.9438680768787604, 0.32211413453554105, -2.019375394177136, 0.9421555065576516, 0.21347584363378308, 0.3941168188128473, -1.4056490068099121, -0.6404363206845495, -0.1444384360798626, 0.7970323007868108, 1.1867253408604772, 0.0074048302044516555], "A": [1.085, 1.0150000000000001, 1.12, 0.0, 1.99, 2.855, 2.91, 2.81, 2.785, 2.745, 3.08, 2.54, 2.355, 3.93, 4.79, 4.89, 4.67, 4.515, 4.37, 0.495, 0.44, 0.33, 0.59, 0.23, 0.38, 0.72, 3.495, 1.555, 1.43, 1.665, 1.69, 1.73, 4.16, 4.085, 4.23, 3.715, 3.285, 2.1750000000000003, 5.0, 3.365, 0.835, 1.285, 2.245, 3.1950000000000003, 1.855, 3.8200000000000003, 3.61, 0.095, 4.59, 2.615, 2.095, 0], "R": [1, 1, 1, 1, 1, 1, 1, 1, 1, 1, 1, 1, 1, 1, 1, 1, 1, 1, 1, 1, 1, 1, 1, 1, 1, 1, 1, 1, 1, 1, 0, 0, 0, 0, 0, 0, 0, 0, 0, 0, 0, 0, 0, 0, 0, 0, 0, 0, 0, 0, 0, 0]}