{"RTG": [20, 19, 18, 17, 16, 15, 14, 13, 12, 11, 10, 9, 8, 7, 6, 5, 4, 3, 2, 1, 0, 0, 0, 0, 0, 0, 0, 0, 0, 0, 0, 0, 0, 0, 0, 0, 0, 0, 0, 0, 0, 0, 0, 0, 0, 0, 0, 0, 0, 0, 0, 0], "S": [0, 0.6977617291854273, 0.8542846964258753, 0.7558657355637947, 0.6369849008242138, 0.05135519972342358, 0.8058072136235602, -0.5681424030680832, 0.2404961358400748, -0.2543664896025655, 1.0022667714886981, 1.1988872073150763, 1.1398863076022887, 1.294516094678491, 1.2417797507923742, 1.2200896781036197, -0.3799924249980656, 0.6852842044098775, -1.0269167683512421, 2.2096243099566566, 2.510577190859736, 2.665056914615652, 0.4256092218561636, 1.0444516324076214, 0.4508392748499579, 1.129227959703775, -0.17560713225483768, 0.14424649044003368, -0.06490318263147667, -1.0793329670954217, -1.8790008443431394, 0.8399611402853264, -0.5091648528801574, 2.0751036904311593, 0.6520050202483836, 1.8888071569415663, 0.8710105674086935, 0.7810947647226019, 1.2752776432954898, -0.9899543682703261, -0.984767779832423, 0.23093654685116718, 0.42103107830772674, 1.3049009603131116, -0.6527118419102764, -0.7848058643362025, -0.1444384360798626, 2.2807160561275923, -0.35007698439985496, -0.5281913749203656, -0.7078722906587652, 1.1037847808441072], "A": [4.855, 4.805, 4.745, 4.5200000000000005, 4.43, 4.595, 0.0, 0.85, 1.0150000000000001, 0.6950000000000001, 0.65, 0.6, 0.385, 0.34500000000000003, 0.445, 0.225, 1.84, 1.96, 1.7550000000000001, 1.73, 1.705, 1.53, 2.815, 2.955, 2.665, 2.5100000000000002, 3.19, 3.435, 3.915, 1.2750000000000001, 2.255, 3.645, 4.1850000000000005, 4.12, 4.245, 2.15, 5.0, 3.31, 2.375, 3.775, 3.065, 1.1300000000000001, 2.74, 1.42, 3.545, 0.095, 1.6500000000000001, 2.075, 0.93, 4.005, 2.59, 0], "R": [1, 1, 1, 1, 1, 1, 1, 1, 1, 1, 1, 1, 1, 1, 1, 1, 1, 1, 1, 1, 0, 0, 0, 0, 0, 0, 0, 0, 0, 0, 0, 0, 0, 0, 0, 0, 0, 0, 0, 0, 0, 0, 0, 0, 0, 0, 0, 0, 0, 0, 0, 0]}