{"RTG": [29, 28, 27, 26, 25, 24, 23, 22, 21, 20, 19, 18, 17, 16, 15, 14, 13, 12, 11, 10, 9, 8, 7, 6, 5, 4, 3, 2, 1, 0, 0, 0, 0, 0, 0, 0, 0, 0, 0, 0, 0, 0, 0, 0, 0, 0, 0, 0, 0, 0, 0, 0], "S": [0, 0.13123823407706264, -0.6077964200381839, 0.41313196293813004, 0.35049370059763607, -0.5681424030680832, -0.9092916740966068, 0.35215098025751895, 0.5891517867554916, 0.28265279438418606, -0.9785792591984844, 0.8531075124258279, 0.7861115957725884, 0.6989865678173576, 0.7810947647226019, 0.4307974516011793, 0.7765038309941795, 0.5544970678689413, 0.8479373402835767, 1.8888071569415663, 2.1300292046727938, 2.186387029405289, 1.221849818761846, 1.2992127756900016, -0.017882150725342393, 1.1929647133334638, 0.5210538878624557, -0.7197448335686071, -0.6286623709632781, 1.3220304032576353, 2.665056914615652, 2.4602044790854074, 1.1602292902251623, -0.4611514236144929, 0.7817142987958644, 1.2254038456039946, -1.3062435570172963, 2.6194882783227276, 1.1867253408604772, 0.3573440360234566, 1.050618440940789, 0.8219396147231978, -0.32750870905583246, -0.14944533764382856, 1.1199013749972255, -1.3287532923747882, 1.2341595925880817, -0.6963956180988685, -0.8169671187903633, -0.6772614302070163, -1.9528264959818675, 0.23008588075507877], "A": [1.055, 0.9500000000000001, 1.1, 1.145, 0.0, 2.035, 2.91, 2.995, 3.06, 3.9250000000000003, 4.79, 4.835, 4.71, 5.0, 4.945, 4.58, 4.495, 4.295, 4.245, 4.225, 4.2, 0.49, 0.38, 0.25, 0.655, 0.755, 2.48, 3.49, 1.6, 1.705, 1.735, 2.695, 3.7, 2.2600000000000002, 3.285, 1.3900000000000001, 1.68, 2.615, 3.205, 2.17, 3.375, 0.125, 1.885, 0.5750000000000001, 3.81, 2.79, 4.04, 2.36, 3.6, 1.28, 1.49, 0], "R": [1, 1, 1, 1, 1, 1, 1, 1, 1, 1, 1, 1, 1, 1, 1, 1, 1, 1, 1, 1, 1, 1, 1, 1, 1, 1, 1, 1, 1, 0, 0, 0, 0, 0, 0, 0, 0, 0, 0, 0, 0, 0, 0, 0, 0, 0, 0, 0, 0, 0, 0, 0]}