{"RTG": [14, 13, 12, 11, 10, 9, 8, 7, 6, 5, 4, 3, 2, 1, 0, 0, 0, 0, 0, 0, 0, 0, 0, 0, 0, 0, 0, 0, 0, 0, 0, 0, 0, 0, 0, 0, 0, 0, 0, 0, 0, 0, 0, 0, 0, 0, 0, 0, 0, 0, 0, 0], "S": [0, 0.5340475232331015, 0.3496659885000683, 0.46043837533281906, -0.5681424030680832, 0.1642534074841468, -0.15546005114250563, 0.8771817164369324, 1.1832205329391008, 1.1756294449900588, 0.1134268335735682, -0.08361090576424757, 2.356485375892664, 1.8238428669741287, 2.583789023717434, 2.6732740673741575, -1.4389975327009001, 0.7216939239772742, 0.4989637315144307, 0.7181670574127406, -0.2695911284410121, -0.7940973879101138, 0.00646266035523254, 1.10297997475711, -0.5689652042600516, 1.2287157098589727, -2.078054622311628, 1.4381036978079742, -0.5574404173745552, 2.084491255479688, -0.6016781995881259, 0.9578542139492628, 1.1602292902251623, 0.718905993062926, 0.7810947647226019, 1.1815012598688805, 0.8095437992284806, 1.2256976844807996, -0.661659592454025, 0.38008632231324074, 1.1260754615276558, -0.28307668106601713, 1.2341595925880817, -0.1444384360798626, -1.0957773882808306, 1.0765033972163964, -0.8797078913319923, -0.22095008144629988, 1.2072785431808835, 0.8418830957241761, -0.7740292084447152, -0.5805195318260895], "A": [2.975, 2.915, 3.04, 0.0, 0.86, 1.025, 0.71, 0.66, 0.62, 1.87, 2.09, 1.655, 1.625, 1.675, 1.7, 3.875, 4.73, 4.8950000000000005, 4.555, 4.38, 2.475, 3.43, 0.325, 0.20500000000000002, 0.43, 1.29, 4.15, 4.0600000000000005, 4.23, 3.62, 3.25, 2.695, 2.265, 5.0, 2.61, 4.64, 3.33, 3.74, 1.1400000000000001, 2.185, 1.44, 2.79, 0.095, 1.975, 4.285, 2.365, 3.1550000000000002, 0.51, 4.815, 3.5300000000000002, 0.9400000000000001, 0], "R": [1, 1, 1, 1, 1, 1, 1, 1, 1, 1, 1, 1, 1, 1, 0, 0, 0, 0, 0, 0, 0, 0, 0, 0, 0, 0, 0, 0, 0, 0, 0, 0, 0, 0, 0, 0, 0, 0, 0, 0, 0, 0, 0, 0, 0, 0, 0, 0, 0, 0, 0, 0]}