{"RTG": [5, 4, 3, 2, 1, 0, 0, 0, 0, 0, 0, 0, 0, 0, 0, 0, 0, 0, 0, 0, 0, 0, 0, 0, 0, 0, 0, 0, 0, 0, 0, 0, 0, 0, 0, 0, 0, 0, 0, 0, 0, 0, 0, 0, 0, 0, 0, 0, 0, 0, 0, 0], "S": [0, -0.30881443111225443, -0.5681424030680832, 2.2096243099566566, 1.7290264375923594, 2.4602044790854074, 2.6246497070519292, 2.583789023717434, 1.1326765301622912, 1.0444516324076214, 0.1308494504699903, 0.5674801530142803, 0.015058671514919365, -0.6929902457178543, 0.7665022349198103, 0.7810947647226019, 0.7582537177375791, 0.5544970678689413, 0.624834862100612, 1.219837753571638, 1.1228239058413378, 0.940457295044262, -0.7811408998812415, -1.1083866239228302, 1.1101488684181469, 0.0983818009091677, -0.5225634108889254, 0.7881508443671758, -0.984767779832423, -0.6433226681011133, 1.0487836559167683, 1.9421985709844345, -0.7568219640141731, 0.1738487017905306, 0.5188737380858635, -0.06490318263147667, 2.1300292046727938, 0.7690116833676693, 0.37011310999987346, 1.294516094678491, 1.1718425673152988, -1.1185111654206692, -1.4061401913825524, 0.3905628121415768, -0.4570567081919362, 0.7652276639764811, 0.41543750807331425, 1.1712103381729184, 0.17769761202432371, 0.38008632231324074, 0.3476295436147299, -0.11299887448909537], "A": [0.905, 0.0, 1.7550000000000001, 1.7850000000000001, 1.735, 1.715, 1.675, 2.68, 2.815, 2.525, 2.985, 3.18, 3.995, 4.84, 5.0, 4.665, 4.495, 4.305, 0.46, 0.585, 0.31, 3.555, 1.235, 2.22, 2.1, 2.34, 0.72, 3.775, 0.18, 3.355, 4.175, 1.415, 1.06, 4.115, 3.435, 4.225, 4.75, 2.9, 0.385, 3.275, 1.985, 3.88, 0.805, 3.665, 4.575, 4.93, 2.605, 3.0700000000000003, 1.1400000000000001, 1.5150000000000001, 0.08, 0], "R": [1, 1, 1, 1, 1, 0, 0, 0, 0, 0, 0, 0, 0, 0, 0, 0, 0, 0, 0, 0, 0, 0, 0, 0, 0, 0, 0, 0, 0, 0, 0, 0, 0, 0, 0, 0, 0, 0, 0, 0, 0, 0, 0, 0, 0, 0, 0, 0, 0, 0, 0, 0]}