{"RTG": [14, 13, 12, 11, 10, 9, 8, 7, 6, 5, 4, 3, 2, 1, 0, 0, 0, 0, 0, 0, 0, 0, 0, 0, 0, 0, 0, 0, 0, 0, 0, 0, 0, 0, 0, 0, 0, 0, 0, 0, 0, 0, 0, 0, 0, 0, 0, 0, 0, 0, 0, 0], "S": [0, 0.4989637315144307, 0.7861115957725884, 0.8478622810701648, 0.7697164372501104, 0.7417519397012445, 0.2454218611888777, -0.5681424030680832, 0.2404961358400748, -0.2543664896025655, 0.9625550854276712, 1.1929647133334638, 1.1571444090289609, 0.2053593529541412, -0.6664423878806288, 2.6730387989219673, 2.539316846348272, 2.510577190859736, 0.37011310999987346, -0.1275144827788334, 1.1740795034056069, 0.8492731788192288, -0.9899543682703261, -0.984767779832423, 1.314995406442874, -0.7213855572269114, 1.8888071569415663, 0.30905408296601417, -2.2113535522026915, 1.10297997475711, -0.5689652042600516, 1.2287157098589727, -0.7695552481135107, 1.1380356008066348, 1.1413307041700922, 1.2033515197286617, 0.3146398464699526, 0.22426911458075124, 0.3476295436147299, 0.7810947647226019, -1.2809619500582092, 0.21347584363378308, 0.5804748080628606, -0.4570567081919362, 0.5891517867554916, -0.1444384360798626, -0.5550393478506724, -0.8928179219706346, -1.0269167683512421, 1.2126012150820673, 2.186387029405289, -0.5281913749203656], "A": [4.8950000000000005, 4.835, 4.785, 4.66, 4.565, 4.45, 0.0, 0.85, 1.0150000000000001, 0.7000000000000001, 0.655, 0.61, 1.865, 2.055, 1.695, 1.67, 1.73, 2.9, 3.1, 2.7, 2.565, 2.375, 3.775, 4.1450000000000005, 4.03, 4.245, 3.41, 1.33, 0.325, 0.20500000000000002, 0.43, 3.565, 3.27, 2.21, 2.795, 1.1500000000000001, 4.325, 1.5150000000000001, 5.0, 3.895, 3.1950000000000003, 2.275, 3.665, 2.995, 0.095, 2.49, 1.225, 1.96, 0.505, 4.2, 0.93, 0], "R": [1, 1, 1, 1, 1, 1, 1, 1, 1, 1, 1, 1, 1, 1, 0, 0, 0, 0, 0, 0, 0, 0, 0, 0, 0, 0, 0, 0, 0, 0, 0, 0, 0, 0, 0, 0, 0, 0, 0, 0, 0, 0, 0, 0, 0, 0, 0, 0, 0, 0, 0, 0]}