{"RTG": [25, 24, 23, 22, 21, 20, 19, 18, 17, 16, 15, 14, 13, 12, 11, 10, 9, 8, 7, 6, 5, 4, 3, 2, 1, 0, 0, 0, 0, 0, 0, 0, 0, 0, 0, 0, 0, 0, 0, 0, 0, 0, 0, 0, 0, 0, 0, 0, 0, 0, 0, 0], "S": [0, -0.6833665323328018, -0.5681424030680832, 0.1642534074841468, -0.6092041357060602, 0.3680109104289028, 0.4949049722078865, 1.1832205329391008, 1.1914882796809394, -2.2383187886964397, 1.0814212867534516, 1.0245921516336474, -0.4345148689017537, -0.011464620116161107, 0.7810947647226019, 0.47891439095336297, 0.8095437992284806, 0.6951830673805045, 0.7558657355637947, 0.5273213368525247, 0.5950547331054502, -0.24866560631437654, 1.1602292902251623, 1.154923932830813, 0.43020799552765826, -0.8086308259890348, 2.6730387989219673, 2.593288167724146, 2.1109965038009197, 0.6560959005237793, -0.5344493610789871, 1.66510693211448, 1.2473233634412009, -0.08326043425258514, 2.1300292046727938, 1.2457424006890583, 0.1134268335735682, -0.5519999276125631, 0.42103107830772674, -1.1142781305849165, 0.23008588075507877, 1.0093963694162764, -1.4647684387382283, -0.6211852992102556, 1.2198638448838093, 0.290731299743892, 1.2341595925880817, -0.4757085314032074, -1.054315683292044, 0.38641500747199387, 0.8316743936656834, -0.11355670144341846], "A": [3.5, 0.0, 0.86, 0.96, 0.8200000000000001, 0.76, 0.66, 0.63, 1.32, 2.1750000000000003, 2.235, 2.07, 4.34, 5.0, 4.9, 4.64, 4.545, 4.745, 2.87, 3.005, 3.15, 2.695, 2.645, 2.54, 3.9450000000000003, 1.695, 1.72, 1.6400000000000001, 0.29, 3.72, 4.16, 0.41500000000000004, 4.09, 4.225, 3.325, 1.87, 0.155, 1.1300000000000001, 2.39, 1.49, 3.255, 3.83, 3.615, 0.495, 4.455, 2.79, 1.205, 1.965, 3.4050000000000002, 4.82, 0.075, 0], "R": [1, 1, 1, 1, 1, 1, 1, 1, 1, 1, 1, 1, 1, 1, 1, 1, 1, 1, 1, 1, 1, 1, 1, 1, 1, 0, 0, 0, 0, 0, 0, 0, 0, 0, 0, 0, 0, 0, 0, 0, 0, 0, 0, 0, 0, 0, 0, 0, 0, 0, 0, 0]}