{"RTG": [4, 3, 2, 1, 0, 0, 0, 0, 0, 0, 0, 0, 0, 0, 0, 0, 0, 0, 0, 0, 0, 0, 0, 0, 0, 0, 0, 0, 0, 0, 0, 0, 0, 0, 0, 0, 0, 0, 0, 0, 0, 0, 0, 0, 0, 0, 0, 0, 0, 0, 0, 0], "S": [0, 1.2696251559757619, 1.9816540052700344, 2.2787485889783183, 2.510577190859736, 2.648718288939445, -0.5681424030680832, 1.189694727779941, 0.849990625769365, 0.6982589645466594, 0.5488342955281749, 0.5033711967483209, 0.30905408296601417, -0.7495170589353438, -0.5628831503192052, 0.4462543804591722, 0.7582537177375791, 0.8036415820234936, 0.7810947647226019, 1.4124672145230344, 1.555179369689812, -0.7251050469638722, 0.3680109104289028, 1.1756294449900588, 1.2228604805951775, 1.183550878322407, -0.5689652042600516, -0.007359300230342257, -2.1283174002063725, 0.6068916248446233, -1.3287532923747882, 0.8327877808682069, 0.20124723393830407, -0.25787601304066904, 0.7652276639764811, 1.0867645302829678, 1.2752776432954898, 0.3659378656084991, -0.5573659080551784, 0.42396904460622875, 0.3146398464699526, 1.2636906207954577, -1.0323222330279518, 2.199560797986056, 1.1795391579642154, -0.7657231146818407, -0.2338234595287891, -0.1444384360798626, -1.0793329670954217, 0.7690116833676693, 0.8854292108061834, -1.0316810346736789], "A": [1.81, 1.77, 1.75, 1.73, 1.71, 0.0, 2.705, 2.835, 2.555, 3.025, 3.215, 3.41, 2.355, 3.63, 4.4750000000000005, 4.665, 4.83, 5.0, 4.2700000000000005, 4.155, 4.0200000000000005, 0.8200000000000001, 0.62, 0.485, 0.335, 0.20500000000000002, 1.04, 1.295, 2.13, 3.81, 0.715, 1.485, 4.37, 4.575, 2.225, 3.31, 2.93, 0.935, 4.92, 1.1500000000000001, 0.405, 2.02, 4.21, 2.63, 3.525, 3.115, 0.095, 3.915, 4.75, 1.575, 2.455, 0], "R": [1, 1, 1, 1, 0, 0, 0, 0, 0, 0, 0, 0, 0, 0, 0, 0, 0, 0, 0, 0, 0, 0, 0, 0, 0, 0, 0, 0, 0, 0, 0, 0, 0, 0, 0, 0, 0, 0, 0, 0, 0, 0, 0, 0, 0, 0, 0, 0, 0, 0, 0, 0]}