{"RTG": [18, 17, 16, 15, 14, 13, 12, 11, 10, 9, 8, 7, 6, 5, 4, 3, 2, 1, 0, 0, 0, 0, 0, 0, 0, 0, 0, 0, 0, 0, 0, 0, 0, 0, 0, 0, 0, 0, 0, 0, 0, 0, 0, 0, 0, 0, 0, 0, 0, 0, 0, 0], "S": [0, 0.3659378656084991, 0.609313522152387, 1.1686108490458247, 1.313771510494162, -0.034142590711439366, -0.5681424030680832, 0.2992456858903939, -0.2543664896025655, 1.1293561077306389, 1.14814577970639, 1.221849818761846, 1.2473233634412009, 1.10297997475711, -0.4371655090445092, 0.587534579924061, -1.1095620561736692, 2.3438345106132012, 2.593288167724146, 2.6640935024130794, 0.04365670661903363, -0.8865485997154794, 0.8478622810701648, 0.421746209599056, 0.8250163897131615, 0.290731299743892, -0.7057535105063594, -1.0370239909719803, 1.9631888737933478, 1.7668558624147594, -1.320838392830492, 1.2599255689740672, -0.5344493610789871, 0.9730814183255039, 0.22426911458075124, 1.1260754615276558, 0.8219396147231978, 0.8399611402853264, 0.9635249207235376, 0.3573440360234566, 0.6951830673805045, 0.7810947647226019, 0.438911988125878, -0.6048098286998949, -1.4056490068099121, 1.1464646165049321, -0.6211852992102556, -0.1444384360798626, 0.4949049722078865, 0.7016149151198066, -1.808714120923141, 0.0074048302044516555], "A": [2.93, 2.86, 2.8000000000000003, 2.77, 3.09, 0.0, 0.84, 1.0150000000000001, 0.675, 0.605, 0.49, 0.41500000000000004, 0.325, 0.22, 1.845, 1.98, 1.745, 1.72, 1.69, 1.465, 3.935, 4.785, 4.94, 4.625, 4.455, 3.505, 2.38, 4.24, 4.165, 1.245, 3.295, 3.72, 2.575, 4.325, 2.185, 3.375, 2.255, 1.58, 3.205, 4.545, 5.0, 1.12, 4.055, 3.8200000000000003, 2.65, 3.615, 0.095, 0.76, 4.715, 1.365, 2.095, 0], "R": [1, 1, 1, 1, 1, 1, 1, 1, 1, 1, 1, 1, 1, 1, 1, 1, 1, 1, 0, 0, 0, 0, 0, 0, 0, 0, 0, 0, 0, 0, 0, 0, 0, 0, 0, 0, 0, 0, 0, 0, 0, 0, 0, 0, 0, 0, 0, 0, 0, 0, 0, 0]}