{"RTG": [26, 25, 24, 23, 22, 21, 20, 19, 18, 17, 16, 15, 14, 13, 12, 11, 10, 9, 8, 7, 6, 5, 4, 3, 2, 1, 0, 0, 0, 0, 0, 0, 0, 0, 0, 0, 0, 0, 0, 0, 0, 0, 0, 0, 0, 0, 0, 0, 0, 0, 0, 0], "S": [0, 0.7665022349198103, 0.8531075124258279, 0.7016149151198066, 0.7810947647226019, 0.44388205005933845, 0.7652276639764811, 0.5317048528935276, 1.3027192822091056, 2.0286591678260097, 2.1880040451103517, -0.5681424030680832, 0.27208023610146237, 0.0866432673157289, 1.1971315791461121, 1.1935643644957392, 1.3014072903111207, 0.06518168505993671, -2.2362571854591744, 1.0814212867534516, 0.26116185121244917, -0.7349959441494497, -0.26899053000129997, -0.49352352380335235, 1.2766244561205646, 0.7997946265823738, 1.1712103381729184, 2.6462676611234475, 2.648718288939445, 1.4202812468229182, -1.0282492849914124, 0.6136213460770834, -0.7197448335686071, 0.5519536381881391, 0.783357385465521, -0.7057535105063594, 1.2254038456039946, 0.7008456084275234, -0.3605851279422107, -1.0364517181494661, -0.32750870905583246, 0.22387517807153576, 0.09060725392395028, 1.2218576619033426, -0.5973820916024358, -0.8275862870460531, 1.129227959703775, 0.3321029361393006, 1.05823352995558, -0.1681685232451838, 1.2005038616307513, -1.0846614795250824], "A": [4.84, 4.79, 4.715, 5.0, 4.95, 4.575, 4.49, 4.275, 4.235, 4.215, 0.0, 0.845, 1.05, 0.635, 0.52, 0.37, 0.255, 1.315, 2.1750000000000003, 2.295, 2.05, 3.145, 3.65, 2.73, 2.84, 2.605, 1.685, 1.71, 1.605, 3.92, 3.39, 2.48, 2.98, 1.835, 3.505, 3.285, 0.73, 4.075, 3.7800000000000002, 0.125, 1.16, 1.47, 0.44, 0.9450000000000001, 1.935, 2.665, 3.055, 2.23, 4.405, 3.335, 1.4000000000000001, 0], "R": [1, 1, 1, 1, 1, 1, 1, 1, 1, 1, 1, 1, 1, 1, 1, 1, 1, 1, 1, 1, 1, 1, 1, 1, 1, 1, 0, 0, 0, 0, 0, 0, 0, 0, 0, 0, 0, 0, 0, 0, 0, 0, 0, 0, 0, 0, 0, 0, 0, 0, 0, 0]}