{"RTG": [14, 13, 12, 11, 10, 9, 8, 7, 6, 5, 4, 3, 2, 1, 0, 0, 0, 0, 0, 0, 0, 0, 0, 0, 0, 0, 0, 0, 0, 0, 0, 0, 0, 0, 0, 0, 0, 0, 0, 0, 0, 0, 0, 0, 0, 0, 0, 0, 0, 0, 0, 0], "S": [0, 0.4109152650008146, 0.591106254339909, 0.12372982621026657, -0.5681424030680832, 0.2992456858903939, -0.5856257424616661, 0.5840020559624679, 1.1832205329391008, 1.184145623379665, 0.8814861408638388, -0.5980416703876035, 1.899839506890742, 2.2096243099566566, 2.404467632602444, 2.665056914615652, -0.8169671187903633, -0.8865485997154794, 0.8478622810701648, 0.421746209599056, 0.8250163897131615, 0.290731299743892, -0.7413584525528033, -2.2239717903468845, 1.9631888737933478, 1.7668558624147594, 0.940457295044262, -0.6356053352110442, 1.233874684983979, 1.154923932830813, 1.3227683909951515, 0.8710105674086935, -0.5344493610789871, 1.2704887200104722, 0.22426911458075124, 0.1308494504699903, 0.7801908353249076, 0.280033209144718, 0.42103107830772674, 1.0245921516336474, 0.6951830673805045, 0.7810947647226019, 0.38641500747199387, -0.6048098286998949, -1.4056490068099121, 1.2126012150820673, 0.9496061264010378, 0.7016149151198066, -0.5821590646936314, -0.593214709912086, -0.3782782412797233, -0.11803058692131012], "A": [2.945, 3.0100000000000002, 3.075, 0.0, 0.84, 0.97, 0.745, 0.66, 0.625, 1.83, 1.915, 1.7750000000000001, 1.7550000000000001, 1.74, 1.705, 2.36, 3.935, 4.785, 4.94, 4.625, 4.455, 3.515, 1.31, 4.24, 4.165, 0.31, 0.19, 0.425, 2.645, 2.75, 2.15, 3.72, 3.315, 4.325, 2.525, 3.235, 1.5, 1.1300000000000001, 2.235, 4.545, 5.0, 3.4050000000000002, 4.055, 3.8200000000000003, 0.505, 2.825, 4.715, 3.625, 2.06, 1.2, 0.085, 0], "R": [1, 1, 1, 1, 1, 1, 1, 1, 1, 1, 1, 1, 1, 1, 0, 0, 0, 0, 0, 0, 0, 0, 0, 0, 0, 0, 0, 0, 0, 0, 0, 0, 0, 0, 0, 0, 0, 0, 0, 0, 0, 0, 0, 0, 0, 0, 0, 0, 0, 0, 0, 0]}