{"RTG": [27, 26, 25, 24, 23, 22, 21, 20, 19, 18, 17, 16, 15, 14, 13, 12, 11, 10, 9, 8, 7, 6, 5, 4, 3, 2, 1, 0, 0, 0, 0, 0, 0, 0, 0, 0, 0, 0, 0, 0, 0, 0, 0, 0, 0, 0, 0, 0, 0, 0, 0, 0], "S": [0, 0.7957554899833702, 0.6989865678173576, 0.7861115957725884, 0.421746209599056, 0.7065887481278916, 0.41171617023787066, -0.5681424030680832, 0.1642534074841468, 0.040343652882350874, 1.1293561077306389, 1.1971315791461121, 1.128847864961221, 1.2200896781036197, 1.2881202542280985, 1.0000009442743154, -2.2239717903468845, 1.1065611909486615, 0.9421555065576516, -0.26302149708902195, -0.16817882155834474, -1.0882046889653323, 1.1602292902251623, 1.3266242924078386, 1.0444516324076214, 1.555179369689812, 2.124266822246258, 2.199560797986056, 2.6732740673741575, 2.583789023717434, 2.2787485889783183, 0.2318331862051065, -0.6399272688825074, -0.7609918060846543, 1.1380356008066348, 0.37144358779605585, -0.5519999276125631, 0.49351587614176184, -0.4615336624388271, -0.8865485997154794, 0.27244383499665203, -0.8797078913319923, -0.07443101875082657, 1.2005038616307513, -0.4438624640970557, 1.1037847808441072, 0.7810947647226019, -0.6077964200381839, -0.4572802851966546, 0.4379251455547883, -0.7251050469638722, -0.11355670144341846], "A": [4.76, 4.71, 4.835, 4.94, 4.55, 4.47, 0.0, 0.86, 1.045, 0.675, 0.635, 0.56, 0.445, 0.39, 0.315, 1.31, 2.18, 2.245, 2.08, 3.105, 3.785, 2.695, 2.755, 2.815, 4.155, 4.19, 4.21, 1.7, 1.675, 1.75, 3.415, 2.485, 3.5700000000000003, 3.27, 1.52, 0.155, 2.965, 1.905, 3.935, 1.155, 2.365, 4.345, 3.335, 3.6750000000000003, 2.59, 5.0, 0.9500000000000001, 1.43, 0.775, 4.0200000000000005, 0.075, 0], "R": [1, 1, 1, 1, 1, 1, 1, 1, 1, 1, 1, 1, 1, 1, 1, 1, 1, 1, 1, 1, 1, 1, 1, 1, 1, 1, 1, 0, 0, 0, 0, 0, 0, 0, 0, 0, 0, 0, 0, 0, 0, 0, 0, 0, 0, 0, 0, 0, 0, 0, 0, 0]}