{"RTG": [30, 29, 28, 27, 26, 25, 24, 23, 22, 21, 20, 19, 18, 17, 16, 15, 14, 13, 12, 11, 10, 9, 8, 7, 6, 5, 4, 3, 2, 1, 0, 0, 0, 0, 0, 0, 0, 0, 0, 0, 0, 0, 0, 0, 0, 0, 0, 0, 0, 0, 0, 0], "S": [0, -0.009124780770441163, -0.5681424030680832, 0.5804748080628606, -0.3552532035130716, 0.8934834654088644, 1.0867645302829678, 1.1065611909486615, 0.5033711967483209, 1.1347072427156868, 0.6136213460770834, 1.2704887200104722, 1.8888071569415663, 1.3027192822091056, 2.1300292046727938, 2.186387029405289, 0.8164466281105316, 0.8405098459569589, 0.4307974516011793, 0.4949049722078865, -0.5573659080551784, 1.1327279928260916, 1.2207514698396822, 1.1460939208731853, -0.5320126392908179, 1.1302751163004074, 0.35130374988897833, 1.1392762323358923, 2.2787485889783183, 1.8155548068888594, 2.510577190859736, 2.648718288939445, -0.984767779832423, -0.6800648534759454, 0.6090386641418352, 0.9147600389067359, -0.7486598192425545, -0.6592004082044743, -1.1095620561736692, 0.3321029361393006, 0.28719849522687874, 1.1345633600572884, -2.094189764657218, 1.1293561077306389, 0.672534868209102, 1.2805352156985943, -0.1285737335390223, 0.7810947647226019, -0.46555971502504534, -0.6048098286998949, -0.7548756490013011, 0.10058988888118321], "A": [1.46, 0.0, 2.275, 2.33, 2.25, 2.225, 2.18, 3.215, 3.345, 3.39, 3.315, 4.245, 4.275, 4.225, 4.2, 4.635, 4.78, 4.945, 0.76, 0.935, 0.595, 0.465, 0.33, 0.21, 2.805, 2.92, 2.685, 1.75, 1.78, 1.73, 1.71, 3.775, 1.215, 4.51, 2.57, 3.955, 3.605, 1.98, 3.055, 1.075, 1.59, 1.345, 0.675, 4.86, 0.395, 0.09, 5.0, 2.495, 4.055, 3.52, 4.4350000000000005, 0], "R": [1, 1, 1, 1, 1, 1, 1, 1, 1, 1, 1, 1, 1, 1, 1, 1, 1, 1, 1, 1, 1, 1, 1, 1, 1, 1, 1, 1, 1, 1, 0, 0, 0, 0, 0, 0, 0, 0, 0, 0, 0, 0, 0, 0, 0, 0, 0, 0, 0, 0, 0, 0]}