{"RTG": [10, 9, 8, 7, 6, 5, 4, 3, 2, 1, 0, 0, 0, 0, 0, 0, 0, 0, 0, 0, 0, 0, 0, 0, 0, 0, 0, 0, 0, 0, 0, 0, 0, 0, 0, 0, 0, 0, 0, 0, 0, 0, 0, 0, 0, 0, 0, 0, 0, 0, 0, 0], "S": [0, 1.1832205329391008, 1.1756294449900588, 0.5210538878624557, 1.2207514698396822, 1.240122479297734, 1.10297997475711, -0.48797384671598903, 1.6217806950522773, 2.2807160561275923, 2.539316846348272, 2.6640935024130794, -1.6203663406350275, 0.9147600389067359, 1.2423047404347072, 0.609313522152387, -1.1442504439522712, 0.12372982621026657, 1.2005038616307513, -0.428093934136053, 0.7143651627474831, 0.3165938873653324, 0.6612033019948327, 0.7002211277137405, 0.5690923241108877, 0.14065031128985822, -1.5129641137469552, -0.8566861004606161, -0.3935566625341845, 0.7810947647226019, -0.5681424030680832, -0.47945674206180294, 1.1413307041700922, 0.2053593529541412, 0.05135519972342358, 2.1990799042829505, -0.6527118419102764, 0.49351587614176184, 1.154923932830813, 0.43977288007454873, 0.8478622810701648, 0.5804748080628606, -0.03201196311671608, -0.6878780468282619, -0.1444384360798626, -0.7695552481135107, 1.9631888737933478, 0.6068916248446233, 0.8259366669938637, -0.7433870189333005, -0.22095008144629988, 1.899839506890742], "A": [0.66, 0.62, 0.755, 0.465, 0.42, 0.325, 0.215, 1.615, 1.6500000000000001, 1.67, 1.69, 1.26, 2.57, 2.72, 2.86, 2.395, 3.075, 3.335, 3.465, 3.23, 4.32, 4.53, 4.7, 4.88, 4.1, 3.855, 2.04, 1.0, 5.0, 0.0, 3.6550000000000002, 2.21, 1.865, 4.43, 4.205, 1.42, 2.965, 2.645, 1.115, 4.785, 2.275, 0.88, 3.975, 0.095, 3.565, 4.24, 2.13, 4.615, 3.75, 3.1550000000000002, 1.7750000000000001, 0], "R": [1, 1, 1, 1, 1, 1, 1, 1, 1, 1, 0, 0, 0, 0, 0, 0, 0, 0, 0, 0, 0, 0, 0, 0, 0, 0, 0, 0, 0, 0, 0, 0, 0, 0, 0, 0, 0, 0, 0, 0, 0, 0, 0, 0, 0, 0, 0, 0, 0, 0, 0, 0]}