{"RTG": [15, 14, 13, 12, 11, 10, 9, 8, 7, 6, 5, 4, 3, 2, 1, 0, 0, 0, 0, 0, 0, 0, 0, 0, 0, 0, 0, 0, 0, 0, 0, 0, 0, 0, 0, 0, 0, 0, 0, 0, 0, 0, 0, 0, 0, 0, 0, 0, 0, 0, 0, 0], "S": [0, 1.2457424006890583, 1.2254038456039946, 0.2318331862051065, -0.5681424030680832, 0.32211413453554105, -0.34907795486734916, 1.1031253948915591, 1.1571444090289609, 1.2008932538035024, 1.2218576619033426, 1.2790399283068352, 0.6560959005237793, 0.4903847194743459, -1.1212430247209308, 2.404467632602444, 2.6246497070519292, 2.6462676611234475, -0.3672731553529204, 1.4124672145230344, -0.26316966470052044, 1.7668558624147594, -0.7213855572269114, 1.1637413930916065, 1.313771510494162, 0.3496659885000683, -0.7940973879101138, 0.7810947647226019, 0.7665022349198103, 0.7468985423979649, -0.5344493610789871, -0.785730101527414, 0.9858819527773454, 0.016953564100676687, 0.7181670574127406, 0.8710105674086935, -1.503718626120767, -0.7253309927571581, -0.36679091592001095, 0.7456394742923096, -0.6019000811690085, 0.42396904460622875, 1.189694727779941, 0.43558581507364647, 2.1880040451103517, 0.7690116833676693, -0.043400782201073435, -2.18235760737755, 0.47240745786319704, 0.5891517867554916, 0.4777299050634701, 0.7769529835142928], "A": [3.325, 3.285, 3.415, 0.0, 0.835, 1.0050000000000001, 0.68, 0.61, 0.515, 0.44, 0.355, 0.29, 1.85, 1.995, 1.74, 1.715, 1.685, 1.435, 4.2700000000000005, 4.385, 4.165, 4.03, 2.64, 2.77, 2.915, 2.475, 5.0, 4.84, 4.67, 3.72, 1.22, 2.24, 3.085, 4.555, 2.15, 3.86, 3.585, 0.13, 1.565, 2.345, 4.92, 2.705, 1.11, 4.215, 4.75, 3.1750000000000003, 1.335, 0.765, 2.995, 4.48, 2.56, 0], "R": [1, 1, 1, 1, 1, 1, 1, 1, 1, 1, 1, 1, 1, 1, 1, 0, 0, 0, 0, 0, 0, 0, 0, 0, 0, 0, 0, 0, 0, 0, 0, 0, 0, 0, 0, 0, 0, 0, 0, 0, 0, 0, 0, 0, 0, 0, 0, 0, 0, 0, 0, 0]}