{"RTG": [27, 26, 25, 24, 23, 22, 21, 20, 19, 18, 17, 16, 15, 14, 13, 12, 11, 10, 9, 8, 7, 6, 5, 4, 3, 2, 1, 0, 0, 0, 0, 0, 0, 0, 0, 0, 0, 0, 0, 0, 0, 0, 0, 0, 0, 0, 0, 0, 0, 0, 0, 0], "S": [0, 1.142098306587714, 1.2072785431808835, 1.2247109249108254, 1.2790399283068352, 0.5757938005403606, -0.7568219640141731, 0.6517420719044649, -1.1142781305849165, 1.1260754615276558, -0.35007698439985496, 1.0093963694162764, 1.2005038616307513, 0.2318331862051065, 1.190400491309068, 0.0596368921205919, 1.8063011458935552, 2.0286591678260097, 2.1646963807230764, 0.7810947647226019, 0.6977617291854273, 0.7259718516629005, -0.5088549283725726, 0.849990625769365, 0.5143621100491487, 1.1485285121397457, -1.0882046889653323, 2.4602044790854074, 2.665056914615652, 2.539316846348272, -0.5681424030680832, 0.4534819021847498, -0.28478069236999004, 1.024040463667378, 0.7299093747335014, -0.1275144827788334, -0.6592004082044743, -0.7260747810041374, -0.3116150948341032, 0.07219968659936347, -0.32750870905583246, 0.5331467533500495, 0.8205579041063652, -2.1283174002063725, 0.41313196293813004, 1.1514880559381484, -0.2751600190638433, -0.4448451563527119, -0.6048098286998949, 1.3223751932371433, 0.421746209599056, 0.5061761088750564], "A": [0.55, 0.51, 0.435, 0.355, 0.28500000000000003, 1.415, 2.27, 2.39, 2.185, 2.075, 3.255, 3.335, 3.415, 4.28, 4.335, 4.25, 4.235, 4.22, 5.0, 4.855, 4.68, 0.985, 2.835, 2.97, 2.69, 3.785, 1.735, 1.705, 1.67, 0.0, 0.77, 1.195, 2.58, 4.5600000000000005, 3.1, 3.605, 3.96, 1.895, 0.87, 0.125, 1.545, 4.7700000000000005, 1.295, 1.1, 0.67, 2.505, 3.69, 4.055, 2.765, 4.94, 4.485, 0], "R": [1, 1, 1, 1, 1, 1, 1, 1, 1, 1, 1, 1, 1, 1, 1, 1, 1, 1, 1, 1, 1, 1, 1, 1, 1, 1, 1, 0, 0, 0, 0, 0, 0, 0, 0, 0, 0, 0, 0, 0, 0, 0, 0, 0, 0, 0, 0, 0, 0, 0, 0, 0]}