{"RTG": [27, 26, 25, 24, 23, 22, 21, 20, 19, 18, 17, 16, 15, 14, 13, 12, 11, 10, 9, 8, 7, 6, 5, 4, 3, 2, 1, 0, 0, 0, 0, 0, 0, 0, 0, 0, 0, 0, 0, 0, 0, 0, 0, 0, 0, 0, 0, 0, 0, 0, 0, 0], "S": [0, -2.143210685552774, -0.5681424030680832, 1.1283506934188439, 0.8399611402853264, 1.1065611909486615, -0.2844192542658805, -0.6878780468282619, 0.8036415820234936, 0.42396904460622875, 0.7131136754895187, 0.7299093747335014, 0.2454218611888777, 1.1832205329391008, 1.1756294449900588, 0.5210538878624557, 1.2207514698396822, 1.240122479297734, 1.10297997475711, -0.3799924249980656, -0.7834705376033333, 1.2423047404347072, 1.3265893946558156, 0.9001162474095208, 2.13684204514209, 1.640461454575373, 2.404467632602444, 2.593288167724146, 2.6640935024130794, -0.05613805381416219, 2.1300292046727938, 1.66510693211448, 0.624834862100612, -0.074182758754499, -0.8348946779313645, 1.2457424006890583, 0.38641500747199387, 0.5674801530142803, 0.22387517807153576, -0.30881443111225443, -1.0323222330279518, 0.7810947647226019, 0.8429601913364685, -1.1987220633160474, 0.2560876713757903, -1.4664759182334537, -0.49352352380335235, -0.16532530793633957, 1.1815012598688805, 0.8095437992284806, -1.1083866239228302, -0.4354061667458947], "A": [1.34, 0.0, 2.215, 2.255, 2.18, 3.13, 3.975, 4.83, 4.92, 4.7250000000000005, 4.5600000000000005, 4.45, 0.66, 0.62, 0.755, 0.465, 0.42, 0.325, 0.225, 3.54, 2.72, 2.7600000000000002, 2.83, 1.76, 1.79, 1.74, 1.72, 1.69, 1.035, 4.225, 4.16, 4.305, 2.515, 3.7600000000000002, 3.325, 3.4050000000000002, 2.985, 1.16, 0.905, 2.02, 5.0, 3.24, 2.41, 1.495, 3.87, 3.65, 0.1, 2.61, 4.64, 1.235, 4.07, 0], "R": [1, 1, 1, 1, 1, 1, 1, 1, 1, 1, 1, 1, 1, 1, 1, 1, 1, 1, 1, 1, 1, 1, 1, 1, 1, 1, 1, 0, 0, 0, 0, 0, 0, 0, 0, 0, 0, 0, 0, 0, 0, 0, 0, 0, 0, 0, 0, 0, 0, 0, 0, 0]}