{"RTG": [18, 17, 16, 15, 14, 13, 12, 11, 10, 9, 8, 7, 6, 5, 4, 3, 2, 1, 0, 0, 0, 0, 0, 0, 0, 0, 0, 0, 0, 0, 0, 0, 0, 0, 0, 0, 0, 0, 0, 0, 0, 0, 0, 0, 0, 0, 0, 0, 0, 0, 0, 0], "S": [0, -0.2338234595287891, -0.5681424030680832, 0.021317089904629626, 0.1738487017905306, 0.27244383499665203, -1.4239948062371293, 0.4327458304589763, 1.1832205329391008, 1.1756294449900588, 1.2008932538035024, 1.219269979845113, 1.2978622792095647, 0.8758965088053228, 0.6203485783512641, 0.529575855818755, 0.718905993062926, -1.1442504439522712, 0.3941168188128473, 2.6730387989219673, 2.539316846348272, 2.510577190859736, -0.7762351625212653, 0.8564619056302556, 0.46102665645791197, 0.8095437992284806, 0.37416928039478276, 1.620324142494948, 1.7668558624147594, -0.7413584525528033, 1.2607647850267172, 0.35893135363273554, 1.129227959703775, 1.275078842405209, -0.5915936314210155, 0.20124723393830407, 0.6858565367473983, -1.1026558432093951, 0.7769529835142928, -0.17456529408862, -0.4064917918700017, 0.7299093747335014, 0.5754088667607283, -0.4354061667458947, -1.4864591883310811, -0.5628831503192052, 0.5950547331054502, 0.5946153418392212, 1.1484487020849217, -1.1958523683721816, 0.7810947647226019, 2.199560797986056], "A": [3.115, 0.0, 0.875, 1.06, 1.155, 1.25, 1.125, 0.66, 0.62, 0.515, 0.455, 0.365, 0.305, 0.74, 2.125, 2.265, 2.395, 1.855, 1.695, 1.67, 1.73, 3.95, 4.8, 4.955, 4.64, 4.465, 4.26, 4.165, 3.515, 2.785, 2.9050000000000002, 2.665, 3.305, 3.73, 1.485, 3.3850000000000002, 2.005, 2.56, 4.355, 0.135, 4.5600000000000005, 3.22, 4.07, 3.835, 3.63, 3.005, 4.875, 2.195, 1.395, 5.0, 4.21, 0], "R": [1, 1, 1, 1, 1, 1, 1, 1, 1, 1, 1, 1, 1, 1, 1, 1, 1, 1, 0, 0, 0, 0, 0, 0, 0, 0, 0, 0, 0, 0, 0, 0, 0, 0, 0, 0, 0, 0, 0, 0, 0, 0, 0, 0, 0, 0, 0, 0, 0, 0, 0, 0]}