{"RTG": [28, 27, 26, 25, 24, 23, 22, 21, 20, 19, 18, 17, 16, 15, 14, 13, 12, 11, 10, 9, 8, 7, 6, 5, 4, 3, 2, 1, 0, 0, 0, 0, 0, 0, 0, 0, 0, 0, 0, 0, 0, 0, 0, 0, 0, 0, 0, 0, 0, 0, 0, 0], "S": [0, -0.06421981724753852, -0.5681424030680832, 0.2045054376024882, -0.5973820916024358, 0.377304667011703, 1.1740795034056069, 1.3049009603131116, 1.1686108490458247, 0.5674801530142803, -0.28687307137208434, -1.0316810346736789, -0.6878780468282619, 0.8418830957241761, 0.43333794832263955, 0.7002211277137405, 0.6612033019948327, -0.2009931560051553, -0.1333343676888655, -0.7840024552976274, 1.2473233634412009, 1.2207514698396822, 1.0000009442743154, 1.1211829717379291, 0.529575855818755, 1.1988872073150763, -0.598610461628525, 2.539316846348272, 2.198622511720558, 2.6640935024130794, -1.2153810007194785, 2.124266822246258, 1.0554799424175512, 1.8063011458935552, -0.984767779832423, 1.1701627407828141, 0.7817142987958644, 0.15531055956049092, -1.0849883657686858, 0.9578542139492628, 0.7810947647226019, 0.42661607931867784, 2.2787485889783183, 0.9730814183255039, -0.4570567081919362, 0.8235016011496119, -1.968180204763193, 1.151436074096337, -1.4061401913825524, 0.35215098025751895, -0.1285737335390223, -0.7495170589353438], "A": [1.8800000000000001, 0.0, 0.855, 0.9450000000000001, 0.8150000000000001, 2.7, 2.74, 2.8000000000000003, 2.985, 3.1350000000000002, 2.455, 3.975, 4.815, 4.915, 4.7, 4.53, 4.4, 1.45, 3.5500000000000003, 0.41500000000000004, 0.465, 0.315, 0.5700000000000001, 2.125, 0.65, 0.2, 1.67, 1.645, 1.69, 1.24, 4.19, 4.135, 4.25, 3.775, 3.34, 2.2600000000000002, 3.42, 2.0100000000000002, 3.25, 5.0, 1.105, 1.75, 2.575, 3.665, 4.61, 1.355, 2.2, 3.88, 2.91, 0.09, 2.355, 0], "R": [1, 1, 1, 1, 1, 1, 1, 1, 1, 1, 1, 1, 1, 1, 1, 1, 1, 1, 1, 1, 1, 1, 1, 1, 1, 1, 1, 1, 0, 0, 0, 0, 0, 0, 0, 0, 0, 0, 0, 0, 0, 0, 0, 0, 0, 0, 0, 0, 0, 0, 0, 0]}