{"RTG": [8, 7, 6, 5, 4, 3, 2, 1, 0, 0, 0, 0, 0, 0, 0, 0, 0, 0, 0, 0, 0, 0, 0, 0, 0, 0, 0, 0, 0, 0, 0, 0, 0, 0, 0, 0, 0, 0, 0, 0, 0, 0, 0, 0, 0, 0, 0, 0, 0, 0, 0, 0], "S": [0, -0.3935566625341845, -0.5681424030680832, 0.4903847194743459, -0.5315242372945383, 0.979413961857978, 1.2696251559757619, 2.2096243099566566, 2.4602044790854074, 2.665056914615652, 1.1686108490458247, 0.3659378656084991, 1.129227959703775, -0.37205149742952043, 1.2599255689740672, 0.15531055956049092, -0.0968313948440262, 1.4124672145230344, -0.26316966470052044, 1.7668558624147594, -0.7254372327259607, 0.7810947647226019, 0.7665022349198103, 0.7468985423979649, 1.2126012150820673, 1.3016856375865116, -0.24856155848617614, 1.1293561077306389, 0.3959299450209885, -2.078054622311628, -0.4909143663015248, 0.8399611402853264, 0.7181670574127406, 0.9242571415201947, -1.5129641137469552, -0.7609918060846543, 0.04365670661903363, -0.9374506081177982, 0.4327458304589763, 1.1269664878719414, 0.46043837533281906, 0.42396904460622875, -0.25355152682405413, 1.2766244561205646, 2.1880040451103517, 0.7690116833676693, -0.19932815225345174, 0.6284470719106436, 1.2287157098589727, 1.0942090702771463, 0.4777299050634701, 1.024040463667378], "A": [1.0, 0.0, 1.85, 1.9100000000000001, 1.825, 1.81, 1.7550000000000001, 1.735, 1.705, 2.8000000000000003, 2.93, 2.665, 2.5, 3.295, 3.42, 3.17, 4.2700000000000005, 4.385, 4.165, 4.025, 5.0, 4.84, 4.67, 0.505, 0.375, 0.23500000000000001, 0.675, 0.8, 1.29, 3.71, 2.255, 4.555, 2.1550000000000002, 3.855, 3.5700000000000003, 1.465, 2.37, 1.125, 0.59, 3.04, 4.92, 0.115, 2.73, 4.215, 4.75, 0.895, 1.555, 0.43, 3.35, 4.48, 2.58, 0], "R": [1, 1, 1, 1, 1, 1, 1, 1, 0, 0, 0, 0, 0, 0, 0, 0, 0, 0, 0, 0, 0, 0, 0, 0, 0, 0, 0, 0, 0, 0, 0, 0, 0, 0, 0, 0, 0, 0, 0, 0, 0, 0, 0, 0, 0, 0, 0, 0, 0, 0, 0, 0]}