{"RTG": [4, 3, 2, 1, 0, 0, 0, 0, 0, 0, 0, 0, 0, 0, 0, 0, 0, 0, 0, 0, 0, 0, 0, 0, 0, 0, 0, 0, 0, 0, 0, 0, 0, 0, 0, 0, 0, 0, 0, 0, 0, 0, 0, 0, 0, 0, 0, 0, 0, 0, 0, 0], "S": [0, 1.0768972333907842, 1.8155548068888594, 2.13684204514209, 2.3438345106132012, 2.648718288939445, -0.5681424030680832, 1.2243412031117622, 0.7997946265823738, 0.9147600389067359, -1.1442504439522712, 0.49481502529770993, 0.7143651627474831, 0.4633443805678566, -0.6404363206845495, 0.290731299743892, 0.7582537177375791, 0.8036415820234936, 0.7810947647226019, 2.084491255479688, 1.555179369689812, 0.5176853876426791, 0.35607588040206334, -0.15546005114250563, 1.184145623379665, 1.221849818761846, 1.2154017406227207, -0.5320126392908179, -2.2239717903468845, -1.488154407535072, 0.8124124524666402, 0.7417519397012445, 0.3249895437356506, 0.7881508443671758, 0.9858819527773454, -0.28687307137208434, 0.3782747663821225, 0.35049370059763607, 1.2704887200104722, -0.7213851175583837, 0.42396904460622875, 1.2552709899027514, -0.5915936314210155, -0.9092916740966068, 1.1637413930916065, -0.49337631073269567, -0.1444384360798626, 0.7690116833676693, -0.7057535105063594, 1.5204906701516285, -0.7568219640141731, -0.6399272688825074], "A": [1.82, 1.78, 1.76, 1.745, 1.71, 0.0, 2.715, 2.84, 2.57, 2.395, 3.035, 3.23, 3.4, 3.61, 4.455, 4.665, 4.83, 5.0, 4.23, 4.155, 4.3100000000000005, 0.8250000000000001, 1.025, 0.625, 0.49, 0.34, 0.21, 1.31, 3.865, 2.145, 4.565, 1.51, 0.72, 2.24, 3.1350000000000002, 2.935, 1.145, 3.315, 4.015, 4.92, 0.41000000000000003, 3.73, 2.035, 2.64, 0.925, 0.095, 4.75, 3.505, 1.61, 1.415, 2.485, 0], "R": [1, 1, 1, 1, 0, 0, 0, 0, 0, 0, 0, 0, 0, 0, 0, 0, 0, 0, 0, 0, 0, 0, 0, 0, 0, 0, 0, 0, 0, 0, 0, 0, 0, 0, 0, 0, 0, 0, 0, 0, 0, 0, 0, 0, 0, 0, 0, 0, 0, 0, 0, 0]}