{"RTG": [26, 25, 24, 23, 22, 21, 20, 19, 18, 17, 16, 15, 14, 13, 12, 11, 10, 9, 8, 7, 6, 5, 4, 3, 2, 1, 0, 0, 0, 0, 0, 0, 0, 0, 0, 0, 0, 0, 0, 0, 0, 0, 0, 0, 0, 0, 0, 0, 0, 0, 0, 0], "S": [0, 0.19826562714405405, -0.17456529408862, 0.5928665680352182, 0.6951830673805045, 0.7558657355637947, 0.8564619056302556, 0.5946153418392212, 0.025247930055477295, -1.4056490068099121, -0.5681424030680832, 0.1642534074841468, 0.0866432673157289, 1.1514880559381484, 1.1914882796809394, 1.1501940146532572, 1.219269979845113, 1.2881202542280985, 1.0000009442743154, -1.9528264959818675, 0.8710105674086935, 0.9421555065576516, -0.9374506081177982, -0.08257389710244357, 2.2787485889783183, 1.8155548068888594, 2.510577190859736, 2.648718288939445, 0.15531055956049092, 1.3006506431464921, 1.133107637799685, 0.35215098025751895, 0.4573498151461132, -0.7253309927571581, 1.099627421136071, -1.1146936334141972, -0.5519999276125631, 0.5241625713457142, 0.7810947647226019, -0.6878780468282619, 2.199560797986056, 0.14424649044003368, -0.6527118419102764, -0.6092041357060602, 0.3146398464699526, -0.4513534362588481, 1.1701627407828141, 1.8888071569415663, 0.5891517867554916, 0.4534819021847498, 2.356485375892664, -0.8626716533395865], "A": [4.445, 4.355, 4.505, 4.545, 4.745, 4.8, 4.875, 4.095, 3.8200000000000003, 0.0, 0.86, 1.05, 0.67, 0.63, 0.545, 0.455, 0.39, 0.315, 1.28, 2.15, 2.245, 2.37, 3.095, 1.75, 1.78, 1.73, 1.71, 3.42, 2.775, 2.66, 2.91, 1.5350000000000001, 3.585, 3.265, 2.0, 0.155, 2.545, 5.0, 3.975, 4.21, 3.19, 1.42, 0.96, 1.1500000000000001, 3.6950000000000003, 3.34, 4.245, 2.995, 0.77, 1.655, 2.47, 0], "R": [1, 1, 1, 1, 1, 1, 1, 1, 1, 1, 1, 1, 1, 1, 1, 1, 1, 1, 1, 1, 1, 1, 1, 1, 1, 1, 0, 0, 0, 0, 0, 0, 0, 0, 0, 0, 0, 0, 0, 0, 0, 0, 0, 0, 0, 0, 0, 0, 0, 0, 0, 0]}