{"RTG": [33, 32, 31, 30, 29, 28, 27, 26, 25, 24, 23, 22, 21, 20, 19, 18, 17, 16, 15, 14, 13, 12, 11, 10, 9, 8, 7, 6, 5, 4, 3, 2, 1, 0, 0, 0, 0, 0, 0, 0, 0, 0, 0, 0, 0, 0, 0, 0, 0, 0, 0, 0], "S": [0, -0.3116150948341032, -0.5681424030680832, 0.27208023610146237, -0.49337631073269567, 0.384592971877546, 1.3153844260682281, 1.2607647850267172, 1.127721295153221, 0.35130374988897833, 0.028266080697662052, -0.8835498934886132, 0.8250163897131615, 0.7216939239772742, 0.5317048528935276, 0.5209078855902575, 0.5176853876426791, 1.66510693211448, 0.7866678583339837, 1.9421985709844345, 2.0751036904311593, 2.186387029405289, -0.4572802851966546, 1.2457424006890583, 0.5033711967483209, -0.19947597225900737, 1.2805352156985943, 1.2167981233580216, 0.1500898090710972, 1.1490434588248564, 0.0983818009091677, -0.0017655707758112728, 2.583789023717434, 2.2807160561275923, 2.6732740673741575, -0.4757085314032074, 0.7810947647226019, 1.184145623379665, 0.23093654685116718, -0.6404363206845495, -1.182399402186969, -0.36679091592001095, 0.37368707232447523, -2.2300291363965816, 1.8155548068888594, -1.2050087939706549, 0.8494306260888944, 1.0022667714886981, -1.1026558432093951, 0.37144358779605585, -0.28174751465887515, 0.7181670574127406], "A": [1.895, 0.0, 0.845, 0.925, 0.81, 2.745, 2.785, 2.67, 2.92, 2.52, 3.765, 4.625, 4.73, 4.49, 4.89, 4.3100000000000005, 4.16, 4.125, 4.175, 4.1850000000000005, 4.2, 1.43, 3.325, 3.215, 3.4450000000000003, 0.395, 0.5, 0.26, 2.205, 2.1, 2.31, 1.675, 1.6500000000000001, 1.7, 1.205, 5.0, 0.625, 3.065, 3.61, 3.9050000000000002, 0.13, 1.09, 1.325, 1.78, 2.42, 4.8100000000000005, 0.6950000000000001, 2.005, 1.52, 3.14, 4.555, 0], "R": [1, 1, 1, 1, 1, 1, 1, 1, 1, 1, 1, 1, 1, 1, 1, 1, 1, 1, 1, 1, 1, 1, 1, 1, 1, 1, 1, 1, 1, 1, 1, 1, 1, 0, 0, 0, 0, 0, 0, 0, 0, 0, 0, 0, 0, 0, 0, 0, 0, 0, 0, 0]}