{"RTG": [25, 24, 23, 22, 21, 20, 19, 18, 17, 16, 15, 14, 13, 12, 11, 10, 9, 8, 7, 6, 5, 4, 3, 2, 1, 0, 0, 0, 0, 0, 0, 0, 0, 0, 0, 0, 0, 0, 0, 0, 0, 0, 0, 0, 0, 0, 0, 0, 0, 0, 0, 0], "S": [0, 0.6989865678173576, 0.7697164372501104, 0.7765038309941795, 0.5317048528935276, 0.6977617291854273, 0.421746209599056, 0.624834862100612, 2.1880040451103517, 2.124266822246258, -0.5681424030680832, 0.27208023610146237, 0.0866432673157289, 1.1971315791461121, 1.1935643644957392, 1.3014072903111207, 0.06518168505993671, -2.2362571854591744, 1.0814212867534516, 0.26116185121244917, -0.7349959441494497, -0.26899053000129997, -0.526117465012331, 1.2766244561205646, 0.7997946265823738, 1.1712103381729184, 2.6462676611234475, 2.648718288939445, 1.4202812468229182, 0.6858565367473983, -1.2809619500582092, -0.7197448335686071, 0.5519536381881391, 0.783357385465521, -0.657719301396538, 1.2009822841548368, 0.7008456084275234, -0.6737740081427814, -0.32750870905583246, 0.22387517807153576, -0.8348946779313645, 0.09060725392395028, 1.2218576619033426, -0.5973820916024358, -0.8275862870460531, 0.7810947647226019, 1.129227959703775, 0.3321029361393006, 1.05823352995558, -0.1681685232451838, -1.0846614795250824, 1.2256976844807996], "A": [4.71, 4.66, 4.58, 4.49, 4.855, 4.94, 4.305, 4.215, 4.19, 0.0, 0.845, 1.05, 0.635, 0.52, 0.37, 0.255, 1.315, 2.1750000000000003, 2.295, 2.05, 3.145, 3.64, 2.73, 2.84, 2.605, 1.685, 1.71, 1.605, 3.3850000000000002, 3.895, 2.48, 2.98, 1.835, 3.495, 3.2800000000000002, 0.73, 4.045, 0.125, 1.16, 3.7600000000000002, 1.47, 0.44, 0.9450000000000001, 1.935, 5.0, 2.665, 3.055, 2.23, 4.405, 1.4000000000000001, 3.33, 0], "R": [1, 1, 1, 1, 1, 1, 1, 1, 1, 1, 1, 1, 1, 1, 1, 1, 1, 1, 1, 1, 1, 1, 1, 1, 1, 0, 0, 0, 0, 0, 0, 0, 0, 0, 0, 0, 0, 0, 0, 0, 0, 0, 0, 0, 0, 0, 0, 0, 0, 0, 0, 0]}