{"RTG": [18, 17, 16, 15, 14, 13, 12, 11, 10, 9, 8, 7, 6, 5, 4, 3, 2, 1, 0, 0, 0, 0, 0, 0, 0, 0, 0, 0, 0, 0, 0, 0, 0, 0, 0, 0, 0, 0, 0, 0, 0, 0, 0, 0, 0, 0, 0, 0, 0, 0, 0, 0], "S": [0, -0.18412100953310084, -0.5681424030680832, 0.021317089904629626, 0.1738487017905306, 0.27244383499665203, -1.4239948062371293, 0.4327458304589763, 1.1832205329391008, 1.1756294449900588, 1.2008932538035024, 1.219269979845113, 1.2978622792095647, 0.8758965088053228, 0.6203485783512641, 0.529575855818755, 0.718905993062926, -1.1442504439522712, 0.3941168188128473, 2.6730387989219673, 2.539316846348272, 2.510577190859736, 0.43333794832263955, 0.7063621804743907, 0.7065887481278916, -0.2679591565011226, 0.8429601913364685, 0.5392684839855656, 0.12372982621026657, -0.6592004082044743, 1.2829686885252671, 1.129227959703775, 0.35893135363273554, -1.503718626120767, 0.20124723393830407, 2.1300292046727938, 0.7810947647226019, -1.1026558432093951, 0.7769529835142928, 1.4124672145230344, -0.4064917918700017, 0.8164466281105316, -0.6286623709632781, -0.5915936314210155, 1.2752776432954898, 0.8418830957241761, 1.8594942356609157, 1.1484487020849217, -1.1958523683721816, 0.5800560575903002, -0.7260747810041374, 0.8854292108061834], "A": [4.085, 0.0, 0.875, 1.06, 1.155, 1.25, 1.125, 0.66, 0.62, 0.515, 0.455, 0.365, 0.305, 0.74, 2.125, 2.265, 2.395, 1.855, 1.695, 1.67, 1.73, 4.915, 4.72, 4.55, 4.375, 3.24, 3.395, 3.075, 3.605, 2.7800000000000002, 2.665, 2.9050000000000002, 3.86, 1.485, 4.225, 5.0, 2.005, 2.56, 4.2700000000000005, 0.135, 4.635, 3.49, 3.73, 3.31, 4.815, 4.17, 2.195, 1.395, 2.99, 3.96, 1.575, 0], "R": [1, 1, 1, 1, 1, 1, 1, 1, 1, 1, 1, 1, 1, 1, 1, 1, 1, 1, 0, 0, 0, 0, 0, 0, 0, 0, 0, 0, 0, 0, 0, 0, 0, 0, 0, 0, 0, 0, 0, 0, 0, 0, 0, 0, 0, 0, 0, 0, 0, 0, 0, 0]}