{"RTG": [28, 27, 26, 25, 24, 23, 22, 21, 20, 19, 18, 17, 16, 15, 14, 13, 12, 11, 10, 9, 8, 7, 6, 5, 4, 3, 2, 1, 0, 0, 0, 0, 0, 0, 0, 0, 0, 0, 0, 0, 0, 0, 0, 0, 0, 0, 0, 0, 0, 0, 0, 0], "S": [0, -1.414747719560874, -0.5681424030680832, 0.8399611402853264, 0.1748996278641049, 1.05823352995558, 1.1484487020849217, -1.1026558432093951, 0.14424649044003368, 0.4633443805678566, -0.7848058643362025, 1.2752776432954898, -0.26316966470052044, 1.072987484673177, 0.5210538878624557, 1.1664614388095813, 1.2230482233664581, 1.240122479297734, 1.10297997475711, -0.3799924249980656, 0.7810947647226019, 0.4989637315144307, -0.6878780468282619, 1.3006506431464921, 1.2918036410372127, 0.5668338030505861, 0.7259718516629005, 0.7765038309941795, 0.21421182414513124, 2.6640935024130794, 2.6246497070519292, 1.9226645203488157, 2.0751036904311593, 1.9631888737933478, -0.8348946779313645, 0.8492731788192288, -0.3782782412797233, -0.5573659080551784, 0.5243572241097797, 0.8814861408638388, 0.14065031128985822, 0.8478622810701648, -0.7197448335686071, -1.488154407535072, 0.5317048528935276, -0.47945674206180294, -0.16532530793633957, 0.280033209144718, -0.1275144827788334, 1.1637413930916065, -1.9528264959818675, 0.2404961358400748], "A": [1.385, 0.0, 2.255, 2.3000000000000003, 2.23, 2.195, 2.005, 3.19, 3.4, 3.545, 3.31, 4.385, 0.685, 0.755, 0.615, 0.48, 0.42, 0.325, 0.225, 5.0, 4.8950000000000005, 3.975, 2.775, 2.735, 2.865, 4.68, 4.58, 1.065, 1.69, 1.715, 1.6300000000000001, 4.1850000000000005, 4.24, 3.7600000000000002, 2.565, 1.2, 0.935, 3.0300000000000002, 1.83, 4.1, 4.785, 2.48, 3.865, 4.49, 3.6550000000000002, 0.1, 1.5, 3.1, 2.64, 1.28, 0.85, 0], "R": [1, 1, 1, 1, 1, 1, 1, 1, 1, 1, 1, 1, 1, 1, 1, 1, 1, 1, 1, 1, 1, 1, 1, 1, 1, 1, 1, 1, 0, 0, 0, 0, 0, 0, 0, 0, 0, 0, 0, 0, 0, 0, 0, 0, 0, 0, 0, 0, 0, 0, 0, 0]}