{"RTG": [13, 12, 11, 10, 9, 8, 7, 6, 5, 4, 3, 2, 1, 0, 0, 0, 0, 0, 0, 0, 0, 0, 0, 0, 0, 0, 0, 0, 0, 0, 0, 0, 0, 0, 0, 0, 0, 0, 0, 0, 0, 0, 0, 0, 0, 0, 0, 0, 0, 0, 0, 0], "S": [0, 0.493019990916102, 0.16883208745421255, 1.1345633600572884, 1.6217806950522773, 1.8238428669741287, 2.018703006539025, 2.198622511720558, 2.356485375892664, 2.539316846348272, -0.5681424030680832, 1.1849486762474712, 1.3227683909951515, 0.3857365692963434, 2.6732740673741575, -0.9816023194918702, -0.1445968462172942, -0.6929902457178543, 0.7665022349198103, 0.7810947647226019, 0.7697164372501104, 0.5317048528935276, 0.7352255488802192, 0.920655627807069, 1.1348906924437472, 1.2636906207954577, 0.3223835114148992, 0.07219968659936347, -0.7762990261304845, 0.8710105674086935, 0.37368707232447523, -1.0364517181494661, 1.0942090702771463, 0.718905993062926, 1.9421985709844345, -0.9971860540038541, 0.5488342955281749, 0.5188737380858635, -0.4457386208748614, -0.3782782412797233, -0.06490318263147667, -0.5394071747880208, 0.7690116833676693, 1.2230482233664581, 2.1300292046727938, 1.1380356008066348, 1.1392762323358923, 0.7535780975912624, -1.3684260504266743, -0.44919934217062807, 0.4254157691859527, 0.41543750807331425], "A": [1.54, 1.48, 1.59, 1.615, 1.625, 1.635, 1.645, 1.655, 1.67, 0.0, 2.625, 2.75, 2.895, 1.7, 2.46, 3.165, 3.995, 4.84, 5.0, 4.66, 4.49, 4.3, 0.705, 0.555, 0.405, 0.27, 0.87, 3.56, 2.15, 1.09, 3.7800000000000002, 3.35, 2.265, 4.175, 2.025, 3.025, 4.115, 0.14, 1.2, 3.435, 0.98, 4.75, 0.48, 4.225, 3.27, 2.685, 4.57, 3.8850000000000002, 3.67, 0.78, 4.93, 0], "R": [1, 1, 1, 1, 1, 1, 1, 1, 1, 1, 1, 1, 1, 0, 0, 0, 0, 0, 0, 0, 0, 0, 0, 0, 0, 0, 0, 0, 0, 0, 0, 0, 0, 0, 0, 0, 0, 0, 0, 0, 0, 0, 0, 0, 0, 0, 0, 0, 0, 0, 0, 0]}