{"RTG": [25, 24, 23, 22, 21, 20, 19, 18, 17, 16, 15, 14, 13, 12, 11, 10, 9, 8, 7, 6, 5, 4, 3, 2, 1, 0, 0, 0, 0, 0, 0, 0, 0, 0, 0, 0, 0, 0, 0, 0, 0, 0, 0, 0, 0, 0, 0, 0, 0, 0, 0, 0], "S": [0, -0.7253309927571581, -0.5681424030680832, 0.1642534074841468, -0.6092041357060602, 0.3680109104289028, 0.4949049722078865, 1.1832205329391008, 1.1914882796809394, -2.2383187886964397, 1.0814212867534516, 1.0245921516336474, -0.4345148689017537, 0.05135519972342358, 0.7170916018157362, 0.8560300178421365, 0.43333794832263955, 1.66510693211448, 0.7866678583339837, 1.9421985709844345, 2.124266822246258, 0.35215098025751895, -0.1275144827788334, 1.2423047404347072, 1.1815012598688805, -0.8626716533395865, 2.6732740673741575, 2.583789023717434, 2.2787485889783183, 0.6560959005237793, 1.2457424006890583, -1.4647684387382283, 0.15531055956049092, 1.2473233634412009, 0.7143651627474831, 0.3971961720618536, 0.7299093747335014, -0.5519999276125631, 0.42103107830772674, -0.3881858065598431, 0.7810947647226019, 1.0887396232185838, -0.4611514236144929, 1.2198638448838093, -0.6019000811690085, -0.8086308259890348, -0.5765074546122056, 0.5950547331054502, 0.13840231823318014, -0.28307668106601713, -0.11355670144341846, 0.6137687486908822], "A": [3.585, 0.0, 0.86, 0.96, 0.8200000000000001, 0.76, 0.66, 0.63, 1.32, 2.1750000000000003, 2.235, 2.07, 4.43, 4.6850000000000005, 4.795, 4.915, 4.16, 4.125, 4.175, 4.19, 2.91, 3.1, 2.72, 2.61, 2.47, 1.7, 1.675, 1.75, 0.29, 3.325, 3.83, 3.42, 0.41500000000000004, 3.23, 1.5250000000000001, 4.5600000000000005, 0.155, 1.1300000000000001, 1.9000000000000001, 5.0, 2.81, 3.7, 0.495, 2.345, 3.9450000000000003, 1.21, 3.005, 4.33, 1.44, 0.075, 2.5500000000000003, 0], "R": [1, 1, 1, 1, 1, 1, 1, 1, 1, 1, 1, 1, 1, 1, 1, 1, 1, 1, 1, 1, 1, 1, 1, 1, 1, 0, 0, 0, 0, 0, 0, 0, 0, 0, 0, 0, 0, 0, 0, 0, 0, 0, 0, 0, 0, 0, 0, 0, 0, 0, 0, 0]}