{"RTG": [22, 21, 20, 19, 18, 17, 16, 15, 14, 13, 12, 11, 10, 9, 8, 7, 6, 5, 4, 3, 2, 1, 0, 0, 0, 0, 0, 0, 0, 0, 0, 0, 0, 0, 0, 0, 0, 0, 0, 0, 0, 0, 0, 0, 0, 0, 0, 0, 0, 0, 0, 0], "S": [0, -0.46555971502504534, -0.5681424030680832, 0.07219968659936347, -0.3935566625341845, 0.3959299450209885, 0.6203485783512641, 1.1031253948915591, 1.1988872073150763, -0.4757085314032074, 1.1347072427156868, 0.5392684839855656, 1.275078842405209, 1.4124672145230344, 0.624834862100612, 1.7165118520294746, 2.1300292046727938, 2.186387029405289, 0.7810947647226019, 0.6977617291854273, 0.7259718516629005, 0.4903847194743459, -0.9971860540038541, 2.6730387989219673, 2.486335711065681, 2.5551020877188306, 0.3857365692963434, -0.9336474874188099, 0.17769761202432371, 0.6560959005237793, 1.2423047404347072, 0.6517420719044649, -0.6527118419102764, 1.2473233634412009, 0.7181670574127406, 1.1795391579642154, -0.5519999276125631, -0.6772614302070163, -0.8455440470023323, 1.050618440940789, -0.043400782201073435, 1.2198638448838093, 0.8205579041063652, -2.2239717903468845, 0.43558581507364647, 0.4573498151461132, -0.9899543682703261, 1.1302751163004074, 0.4777299050634701, 0.421746209599056, -1.5129641137469552, 0.5674801530142803], "A": [2.495, 0.0, 0.87, 1.0, 0.8, 0.74, 0.68, 0.65, 1.205, 3.345, 3.395, 3.305, 4.2700000000000005, 4.305, 4.255, 4.225, 4.2, 5.0, 4.855, 4.68, 1.85, 2.025, 1.695, 1.665, 1.725, 2.895, 3.77, 3.0700000000000003, 0.29, 2.72, 2.27, 1.42, 0.41500000000000004, 4.555, 2.63, 0.155, 3.6, 3.94, 2.17, 3.1750000000000003, 0.495, 4.7700000000000005, 1.31, 1.11, 1.5350000000000001, 2.375, 2.805, 4.48, 4.94, 3.855, 2.985, 0], "R": [1, 1, 1, 1, 1, 1, 1, 1, 1, 1, 1, 1, 1, 1, 1, 1, 1, 1, 1, 1, 1, 1, 0, 0, 0, 0, 0, 0, 0, 0, 0, 0, 0, 0, 0, 0, 0, 0, 0, 0, 0, 0, 0, 0, 0, 0, 0, 0, 0, 0, 0, 0]}