{"RTG": [33, 32, 31, 30, 29, 28, 27, 26, 25, 24, 23, 22, 21, 20, 19, 18, 17, 16, 15, 14, 13, 12, 11, 10, 9, 8, 7, 6, 5, 4, 3, 2, 1, 0, 0, 0, 0, 0, 0, 0, 0, 0, 0, 0, 0, 0, 0, 0, 0, 0, 0, 0], "S": [0, -0.3672731553529204, -0.5681424030680832, 0.1748996278641049, -1.1442504439522712, 0.6517420719044649, 0.8934834654088644, 1.05823352995558, 1.1484487020849217, 1.129227959703775, 1.2066195172364638, 1.2607647850267172, 0.6543334699031734, -0.4611514236144929, 0.6494093557430308, 0.8011459087892528, 0.8205579041063652, 0.4989637315144307, -0.25787601304066904, 0.7881508443671758, 0.35607588040206334, 1.14814577970639, 1.176806974670785, 1.2247109249108254, 1.2978622792095647, 0.7332462169914621, 1.2599255689740672, 1.1701627407828141, 0.5033711967483209, 0.3954010906932002, 1.9816540052700344, 1.4579884778504881, 2.2787485889783183, 2.510577190859736, 2.648718288939445, -0.7119997492397336, -1.4239948062371293, -0.5651519821379951, -0.7657231146818407, -1.503718626120767, 2.186387029405289, 1.8888071569415663, 0.7810947647226019, 0.46043837533281906, -0.4064917918700017, 0.6982589645466594, 0.5331467533500495, -1.0849883657686858, 1.1870405829024617, -0.6211852992102556, 0.49351587614176184, 0.16895881349534878], "A": [1.435, 0.0, 2.3000000000000003, 2.395, 2.27, 2.25, 2.23, 2.195, 2.665, 2.71, 2.785, 2.855, 3.7, 4.525, 4.6450000000000005, 4.7700000000000005, 4.8950000000000005, 4.37, 0.72, 0.8250000000000001, 0.605, 0.53, 0.435, 0.365, 0.295, 3.295, 3.34, 3.215, 1.095, 1.77, 1.8, 1.75, 1.73, 1.71, 4.035, 1.25, 0.975, 3.525, 3.86, 4.2, 4.245, 5.0, 3.04, 0.135, 2.555, 1.545, 2.0100000000000002, 4.14, 3.615, 2.965, 1.165, 0], "R": [1, 1, 1, 1, 1, 1, 1, 1, 1, 1, 1, 1, 1, 1, 1, 1, 1, 1, 1, 1, 1, 1, 1, 1, 1, 1, 1, 1, 1, 1, 1, 1, 1, 0, 0, 0, 0, 0, 0, 0, 0, 0, 0, 0, 0, 0, 0, 0, 0, 0, 0, 0]}