{"RTG": [21, 20, 19, 18, 17, 16, 15, 14, 13, 12, 11, 10, 9, 8, 7, 6, 5, 4, 3, 2, 1, 0, 0, 0, 0, 0, 0, 0, 0, 0, 0, 0, 0, 0, 0, 0, 0, 0, 0, 0, 0, 0, 0, 0, 0, 0, 0, 0, 0, 0, 0, 0], "S": [0, 0.2404961358400748, 0.47240745786319704, 0.9625550854276712, 1.1694360114222457, 1.1756294449900588, 0.348248328649486, -1.4239948062371293, 0.3643491653233505, 0.5804748080628606, -1.1987220633160474, 1.1490434588248564, 1.1718425673152988, 1.2704887200104722, 0.7554559803553068, 2.084491255479688, 1.620324142494948, 2.199560797986056, 0.7810947647226019, 0.6977617291854273, 0.7360187314858049, -0.5681424030680832, 2.6640935024130794, 2.486335711065681, 2.5551020877188306, 0.7997946265823738, 0.5800560575903002, 1.1392762323358923, -1.0364517181494661, 0.8758965088053228, -0.6430356987022964, 1.2473233634412009, 0.6726275675323473, -0.6874175835325607, -0.5315242372945383, 0.04365670661903363, -0.7104987145618867, 1.0675806827655183, -0.20383592218805494, -0.4740018065749868, 0.14978629205510915, 0.8085877969105064, -1.7182524106449804, -1.3684260504266743, 1.3223751932371433, 1.221849818761846, -1.0849883657686858, -0.657719301396538, 0.26206678582391096, 0.6842214616603056, 0.421746209599056, -0.11803058692131012], "A": [0.85, 0.765, 0.7000000000000001, 0.665, 0.62, 1.085, 1.25, 2.115, 2.275, 2.41, 2.205, 3.275, 3.315, 3.38, 4.23, 4.26, 4.21, 5.0, 4.855, 4.675, 0.0, 1.69, 1.665, 1.725, 2.84, 2.99, 2.685, 3.7800000000000002, 0.305, 0.185, 0.41500000000000004, 4.535, 3.99, 1.9100000000000001, 1.465, 3.59, 2.585, 3.11, 0.99, 4.44, 4.765, 1.37, 3.8850000000000002, 2.765, 0.49, 2.0100000000000002, 3.495, 4.105, 1.56, 4.94, 0.085, 0], "R": [1, 1, 1, 1, 1, 1, 1, 1, 1, 1, 1, 1, 1, 1, 1, 1, 1, 1, 1, 1, 1, 0, 0, 0, 0, 0, 0, 0, 0, 0, 0, 0, 0, 0, 0, 0, 0, 0, 0, 0, 0, 0, 0, 0, 0, 0, 0, 0, 0, 0, 0, 0]}