{"RTG": [29, 28, 27, 26, 25, 24, 23, 22, 21, 20, 19, 18, 17, 16, 15, 14, 13, 12, 11, 10, 9, 8, 7, 6, 5, 4, 3, 2, 1, 0, 0, 0, 0, 0, 0, 0, 0, 0, 0, 0, 0, 0, 0, 0, 0, 0, 0, 0, 0, 0, 0, 0], "S": [0, -1.0957773882808306, -0.5681424030680832, 0.1642534074841468, -0.6092041357060602, 0.3680109104289028, 0.4949049722078865, 1.1832205329391008, 1.1914882796809394, -2.2383187886964397, 0.9496061264010378, 0.35893135363273554, 1.3153844260682281, 1.1485285121397457, -0.6399272688825074, -0.7011682182012821, 0.8132786627774347, 0.6985273081722505, 0.37416928039478276, 0.5946153418392212, 0.7810947647226019, 1.9631888737933478, 2.199560797986056, 1.9421985709844345, 1.275078842405209, 0.21347584363378308, 0.2318331862051065, 2.4252267062251835, 1.9226645203488157, 2.6194882783227276, 2.648718288939445, 0.6560959005237793, 0.9858819527773454, 1.2473233634412009, -0.9785792591984844, 0.7486707964918938, -0.7253309927571581, -0.5519999276125631, 0.42103107830772674, -0.6776977831069698, 0.37860667503134976, 0.587534579924061, 1.2198638448838093, -0.06805584798382577, 0.8531075124258279, 1.0675806827655183, -0.7119997492397336, -0.2679591565011226, -0.4757085314032074, -1.4647684387382283, -0.6833665323328018, -0.11355670144341846], "A": [1.975, 0.0, 0.86, 0.96, 0.8200000000000001, 0.76, 0.66, 0.63, 1.32, 2.825, 2.9050000000000002, 2.745, 2.69, 2.485, 3.745, 4.6000000000000005, 4.705, 4.465, 4.875, 5.0, 4.24, 4.21, 4.175, 3.305, 3.1950000000000003, 3.415, 1.6600000000000001, 1.6300000000000001, 1.68, 1.71, 0.29, 2.24, 0.41500000000000004, 3.9250000000000003, 2.14, 3.585, 0.155, 1.1300000000000001, 2.35, 3.0500000000000003, 1.845, 0.495, 1.455, 4.79, 2.585, 4.035, 4.375, 1.205, 3.83, 3.5, 0.075, 0], "R": [1, 1, 1, 1, 1, 1, 1, 1, 1, 1, 1, 1, 1, 1, 1, 1, 1, 1, 1, 1, 1, 1, 1, 1, 1, 1, 1, 1, 1, 0, 0, 0, 0, 0, 0, 0, 0, 0, 0, 0, 0, 0, 0, 0, 0, 0, 0, 0, 0, 0, 0, 0]}