{"RTG": [14, 13, 12, 11, 10, 9, 8, 7, 6, 5, 4, 3, 2, 1, 0, 0, 0, 0, 0, 0, 0, 0, 0, 0, 0, 0, 0, 0, 0, 0, 0, 0, 0, 0, 0, 0, 0, 0, 0, 0, 0, 0, 0, 0, 0, 0, 0, 0, 0, 0, 0, 0], "S": [0, 0.4215588852672501, 0.5519536381881391, 0.35893135363273554, -0.5681424030680832, 0.1642534074841468, -0.15546005114250563, 0.920655627807069, 1.1832205329391008, 1.1756294449900588, 0.1134268335735682, -0.08361090576424757, 2.356485375892664, 1.8238428669741287, 2.583789023717434, 2.6732740673741575, -1.4061401913825524, 0.7318721648963916, 0.47891439095336297, 0.7299093747335014, -0.26316966470052044, -0.7940973879101138, -0.1336677750241096, 1.10297997475711, -0.5689652042600516, 1.2287157098589727, -2.078054622311628, 1.555179369689812, -0.4354061667458947, 2.0286591678260097, -0.5441132825174866, 1.0093963694162764, 1.1602292902251623, 0.718905993062926, 0.7810947647226019, 1.1815012598688805, 0.8011459087892528, 1.2005038616307513, 0.38008632231324074, -0.7433870189333005, 1.1260754615276558, -0.28307668106601713, 1.2607647850267172, -0.1444384360798626, -1.0957773882808306, -0.1861306929802691, -0.8797078913319923, 0.8479373402835767, 1.2072785431808835, -0.7834705376033333, 0.8316743936656834, -0.5805195318260895], "A": [3.045, 2.98, 2.9050000000000002, 0.0, 0.86, 1.025, 0.705, 0.66, 0.62, 1.87, 2.09, 1.655, 1.625, 1.675, 1.7, 3.88, 4.735, 4.9, 4.5600000000000005, 4.385, 2.475, 3.44, 0.325, 0.20500000000000002, 0.43, 1.29, 4.155, 4.07, 4.235, 3.6350000000000002, 3.255, 2.695, 2.265, 5.0, 2.61, 4.6450000000000005, 3.335, 1.1400000000000001, 3.75, 2.185, 1.44, 2.785, 0.095, 1.975, 3.16, 2.365, 4.295, 0.51, 3.54, 4.82, 0.9400000000000001, 0], "R": [1, 1, 1, 1, 1, 1, 1, 1, 1, 1, 1, 1, 1, 1, 0, 0, 0, 0, 0, 0, 0, 0, 0, 0, 0, 0, 0, 0, 0, 0, 0, 0, 0, 0, 0, 0, 0, 0, 0, 0, 0, 0, 0, 0, 0, 0, 0, 0, 0, 0, 0, 0]}