{"RTG": [8, 7, 6, 5, 4, 3, 2, 1, 0, 0, 0, 0, 0, 0, 0, 0, 0, 0, 0, 0, 0, 0, 0, 0, 0, 0, 0, 0, 0, 0, 0, 0, 0, 0, 0, 0, 0, 0, 0, 0, 0, 0, 0, 0, 0, 0, 0, 0, 0, 0, 0, 0], "S": [0, 0.920655627807069, 1.1832205329391008, 1.1664614388095813, 1.2805352156985943, 1.2790399283068352, 0.06518168505993671, 0.7456394742923096, 2.583789023717434, 2.6732740673741575, 1.7290264375923594, 1.187614098414235, 1.3227683909951515, 0.3857365692963434, -1.0316810346736789, -0.1445968462172942, -0.6929902457178543, 0.7665022349198103, 0.7810947647226019, 0.7697164372501104, 0.5317048528935276, 0.7352255488802192, -0.7762990261304845, 0.38008632231324074, -0.17397932286250575, -0.6004221706752727, -2.2239717903468845, -0.5681424030680832, -1.0364517181494661, 1.0942090702771463, 1.9421985709844345, 0.8934834654088644, 0.5488342955281749, -0.8754740322537258, 0.5188737380858635, -0.06490318263147667, 0.7690116833676693, -0.25355152682405413, -0.3552532035130716, 2.1300292046727938, 0.27208023610146237, 1.1380356008066348, 1.1392762323358923, 0.7535780975912624, -0.2050297928400839, -1.3684260504266743, -0.44919934217062807, 1.050618440940789, 0.41543750807331425, 0.25207635626420094, 1.2167981233580216, 0.9978997859167429], "A": [0.705, 0.66, 0.615, 0.395, 0.355, 0.255, 1.565, 1.675, 1.7, 1.7850000000000001, 2.62, 2.75, 2.895, 2.455, 3.165, 3.995, 4.84, 5.0, 4.66, 4.49, 4.3, 3.56, 1.1400000000000001, 2.085, 0.965, 1.31, 0.0, 3.7800000000000002, 3.35, 4.175, 2.25, 3.025, 1.94, 4.115, 3.435, 4.75, 0.115, 2.33, 4.225, 0.845, 3.27, 2.685, 4.57, 1.445, 3.8850000000000002, 3.67, 2.17, 4.93, 1.07, 0.5, 2.82, 0], "R": [1, 1, 1, 1, 1, 1, 1, 1, 0, 0, 0, 0, 0, 0, 0, 0, 0, 0, 0, 0, 0, 0, 0, 0, 0, 0, 0, 0, 0, 0, 0, 0, 0, 0, 0, 0, 0, 0, 0, 0, 0, 0, 0, 0, 0, 0, 0, 0, 0, 0, 0, 0]}