{"RTG": [27, 26, 25, 24, 23, 22, 21, 20, 19, 18, 17, 16, 15, 14, 13, 12, 11, 10, 9, 8, 7, 6, 5, 4, 3, 2, 1, 0, 0, 0, 0, 0, 0, 0, 0, 0, 0, 0, 0, 0, 0, 0, 0, 0, 0, 0, 0, 0, 0, 0, 0, 0], "S": [0, -1.1310010417772167, -0.5681424030680832, 0.1642534074841468, -0.6092041357060602, 0.3680109104289028, 0.4949049722078865, 1.1832205329391008, 1.1914882796809394, -2.2383187886964397, 1.0814212867534516, 1.0245921516336474, -0.4345148689017537, 0.7957554899833702, 0.672534868209102, 0.8216524061744304, 0.623634391545786, 0.7810947647226019, -0.17456529408862, 0.17769761202432371, 1.1380356008066348, 1.260659837942881, 0.6858565367473983, 0.45867151981736537, 1.2766244561205646, 1.1485285121397457, 1.3006506431464921, 0.43020799552765826, 2.6730387989219673, 2.593288167724146, 2.1109965038009197, 0.6560959005237793, -0.47945674206180294, 1.4381036978079742, 1.2473233634412009, -0.4354061667458947, 2.1300292046727938, -1.1442504439522712, 0.02348309645291035, -0.5519999276125631, 0.42103107830772674, 0.23008588075507877, -0.984767779832423, -0.7799098430293636, 1.2198638448838093, -0.22095008144629988, -0.4757085314032074, 0.421746209599056, 0.5519536381881391, -1.054315683292044, 0.19826562714405405, -0.11355670144341846], "A": [3.91, 0.0, 0.86, 0.96, 0.8200000000000001, 0.76, 0.66, 0.63, 1.32, 2.1750000000000003, 2.235, 2.07, 4.76, 4.86, 4.63, 4.515, 5.0, 4.355, 3.0700000000000003, 3.27, 3.3200000000000003, 3.3850000000000002, 2.88, 2.73, 2.69, 2.775, 2.54, 1.695, 1.72, 1.6400000000000001, 0.29, 3.6550000000000002, 4.15, 0.41500000000000004, 4.07, 4.225, 2.395, 1.875, 0.155, 1.1300000000000001, 1.49, 3.775, 3.535, 0.495, 3.1550000000000002, 1.205, 4.94, 2.98, 1.965, 4.445, 0.075, 0], "R": [1, 1, 1, 1, 1, 1, 1, 1, 1, 1, 1, 1, 1, 1, 1, 1, 1, 1, 1, 1, 1, 1, 1, 1, 1, 1, 1, 0, 0, 0, 0, 0, 0, 0, 0, 0, 0, 0, 0, 0, 0, 0, 0, 0, 0, 0, 0, 0, 0, 0, 0, 0]}