{"RTG": [26, 25, 24, 23, 22, 21, 20, 19, 18, 17, 16, 15, 14, 13, 12, 11, 10, 9, 8, 7, 6, 5, 4, 3, 2, 1, 0, 0, 0, 0, 0, 0, 0, 0, 0, 0, 0, 0, 0, 0, 0, 0, 0, 0, 0, 0, 0, 0, 0, 0, 0, 0], "S": [0, 0.3954010906932002, -0.10563491063426701, 0.4035438731462402, -0.5681424030680832, -1.1212430247209308, 0.7500898340417048, 0.3857365692963434, 1.1302751163004074, 1.2829686885252671, 0.016953564100676687, -0.9311057892287455, 0.8531075124258279, 0.5209078855902575, 0.7360187314858049, 0.6369849008242138, -0.2695911284410121, 1.2167981233580216, 1.2192840698341836, 1.2417797507923742, 0.49295855336629363, 1.1199013749972255, 1.294516094678491, 0.8771817164369324, -0.6286623709632781, 0.8127354545276446, 2.539316846348272, 2.6730387989219673, 2.2787485889783183, -1.0370239909719803, 1.66510693211448, -0.18412100953310084, 2.084491255479688, -0.5109588790481822, 1.2009822841548368, -1.8922897778740722, 0.9147600389067359, 1.1260754615276558, 0.2992456858903939, 0.7810947647226019, 0.9985969048852414, 0.8399611402853264, -1.4056490068099121, -0.22043538557598594, -0.6404363206845495, 0.14424649044003368, 1.154923932830813, 0.1134268335735682, 0.8058072136235602, 0.18863804225015912, -1.5240886404133587, 0.09060725392395028], "A": [1.095, 1.03, 1.135, 0.0, 1.995, 2.845, 2.895, 2.805, 2.7800000000000002, 3.085, 3.93, 4.79, 4.89, 4.675, 4.5200000000000005, 4.38, 0.5, 0.45, 0.34500000000000003, 0.28, 0.5750000000000001, 0.385, 0.71, 3.49, 1.57, 1.67, 1.695, 1.75, 2.38, 4.16, 4.085, 4.23, 3.715, 3.2800000000000002, 1.36, 2.57, 2.185, 0.84, 5.0, 3.36, 2.255, 3.8200000000000003, 0.11, 3.61, 3.19, 2.645, 1.87, 4.595, 2.105, 1.2550000000000001, 1.47, 0], "R": [1, 1, 1, 1, 1, 1, 1, 1, 1, 1, 1, 1, 1, 1, 1, 1, 1, 1, 1, 1, 1, 1, 1, 1, 1, 1, 0, 0, 0, 0, 0, 0, 0, 0, 0, 0, 0, 0, 0, 0, 0, 0, 0, 0, 0, 0, 0, 0, 0, 0, 0, 0]}