{"RTG": [28, 27, 26, 25, 24, 23, 22, 21, 20, 19, 18, 17, 16, 15, 14, 13, 12, 11, 10, 9, 8, 7, 6, 5, 4, 3, 2, 1, 0, 0, 0, 0, 0, 0, 0, 0, 0, 0, 0, 0, 0, 0, 0, 0, 0, 0, 0, 0, 0, 0, 0, 0], "S": [0, -1.054315683292044, -0.5681424030680832, 0.1642534074841468, -0.6092041357060602, 0.3680109104289028, 0.4949049722078865, 1.1832205329391008, 1.1914882796809394, -2.2383187886964397, 1.0887396232185838, 0.5273213368525247, 1.3265893946558156, 1.1602292902251623, -0.37205149742952043, -0.5915936314210155, 0.7871845460010397, 0.7039863856329738, 0.19826562714405405, 0.672534868209102, 0.7333607073347894, 1.275078842405209, 1.0942090702771463, 0.8429601913364685, 0.6520050202483836, -0.7001124557070517, 2.1646963807230764, 1.8888071569415663, 2.356485375892664, 2.6462676611234475, 2.6246497070519292, 0.6560959005237793, 0.9421555065576516, 1.2473233634412009, 0.7486707964918938, -0.7840024552976274, 0.28265279438418606, -0.5519999276125631, 0.42103107830772674, -0.8169671187903633, -1.503718626120767, 0.2560876713757903, 0.8814861408638388, 1.2198638448838093, 0.8405098459569589, 1.1037847808441072, -0.526117465012331, -0.4757085314032074, 0.5674801530142803, -0.17456529408862, -0.5157422423457501, -0.2620302510306252], "A": [1.965, 0.0, 0.86, 0.96, 0.8200000000000001, 0.76, 0.66, 0.63, 1.32, 2.81, 2.87, 2.7600000000000002, 2.695, 2.5, 3.73, 4.585, 4.695, 4.445, 4.86, 4.995, 3.305, 3.35, 3.24, 4.12, 4.0, 4.22, 4.245, 1.655, 1.685, 1.715, 0.29, 2.245, 0.41500000000000004, 2.14, 3.5500000000000003, 3.06, 0.155, 1.1300000000000001, 2.36, 3.86, 1.495, 1.83, 0.495, 4.78, 2.59, 3.64, 1.205, 2.985, 4.355, 2.065, 3.45, 0], "R": [1, 1, 1, 1, 1, 1, 1, 1, 1, 1, 1, 1, 1, 1, 1, 1, 1, 1, 1, 1, 1, 1, 1, 1, 1, 1, 1, 1, 0, 0, 0, 0, 0, 0, 0, 0, 0, 0, 0, 0, 0, 0, 0, 0, 0, 0, 0, 0, 0, 0, 0, 0]}