{"RTG": [31, 30, 29, 28, 27, 26, 25, 24, 23, 22, 21, 20, 19, 18, 17, 16, 15, 14, 13, 12, 11, 10, 9, 8, 7, 6, 5, 4, 3, 2, 1, 0, 0, 0, 0, 0, 0, 0, 0, 0, 0, 0, 0, 0, 0, 0, 0, 0, 0, 0, 0, 0], "S": [0, 0.14978629205510915, -0.011464620116161107, 0.6612033019948327, 0.7652276639764811, 0.7096778610505728, 0.8531075124258279, 0.6977617291854273, 0.7866678583339837, -0.5574404173745552, 1.555179369689812, 1.7668558624147594, 1.9421985709844345, 2.0751036904311593, 2.186387029405289, -0.44919934217062807, -0.5681424030680832, 0.27208023610146237, 0.0866432673157289, 1.1971315791461121, 1.1935643644957392, 1.3014072903111207, 0.06518168505993671, -2.2362571854591744, 1.0814212867534516, 0.26116185121244917, -0.7349959441494497, 0.5674801530142803, -0.24866560631437654, 0.9496061264010378, 1.1326765301622912, 0.6137687486908822, 2.6462676611234475, 2.648718288939445, 1.4202812468229182, 0.30905408296601417, 0.783357385465521, 0.7810947647226019, -1.4376841077764138, -0.7740292084447152, 1.2450646428424186, 0.7008456084275234, -1.1684325326578182, -0.32750870905583246, 0.22387517807153576, 0.35893135363273554, 0.09060725392395028, 1.2218576619033426, -0.5973820916024358, -0.8275862870460531, 1.3153844260682281, 1.1701627407828141], "A": [4.44, 4.34, 4.53, 4.575, 4.69, 4.79, 4.855, 4.125, 4.0600000000000005, 4.155, 4.165, 4.175, 4.1850000000000005, 4.2, 3.67, 0.0, 0.845, 1.05, 0.635, 0.52, 0.37, 0.255, 1.315, 2.1750000000000003, 2.295, 2.05, 2.985, 3.15, 2.825, 2.68, 2.5500000000000003, 1.685, 1.71, 1.605, 3.41, 1.835, 5.0, 3.825, 3.5300000000000002, 3.29, 0.73, 2.435, 0.125, 1.16, 2.9050000000000002, 1.47, 0.44, 0.9450000000000001, 1.935, 2.745, 3.34, 0], "R": [1, 1, 1, 1, 1, 1, 1, 1, 1, 1, 1, 1, 1, 1, 1, 1, 1, 1, 1, 1, 1, 1, 1, 1, 1, 1, 1, 1, 1, 1, 1, 0, 0, 0, 0, 0, 0, 0, 0, 0, 0, 0, 0, 0, 0, 0, 0, 0, 0, 0, 0, 0]}