{"RTG": [1, 0, 0, 0, 0, 0, 0, 0, 0, 0, 0, 0, 0, 0, 0, 0, 0, 0, 0, 0, 0, 0, 0, 0, 0, 0, 0, 0, 0, 0, 0, 0, 0, 0, 0, 0, 0, 0, 0, 0, 0, 0, 0, 0, 0, 0, 0, 0, 0, 0, 0, 0], "S": [0, 2.510577190859736, 2.6732740673741575, 2.4252267062251835, -0.5681424030680832, 1.132872154906867, 1.2766244561205646, 0.49115730678697345, -1.186829352316274, -0.16817882155834474, -0.8865485997154794, 0.8478622810701648, 0.421746209599056, 0.8250163897131615, 0.290731299743892, 0.3680109104289028, 1.1756294449900588, 1.2228604805951775, 1.183550878322407, -0.5689652042600516, 0.040343652882350874, -0.6833665323328018, -2.201677621553729, -0.4345148689017537, 1.9631888737933478, 1.66510693211448, 1.2450646428424186, -0.5109588790481822, 0.22426911458075124, -0.4615336624388271, 1.05823352995558, 0.280033209144718, 0.8327877808682069, 0.8848719625808373, 0.5674801530142803, -0.5805195318260895, 0.27244383499665203, 1.2636906207954577, 1.133107637799685, 0.6951830673805045, 0.7810947647226019, 0.08706900542463383, -1.4056490068099121, -0.6048098286998949, -0.6404363206845495, 0.4304544603542519, 0.7016149151198066, -0.1444384360798626, 0.9242571415201947, -0.7568219640141731, 1.1737062158429918, 1.1686108490458247], "A": [1.73, 1.7, 1.6600000000000001, 0.0, 2.595, 2.73, 2.875, 2.43, 3.105, 3.935, 4.785, 4.94, 4.625, 4.455, 0.8200000000000001, 0.62, 0.485, 0.335, 0.20500000000000002, 1.045, 3.5, 1.305, 2.07, 4.24, 4.16, 3.29, 3.715, 4.325, 1.905, 2.23, 1.5, 0.715, 3.37, 2.985, 0.9400000000000001, 1.155, 0.405, 2.66, 4.545, 5.0, 2.305, 3.8200000000000003, 4.055, 3.61, 3.21, 4.715, 0.095, 2.1550000000000002, 1.415, 1.815, 2.8000000000000003, 0], "R": [1, 0, 0, 0, 0, 0, 0, 0, 0, 0, 0, 0, 0, 0, 0, 0, 0, 0, 0, 0, 0, 0, 0, 0, 0, 0, 0, 0, 0, 0, 0, 0, 0, 0, 0, 0, 0, 0, 0, 0, 0, 0, 0, 0, 0, 0, 0, 0, 0, 0, 0, 0]}