{"RTG": [24, 23, 22, 21, 20, 19, 18, 17, 16, 15, 14, 13, 12, 11, 10, 9, 8, 7, 6, 5, 4, 3, 2, 1, 0, 0, 0, 0, 0, 0, 0, 0, 0, 0, 0, 0, 0, 0, 0, 0, 0, 0, 0, 0, 0, 0, 0, 0, 0, 0, 0, 0], "S": [0, -0.6592004082044743, -0.5681424030680832, 0.1642534074841468, -0.6092041357060602, 0.3680109104289028, 0.4949049722078865, 1.1832205329391008, 1.1914882796809394, -2.2383187886964397, 1.0814212867534516, 1.0245921516336474, -0.4345148689017537, 0.19826562714405405, 0.8095437992284806, 0.7433692441740283, 0.4989637315144307, 2.1646963807230764, 2.124266822246258, 1.190400491309068, 0.35682762061356665, 1.2918036410372127, 1.1849486762474712, -0.7197448335686071, -0.28687307137208434, 2.6732740673741575, 2.583789023717434, 2.2787485889783183, 0.6560959005237793, -1.4664759182334537, 0.9985969048852414, 1.2473233634412009, 0.7810947647226019, -0.3764877984809053, 1.099627421136071, 0.3971961720618536, -0.5519999276125631, 0.42103107830772674, -0.3881858065598431, -0.7213855572269114, 0.9496061264010378, 0.6951830673805045, -0.5915936314210155, -0.7495170589353438, 1.2198638448838093, 0.5243572241097797, -0.5765074546122056, -0.28307668106601713, 0.8316743936656834, -0.11355670144341846, 0.8492731788192288, -0.7762351625212653], "A": [3.605, 0.0, 0.86, 0.96, 0.8200000000000001, 0.76, 0.66, 0.63, 1.32, 2.1750000000000003, 2.235, 2.07, 4.445, 4.64, 4.74, 4.8950000000000005, 4.22, 4.19, 4.28, 2.9250000000000003, 2.735, 2.625, 2.48, 3.1350000000000002, 1.7, 1.675, 1.75, 0.29, 3.87, 3.36, 0.41500000000000004, 5.0, 3.46, 3.265, 1.5250000000000001, 0.155, 1.1300000000000001, 1.9000000000000001, 4.03, 2.825, 4.545, 3.73, 2.355, 0.495, 3.0300000000000002, 1.21, 1.44, 4.82, 0.075, 2.565, 3.95, 0], "R": [1, 1, 1, 1, 1, 1, 1, 1, 1, 1, 1, 1, 1, 1, 1, 1, 1, 1, 1, 1, 1, 1, 1, 1, 0, 0, 0, 0, 0, 0, 0, 0, 0, 0, 0, 0, 0, 0, 0, 0, 0, 0, 0, 0, 0, 0, 0, 0, 0, 0, 0, 0]}