{"RTG": [6, 5, 4, 3, 2, 1, 0, 0, 0, 0, 0, 0, 0, 0, 0, 0, 0, 0, 0, 0, 0, 0, 0, 0, 0, 0, 0, 0, 0, 0, 0, 0, 0, 0, 0, 0, 0, 0, 0, 0, 0, 0, 0, 0, 0, 0, 0, 0, 0, 0, 0, 0], "S": [0, 1.723220249425911, 1.04671108121588, 2.1109965038009197, 2.2807160561275923, 2.4252267062251835, 2.539316846348272, 2.6462676611234475, -0.5681424030680832, 1.1712103381729184, 1.2918036410372127, 0.4301388341903039, -1.143759296187581, -0.27455451950087434, -0.7260747810041374, 0.8494306260888944, 0.5073931917166381, 0.8011459087892528, 0.4462543804591722, 1.3027192822091056, 1.7668558624147594, 0.5210538878624557, 1.1199013749972255, 1.2247109249108254, 0.6560959005237793, -0.611716481250362, -0.7657231146818407, -0.35007698439985496, -0.6800648534759454, -0.661659592454025, 1.2704887200104722, 0.9858819527773454, -0.5807826452226514, 0.5392684839855656, -0.08326043425258514, -0.7758314779013478, 0.5891517867554916, 1.1832205329391008, -2.094189764657218, 0.37368707232447523, 0.7216939239772742, 1.127721295153221, -1.5157966450157259, 1.050618440940789, 2.1880040451103517, 0.7801908353249076, -0.526117465012331, 1.2978622792095647, 0.7181670574127406, 0.2045054376024882, 0.4989637315144307, -0.3552532035130716], "A": [1.62, 1.585, 1.6400000000000001, 1.6500000000000001, 1.6600000000000001, 1.67, 1.685, 0.0, 2.605, 2.735, 2.8850000000000002, 2.44, 3.125, 3.96, 4.8100000000000005, 4.965, 4.6450000000000005, 4.4750000000000005, 4.275, 4.165, 0.755, 0.5750000000000001, 0.435, 0.29, 0.9550000000000001, 3.525, 2.075, 1.215, 3.74, 3.315, 2.24, 0.16, 3.395, 4.09, 1.93, 2.995, 0.66, 1.345, 1.09, 4.73, 2.67, 3.85, 2.17, 4.215, 3.235, 3.64, 0.365, 4.555, 0.855, 4.8950000000000005, 2.33, 0], "R": [1, 1, 1, 1, 1, 1, 0, 0, 0, 0, 0, 0, 0, 0, 0, 0, 0, 0, 0, 0, 0, 0, 0, 0, 0, 0, 0, 0, 0, 0, 0, 0, 0, 0, 0, 0, 0, 0, 0, 0, 0, 0, 0, 0, 0, 0, 0, 0, 0, 0, 0, 0]}