{"RTG": [9, 8, 7, 6, 5, 4, 3, 2, 1, 0, 0, 0, 0, 0, 0, 0, 0, 0, 0, 0, 0, 0, 0, 0, 0, 0, 0, 0, 0, 0, 0, 0, 0, 0, 0, 0, 0, 0, 0, 0, 0, 0, 0, 0, 0, 0, 0, 0, 0, 0, 0, 0], "S": [0, 0.7456394742923096, 0.3476295436147299, 1.3220304032576353, 1.723220249425911, 1.9226645203488157, 2.1109965038009197, 2.2807160561275923, 2.4252267062251835, 2.6194882783227276, 2.6730387989219673, -0.5681424030680832, 1.154923932830813, 1.3006506431464921, 0.35682762061356665, -0.7197448335686071, 0.2847659930484283, 0.2318331862051065, -0.5091648528801574, 0.5317048528935276, 0.7468985423979649, 0.7665022349198103, 0.7810947647226019, 0.8479373402835767, 1.0554799424175512, -0.68423059871148, 0.8327877808682069, 1.128847864961221, 1.2552709899027514, 0.3223835114148992, -0.14312843906774736, 1.050618440940789, 0.4268874504834266, 0.438911988125878, -0.7349959441494497, 0.23093654685116718, -1.2849974428615545, -1.0006152363742993, -0.2543664896025655, -0.4457386208748614, -0.7548756490013011, 1.2752776432954898, -0.24919191085202425, 2.199560797986056, 1.2228604805951775, 0.7824357235715943, 1.2066195172364638, 0.4014163575618112, 0.41543750807331425, 0.7765038309941795, -0.9899543682703261, -0.8275862870460531], "A": [1.565, 1.5150000000000001, 1.6, 1.62, 1.6300000000000001, 1.6400000000000001, 1.6500000000000001, 1.6600000000000001, 1.68, 1.695, 0.0, 2.645, 2.775, 2.9250000000000003, 2.48, 3.2, 3.415, 3.645, 4.49, 4.67, 4.84, 5.0, 4.295, 4.135, 3.985, 0.715, 0.56, 0.41000000000000003, 0.27, 0.89, 2.17, 2.285, 1.12, 2.05, 3.065, 3.805, 1.23, 1.0150000000000001, 0.14, 3.52, 3.31, 4.39, 4.21, 0.485, 4.755, 2.71, 0.795, 4.93, 4.58, 2.375, 1.935, 0], "R": [1, 1, 1, 1, 1, 1, 1, 1, 1, 0, 0, 0, 0, 0, 0, 0, 0, 0, 0, 0, 0, 0, 0, 0, 0, 0, 0, 0, 0, 0, 0, 0, 0, 0, 0, 0, 0, 0, 0, 0, 0, 0, 0, 0, 0, 0, 0, 0, 0, 0, 0, 0]}