{"RTG": [26, 25, 24, 23, 22, 21, 20, 19, 18, 17, 16, 15, 14, 13, 12, 11, 10, 9, 8, 7, 6, 5, 4, 3, 2, 1, 0, 0, 0, 0, 0, 0, 0, 0, 0, 0, 0, 0, 0, 0, 0, 0, 0, 0, 0, 0, 0, 0, 0, 0, 0, 0], "S": [0, 0.35049370059763607, 0.28719849522687874, -1.320838392830492, 0.43977288007454873, 0.4014163575618112, 0.8327877808682069, 1.1514880559381484, 1.1971315791461121, 0.4485587152594895, 0.718905993062926, -1.0785053980520602, 1.1490434588248564, 0.9578542139492628, 1.2256976844807996, 0.6858565367473983, 1.2699450427223564, 1.7165118520294746, 0.9620205374516724, 2.0286591678260097, 2.1880040451103517, 0.826452834105411, 0.8085877969105064, 0.41543750807331425, -0.5681424030680832, 0.7997946265823738, 1.1740795034056069, 2.6732740673741575, 2.5551020877188306, 2.356485375892664, -1.0364517181494661, 0.8758965088053228, 0.5950547331054502, -0.6430356987022964, 1.240122479297734, 1.1037847808441072, -0.5980416703876035, -0.6958626735149382, 0.5928665680352182, -0.6772614302070163, 0.16883208745421255, 0.7810947647226019, -0.45340702261723914, -0.08257389710244357, -0.17560713225483768, 0.35130374988897833, 1.2167981233580216, 0.7039863856329738, -1.1958523683721816, -0.3605851279422107, -1.0615730161681003, -1.4664759182334537], "A": [1.145, 1.075, 1.245, 1.115, 0.795, 0.715, 0.67, 0.635, 2.12, 2.265, 2.3850000000000002, 2.205, 3.25, 3.33, 3.3850000000000002, 3.3000000000000003, 4.255, 4.29, 4.235, 4.215, 4.62, 4.765, 4.93, 0.0, 2.84, 2.7, 1.7, 1.725, 1.655, 3.7800000000000002, 0.305, 3.005, 0.185, 0.42, 2.59, 1.915, 3.97, 4.505, 3.6, 1.48, 5.0, 0.92, 3.095, 2.5100000000000002, 2.92, 0.5, 4.695, 1.395, 4.075, 2.015, 3.87, 0], "R": [1, 1, 1, 1, 1, 1, 1, 1, 1, 1, 1, 1, 1, 1, 1, 1, 1, 1, 1, 1, 1, 1, 1, 1, 1, 1, 0, 0, 0, 0, 0, 0, 0, 0, 0, 0, 0, 0, 0, 0, 0, 0, 0, 0, 0, 0, 0, 0, 0, 0, 0, 0]}