{"RTG": [0, 0, 0, 0, 0, 0, 0, 0, 0, 0, 0, 0, 0, 0, 0, 0, 0, 0, 0, 0, 0, 0, 0, 0, 0, 0, 0, 0, 0, 0, 0, 0, 0, 0, 0, 0, 0, 0, 0, 0, 0, 0, 0, 0, 0, 0, 0, 0, 0, 0, 0, 0], "S": [0, 2.6246497070519292, 2.6640935024130794, 1.723220249425911, -1.0269167683512421, -0.5681424030680832, 1.0887396232185838, 0.4109152650008146, 1.129227959703775, -0.17560713225483768, 0.2847659930484283, 0.2318331862051065, -0.5091648528801574, 0.5317048528935276, 0.7468985423979649, 0.7665022349198103, 0.7810947647226019, 0.8479373402835767, 1.0554799424175512, -0.68423059871148, 0.3905628121415768, 1.14814577970639, 1.2217589136693932, 1.0542425639738024, -0.20518968612651028, -2.1283174002063725, 0.8934834654088644, -0.6356053352110442, 0.7486707964918938, -1.2849974428615545, 0.12372982621026657, -0.8797078913319923, 0.9625550854276712, 0.04365670661903363, -0.7657231146818407, 1.2752776432954898, -0.24919191085202425, 2.199560797986056, 0.4035438731462402, 1.2805352156985943, 0.7824357235715943, 1.0768972333907842, 1.2918036410372127, -0.36042160659606265, 0.41543750807331425, 0.7765038309941795, -0.11803058692131012, -0.593214709912086, -1.2326682407776417, 1.0675806827655183, -1.3062435570172963, 1.158880316031669], "A": [1.715, 1.69, 1.62, 1.96, 0.0, 2.81, 2.945, 2.665, 2.5100000000000002, 3.2, 3.415, 3.645, 4.49, 4.67, 4.84, 5.0, 4.295, 4.135, 3.985, 0.805, 0.605, 0.47000000000000003, 0.32, 1.02, 1.295, 2.25, 0.19, 2.14, 3.805, 3.075, 2.365, 0.7000000000000001, 1.465, 3.525, 3.31, 4.39, 4.21, 1.135, 0.395, 4.755, 1.82, 2.735, 0.91, 4.93, 4.58, 0.085, 2.06, 3.9, 2.585, 1.3900000000000001, 0.54, 0], "R": [0, 0, 0, 0, 0, 0, 0, 0, 0, 0, 0, 0, 0, 0, 0, 0, 0, 0, 0, 0, 0, 0, 0, 0, 0, 0, 0, 0, 0, 0, 0, 0, 0, 0, 0, 0, 0, 0, 0, 0, 0, 0, 0, 0, 0, 0, 0, 0, 0, 0, 0, 0]}