{"RTG": [29, 28, 27, 26, 25, 24, 23, 22, 21, 20, 19, 18, 17, 16, 15, 14, 13, 12, 11, 10, 9, 8, 7, 6, 5, 4, 3, 2, 1, 0, 0, 0, 0, 0, 0, 0, 0, 0, 0, 0, 0, 0, 0, 0, 0, 0, 0, 0, 0, 0, 0, 0], "S": [0, 0.280033209144718, -0.6527118419102764, 0.4256092218561636, -0.5681424030680832, -1.186524735350794, 1.1380356008066348, 1.2752776432954898, 0.9438680768787604, 2.1646963807230764, 1.8063011458935552, 2.1614265129414165, 0.7810947647226019, 0.6977617291854273, 0.7259718516629005, 0.9625550854276712, 1.1211829717379291, 1.2287157098589727, 0.8758965088053228, 0.2045054376024882, -1.0773133856651251, 0.849990625769365, 0.5143621100491487, 1.1485285121397457, -0.8348946779313645, 0.6951830673805045, 0.348248328649486, 1.1037847808441072, 2.2787485889783183, 2.5551020877188306, 2.6732740673741575, 1.1400171087098125, -0.6238152741688394, -0.7486598192425545, -0.7506979107943184, -0.1275144827788334, -0.4757085314032074, -0.5651519821379951, 0.27750730430012266, 0.14978629205510915, 0.5054056779022843, 0.8205579041063652, -0.5010243947417435, 1.2167981233580216, -1.5157966450157259, 0.4379251455547883, -0.074182758754499, -0.4672195710409025, 0.2053593529541412, 0.421746209599056, 0.37011310999987346, -0.11299887448909537], "A": [1.5, 1.42, 1.53, 0.0, 2.4050000000000002, 3.27, 3.31, 3.365, 4.22, 4.25, 4.195, 5.0, 4.855, 4.68, 0.7000000000000001, 0.5700000000000001, 0.43, 0.305, 0.855, 1.97, 2.835, 2.97, 2.69, 3.7600000000000002, 4.545, 1.085, 2.59, 1.75, 1.725, 1.7, 2.19, 0.17, 3.955, 3.575, 3.1, 1.205, 0.975, 2.11, 4.44, 2.2800000000000002, 4.7700000000000005, 4.065, 0.5, 3.85, 0.775, 2.515, 3.66, 1.865, 4.94, 2.9, 0.08, 0], "R": [1, 1, 1, 1, 1, 1, 1, 1, 1, 1, 1, 1, 1, 1, 1, 1, 1, 1, 1, 1, 1, 1, 1, 1, 1, 1, 1, 1, 1, 0, 0, 0, 0, 0, 0, 0, 0, 0, 0, 0, 0, 0, 0, 0, 0, 0, 0, 0, 0, 0, 0, 0]}