{"RTG": [23, 22, 21, 20, 19, 18, 17, 16, 15, 14, 13, 12, 11, 10, 9, 8, 7, 6, 5, 4, 3, 2, 1, 0, 0, 0, 0, 0, 0, 0, 0, 0, 0, 0, 0, 0, 0, 0, 0, 0, 0, 0, 0, 0, 0, 0, 0, 0, 0, 0, 0, 0], "S": [0, -1.7985319445633705, -0.5681424030680832, 0.8124124524666402, 1.1484487020849217, 1.0245921516336474, -0.20383592218805494, -0.7762351625212653, 0.8542846964258753, 0.5209078855902575, 0.7002211277137405, 0.6494093557430308, -0.2009931560051553, 1.184145623379665, 1.1694360114222457, 1.176806974670785, 1.219837753571638, 1.294516094678491, 1.0000009442743154, 0.40772630398627313, 1.1740795034056069, 1.3265893946558156, 0.9978997859167429, -0.7413584525528033, 2.665056914615652, 2.6194882783227276, 1.9816540052700344, 0.37144358779605585, -0.46555971502504534, -0.30250143554770165, 2.014262628658444, 0.5188737380858635, 1.9631888737933478, -0.7011682182012821, 1.2699450427223564, -0.8754740322537258, -0.5193532046837243, 0.7554559803553068, 0.7810947647226019, 0.5143621100491487, 0.4327458304589763, -1.0370239909719803, -0.8641358306892514, -0.5441132825174866, 0.5033711967483209, 0.8192364636416227, -0.2548394412801817, -1.5157966450157259, 1.132872154906867, 1.6217806950522773, -0.9092916740966068, -0.11967095207937627], "A": [1.27, 0.0, 2.145, 2.195, 2.235, 3.11, 3.95, 4.805, 4.89, 4.7, 4.525, 4.4, 0.625, 0.665, 0.53, 0.46, 0.385, 0.315, 0.79, 2.7, 2.7600000000000002, 2.82, 3.515, 1.705, 1.68, 1.77, 1.52, 2.495, 1.01, 4.18, 4.115, 4.24, 3.745, 3.3000000000000003, 1.94, 0.15, 3.38, 5.0, 2.97, 1.125, 2.38, 1.41, 3.6350000000000002, 3.215, 4.605, 0.9, 3.85, 2.595, 1.615, 2.035, 0.07, 0], "R": [1, 1, 1, 1, 1, 1, 1, 1, 1, 1, 1, 1, 1, 1, 1, 1, 1, 1, 1, 1, 1, 1, 1, 0, 0, 0, 0, 0, 0, 0, 0, 0, 0, 0, 0, 0, 0, 0, 0, 0, 0, 0, 0, 0, 0, 0, 0, 0, 0, 0, 0, 0]}