{"RTG": [0, 0, 0, 0, 0, 0, 0, 0, 0, 0, 0, 0, 0, 0, 0, 0, 0, 0, 0, 0, 0, 0, 0, 0, 0, 0, 0, 0, 0, 0, 0, 0, 0, 0, 0, 0, 0, 0, 0, 0, 0, 0, 0, 0, 0, 0, 0, 0, 0, 0, 0, 0], "S": [0, 2.6462676611234475, 2.4252267062251835, 2.6246497070519292, -0.5681424030680832, 1.024040463667378, 1.2423047404347072, 0.5668338030505861, -1.1987220633160474, 0.06986426174581307, 0.8848719625808373, -0.7548756490013011, 0.9578542139492628, -0.2679591565011226, 0.377304667011703, 1.1664614388095813, 1.2230482233664581, 1.1460939208731853, -0.598610461628525, -0.05613805381416219, 0.7810947647226019, 0.7665022349198103, 0.7582537177375791, -0.7085119626694121, -0.7349959441494497, -2.1696699967840307, 2.014262628658444, 0.6520050202483836, 1.9631888737933478, -0.8835498934886132, 0.6951830673805045, 0.02348309645291035, 1.1101488684181469, 0.8771817164369324, 0.20124723393830407, 0.5143621100491487, -0.5281913749203656, 0.3146398464699526, 1.2722439051238437, 1.1464646165049321, 0.42396904460622875, -0.5091648528801574, 0.9242571415201947, 0.7690116833676693, -1.4664759182334537, -0.1285737335390223, -0.043400782201073435, 0.08706900542463383, 0.41171617023787066, -0.9737435211646027, 1.640461454575373, 1.2341595925880817], "A": [1.685, 1.6600000000000001, 1.715, 0.0, 2.58, 2.72, 2.865, 2.41, 3.08, 3.37, 3.52, 3.25, 4.375, 0.8150000000000001, 0.615, 0.48, 0.33, 0.2, 1.035, 5.0, 4.84, 4.665, 3.9650000000000003, 2.05, 1.3, 4.18, 4.12, 4.24, 3.765, 4.545, 1.875, 2.22, 0.71, 1.485, 2.97, 0.93, 1.1500000000000001, 0.4, 2.65, 4.92, 3.645, 2.1550000000000002, 4.75, 3.87, 0.09, 3.1750000000000003, 2.305, 4.47, 1.405, 1.79, 2.79, 0], "R": [0, 0, 0, 0, 0, 0, 0, 0, 0, 0, 0, 0, 0, 0, 0, 0, 0, 0, 0, 0, 0, 0, 0, 0, 0, 0, 0, 0, 0, 0, 0, 0, 0, 0, 0, 0, 0, 0, 0, 0, 0, 0, 0, 0, 0, 0, 0, 0, 0, 0, 0, 0]}