{"RTG": [10, 9, 8, 7, 6, 5, 4, 3, 2, 1, 0, 0, 0, 0, 0, 0, 0, 0, 0, 0, 0, 0, 0, 0, 0, 0, 0, 0, 0, 0, 0, 0, 0, 0, 0, 0, 0, 0, 0, 0, 0, 0, 0, 0, 0, 0, 0, 0, 0, 0, 0, 0], "S": [0, 1.2287157098589727, 1.2881202542280985, 1.0000009442743154, 1.1228239058413378, 1.1694360114222457, 0.47240745786319704, -0.11803058692131012, 1.5204906701516285, 2.198622511720558, 2.486335711065681, 2.6462676611234475, -2.201677621553729, 0.9147600389067359, 1.2423047404347072, 0.609313522152387, -1.1442504439522712, 0.12372982621026657, 1.2005038616307513, -0.428093934136053, 0.7143651627474831, 0.3165938873653324, 0.6612033019948327, 0.7002211277137405, 0.5690923241108877, 0.14065031128985822, -1.5129641137469552, -0.7985100098253909, -0.34907795486734916, 0.7810947647226019, -0.47945674206180294, 0.1134268335735682, 1.1283506934188439, 0.05135519972342358, 2.1990799042829505, 0.4035438731462402, -0.5681424030680832, 0.49351587614176184, 1.154923932830813, -0.6208283504421773, 0.8478622810701648, -0.08708410671312418, 0.8710105674086935, -0.2050297928400839, -0.6878780468282619, -0.7695552481135107, 1.9631888737933478, 0.8259366669938637, 0.26116185121244917, 2.060748031034219, -0.7433870189333005, -0.4757085314032074], "A": [0.43, 0.39, 0.315, 0.585, 0.665, 0.765, 0.085, 1.61, 1.645, 1.665, 1.685, 1.305, 2.57, 2.72, 2.86, 2.395, 3.075, 3.335, 3.465, 3.23, 4.32, 4.53, 4.7, 4.88, 4.1, 3.855, 2.045, 1.0050000000000001, 5.0, 3.6550000000000002, 1.87, 2.215, 4.43, 4.205, 1.135, 0.0, 2.965, 2.645, 0.195, 4.785, 0.885, 2.15, 1.445, 3.975, 3.565, 4.24, 4.615, 2.295, 1.7650000000000001, 3.75, 1.205, 0], "R": [1, 1, 1, 1, 1, 1, 1, 1, 1, 1, 0, 0, 0, 0, 0, 0, 0, 0, 0, 0, 0, 0, 0, 0, 0, 0, 0, 0, 0, 0, 0, 0, 0, 0, 0, 0, 0, 0, 0, 0, 0, 0, 0, 0, 0, 0, 0, 0, 0, 0, 0, 0]}