{"RTG": [27, 26, 25, 24, 23, 22, 21, 20, 19, 18, 17, 16, 15, 14, 13, 12, 11, 10, 9, 8, 7, 6, 5, 4, 3, 2, 1, 0, 0, 0, 0, 0, 0, 0, 0, 0, 0, 0, 0, 0, 0, 0, 0, 0, 0, 0, 0, 0, 0, 0, 0, 0], "S": [0, 1.1101488684181469, 1.1065611909486615, -0.18008420118012206, -0.5681424030680832, 0.2045054376024882, 0.040343652882350874, 1.1694360114222457, 1.184145623379665, 1.176806974670785, 1.219837753571638, 1.294516094678491, 1.0542425639738024, -2.201677621553729, -0.1445968462172942, -0.6841722909757619, 0.8494306260888944, 0.44580020575484075, 0.7039863856329738, 0.6494093557430308, -0.24919191085202425, 1.3006506431464921, 1.0444516324076214, 1.2918036410372127, -0.7840024552976274, 2.2787485889783183, 1.8155548068888594, 2.510577190859736, 2.648718288939445, 0.5781725177034593, -0.8835498934886132, 2.0751036904311593, 0.9215906391411742, 1.8888071569415663, 1.1347072427156868, 0.5241625713457142, -1.1026558432093951, 0.591106254339909, -0.5519999276125631, 0.08002013972113022, 0.7810947647226019, 0.27244383499665203, -1.0316810346736789, 1.099627421136071, -1.4664759182334537, 0.8192364636416227, -0.4672195710409025, -0.28307668106601713, 0.4534819021847498, 1.1849486762474712, -0.611716481250362, 0.39342310011908804], "A": [2.22, 2.18, 2.32, 0.0, 0.855, 1.045, 0.665, 0.625, 0.53, 0.46, 0.385, 0.32, 1.305, 3.165, 3.98, 4.8100000000000005, 4.91, 4.695, 4.525, 4.39, 2.775, 2.815, 2.735, 3.5500000000000003, 1.75, 1.78, 1.73, 1.71, 1.55, 3.765, 4.1850000000000005, 4.13, 4.245, 3.345, 2.545, 2.005, 3.0100000000000002, 0.155, 3.4250000000000003, 5.0, 1.155, 2.455, 3.265, 3.87, 4.605, 3.66, 1.44, 0.77, 2.625, 0.9550000000000001, 2.94, 0], "R": [1, 1, 1, 1, 1, 1, 1, 1, 1, 1, 1, 1, 1, 1, 1, 1, 1, 1, 1, 1, 1, 1, 1, 1, 1, 1, 1, 0, 0, 0, 0, 0, 0, 0, 0, 0, 0, 0, 0, 0, 0, 0, 0, 0, 0, 0, 0, 0, 0, 0, 0, 0]}