{"RTG": [10, 9, 8, 7, 6, 5, 4, 3, 2, 1, 0, 0, 0, 0, 0, 0, 0, 0, 0, 0, 0, 0, 0, 0, 0, 0, 0, 0, 0, 0, 0, 0, 0, 0, 0, 0, 0, 0, 0, 0, 0, 0, 0, 0, 0, 0, 0, 0, 0, 0, 0, 0], "S": [0, 0.408254220927261, -0.5320126392908179, 0.8066810032092551, 1.0542425639738024, 1.2154017406227207, 1.2008932538035024, 1.1199013749972255, 0.7881508443671758, 0.27208023610146237, 2.539316846348272, 2.6732740673741575, 2.3438345106132012, 1.1712103381729184, 1.2918036410372127, 0.4301388341903039, -1.143759296187581, -0.27455451950087434, -0.7260747810041374, 0.8494306260888944, 0.5073931917166381, 0.8011459087892528, 0.41171617023787066, 1.5186593645993924, 1.7668558624147594, -0.785730101527414, -0.7740292084447152, -0.26302149708902195, -0.06805584798382577, -0.5681424030680832, 1.2704887200104722, -0.7011682182012821, -0.20518968612651028, 0.9858819527773454, -0.5980416703876035, 0.5392684839855656, -0.21130216392220635, 0.5891517867554916, 0.7299093747335014, -2.094189764657218, 0.6842214616603056, -0.2767185250323555, 1.127721295153221, 0.438911988125878, 1.0814212867534516, -1.5157966450157259, 0.7801908353249076, -0.526117465012331, 0.5444024669777516, -0.44017286079018214, 0.7216939239772742, 2.199560797986056], "A": [0.275, 0.21, 0.3, 0.32, 0.34, 0.515, 0.5750000000000001, 0.72, 0.845, 1.67, 1.7, 1.745, 2.605, 2.735, 2.8850000000000002, 2.44, 3.125, 3.96, 4.8100000000000005, 4.965, 4.6450000000000005, 4.47, 4.265, 4.165, 1.22, 3.5300000000000002, 2.08, 1.455, 0.0, 3.315, 3.745, 1.02, 2.24, 1.915, 3.395, 4.36, 2.995, 4.5600000000000005, 1.345, 1.56, 4.08, 2.67, 1.12, 2.1750000000000003, 3.85, 3.235, 3.64, 4.885, 2.335, 4.73, 4.21, 0], "R": [1, 1, 1, 1, 1, 1, 1, 1, 1, 1, 0, 0, 0, 0, 0, 0, 0, 0, 0, 0, 0, 0, 0, 0, 0, 0, 0, 0, 0, 0, 0, 0, 0, 0, 0, 0, 0, 0, 0, 0, 0, 0, 0, 0, 0, 0, 0, 0, 0, 0, 0, 0]}