{"RTG": [10, 9, 8, 7, 6, 5, 4, 3, 2, 1, 0, 0, 0, 0, 0, 0, 0, 0, 0, 0, 0, 0, 0, 0, 0, 0, 0, 0, 0, 0, 0, 0, 0, 0, 0, 0, 0, 0, 0, 0, 0, 0, 0, 0, 0, 0, 0, 0, 0, 0, 0, 0], "S": [0, -0.4438624640970557, -0.5681424030680832, 0.2045054376024882, -0.5973820916024358, 0.377304667011703, 1.3644503580708482, 0.587534579924061, 1.7290264375923594, 1.9816540052700344, 2.593288167724146, 2.6730387989219673, 0.5804748080628606, -1.0754068804073755, 0.6800540626825456, 0.623634391545786, 0.7096778610505728, 0.6466991670257178, 0.13840231823318014, 0.17769761202432371, 1.2699450427223564, 0.15531055956049092, -0.6048098286998949, 1.2473233634412009, 1.158880316031669, 0.2360780316584261, 0.9978997859167429, 1.1485285121397457, -2.078054622311628, 0.7810947647226019, 0.2847659930484283, -1.503718626120767, 0.39342310011908804, 1.1988872073150763, 2.186387029405289, 0.09060725392395028, -0.4064917918700017, 1.132872154906867, 0.438911988125878, 1.66510693211448, 0.8132786627774347, -0.7811408998812415, -0.7985100098253909, 0.8478622810701648, 1.2628973292464318, 1.1413307041700922, -0.8835498934886132, -0.19572881840451012, 1.8063011458935552, 0.6284470719106436, 1.3266242924078386, 0.8327877808682069], "A": [3.6750000000000003, 0.0, 0.855, 0.9450000000000001, 0.8150000000000001, 1.805, 1.845, 1.7850000000000001, 1.77, 1.72, 1.695, 2.275, 2.45, 2.1350000000000002, 4.515, 4.69, 4.865, 4.33, 3.0700000000000003, 3.3000000000000003, 3.42, 4.055, 0.41500000000000004, 0.54, 0.265, 2.82, 2.69, 1.29, 5.0, 3.2, 3.86, 2.94, 0.65, 4.2, 1.47, 0.135, 2.595, 1.12, 4.16, 4.6000000000000005, 3.555, 2.045, 4.785, 0.35000000000000003, 2.21, 3.765, 1.19, 4.25, 1.555, 2.755, 0.715, 0], "R": [1, 1, 1, 1, 1, 1, 1, 1, 1, 1, 0, 0, 0, 0, 0, 0, 0, 0, 0, 0, 0, 0, 0, 0, 0, 0, 0, 0, 0, 0, 0, 0, 0, 0, 0, 0, 0, 0, 0, 0, 0, 0, 0, 0, 0, 0, 0, 0, 0, 0, 0, 0]}