{"RTG": [16, 15, 14, 13, 12, 11, 10, 9, 8, 7, 6, 5, 4, 3, 2, 1, 0, 0, 0, 0, 0, 0, 0, 0, 0, 0, 0, 0, 0, 0, 0, 0, 0, 0, 0, 0, 0, 0, 0, 0, 0, 0, 0, 0, 0, 0, 0, 0, 0, 0, 0, 0], "S": [0, 0.9438680768787604, 1.260659837942881, 1.2009822841548368, -0.5681424030680832, 0.2045054376024882, 0.0866432673157289, 1.1929647133334638, 1.14814577970639, 1.2226063038826296, 1.2473233634412009, 1.10297997475711, 0.7439499693117351, -0.3799924249980656, 0.3941168188128473, -1.0849883657686858, 2.510577190859736, 2.665056914615652, 2.4252267062251835, 2.084491255479688, 0.624834862100612, 1.66510693211448, 0.7810947647226019, 0.7665022349198103, 0.7582537177375791, 1.1637413930916065, 1.313771510494162, 0.3496659885000683, -0.7940973879101138, -0.8835498934886132, -2.2239717903468845, 0.9421555065576516, 0.6726275675323473, 0.12372982621026657, -0.7260747810041374, -0.7387734467982239, 0.280033209144718, -0.44017286079018214, 0.9242571415201947, 0.27244383499665203, 0.42396904460622875, 0.19826562714405405, 1.189694727779941, 0.7690116833676693, -0.6077964200381839, -0.1444384360798626, -1.488154407535072, -0.1445968462172942, -0.5010243947417435, -0.44919934217062807, -0.6527118419102764, 0.7769529835142928], "A": [3.365, 3.3200000000000003, 3.2800000000000002, 0.0, 0.855, 1.05, 0.655, 0.605, 0.47500000000000003, 0.41500000000000004, 0.325, 0.725, 0.225, 1.855, 2.0100000000000002, 1.73, 1.705, 1.6600000000000001, 4.23, 4.305, 4.16, 5.0, 4.84, 4.665, 2.64, 2.77, 2.915, 2.475, 3.765, 1.31, 2.245, 4.535, 3.075, 3.96, 3.58, 1.5, 2.335, 2.1550000000000002, 1.155, 4.92, 4.445, 2.705, 4.75, 0.9500000000000001, 0.095, 3.865, 3.165, 4.065, 3.67, 1.42, 2.56, 0], "R": [1, 1, 1, 1, 1, 1, 1, 1, 1, 1, 1, 1, 1, 1, 1, 1, 0, 0, 0, 0, 0, 0, 0, 0, 0, 0, 0, 0, 0, 0, 0, 0, 0, 0, 0, 0, 0, 0, 0, 0, 0, 0, 0, 0, 0, 0, 0, 0, 0, 0, 0, 0]}