{"RTG": [2, 1, 0, 0, 0, 0, 0, 0, 0, 0, 0, 0, 0, 0, 0, 0, 0, 0, 0, 0, 0, 0, 0, 0, 0, 0, 0, 0, 0, 0, 0, 0, 0, 0, 0, 0, 0, 0, 0, 0, 0, 0, 0, 0, 0, 0, 0, 0, 0, 0, 0, 0], "S": [0, 2.583789023717434, 2.198622511720558, 2.6732740673741575, -0.7758314779013478, -0.5681424030680832, 1.2829686885252671, 0.35893135363273554, 1.1464646165049321, -0.7197448335686071, -0.5915936314210155, 0.7652276639764811, 0.7318721648963916, -0.2009931560051553, 0.42396904460622875, 0.384592971877546, 1.1571444090289609, 1.2226063038826296, 1.10297997475711, -0.15546005114250563, 1.2599255689740672, -0.0968313948440262, 0.2318331862051065, -0.3605851279422107, -2.1283174002063725, -0.6208283504421773, 1.1490434588248564, 0.18863804225015912, -0.0017655707758112728, -1.182399402186969, 2.0286591678260097, -0.7506979107943184, 2.0751036904311593, 0.920655627807069, 0.7810947647226019, 0.09060725392395028, 0.5243572241097797, 0.38008632231324074, 1.2722439051238437, 0.780918615055049, 1.550053509588688, 1.2243412031117622, -0.4088659150438583, 0.8188852879171115, -0.1285737335390223, -1.3691595699046264, 0.5176853876426791, 0.8492731788192288, 1.0942090702771463, -1.1958523683721816, 0.5544970678689413, -0.9971860540038541], "A": [1.675, 1.645, 1.7, 1.93, 0.0, 2.7800000000000002, 2.9050000000000002, 2.65, 2.48, 3.73, 4.575, 4.735, 4.4, 4.92, 0.81, 0.61, 0.47500000000000003, 0.325, 1.025, 3.295, 3.17, 3.415, 4.075, 1.295, 0.195, 2.205, 2.105, 2.31, 3.9050000000000002, 4.235, 3.575, 4.1850000000000005, 0.705, 5.0, 1.47, 3.0300000000000002, 1.1400000000000001, 0.4, 4.655, 1.795, 2.715, 0.915, 4.825, 0.09, 3.815, 4.3100000000000005, 2.565, 3.35, 1.395, 4.495, 2.025, 0], "R": [1, 1, 0, 0, 0, 0, 0, 0, 0, 0, 0, 0, 0, 0, 0, 0, 0, 0, 0, 0, 0, 0, 0, 0, 0, 0, 0, 0, 0, 0, 0, 0, 0, 0, 0, 0, 0, 0, 0, 0, 0, 0, 0, 0, 0, 0, 0, 0, 0, 0, 0, 0]}