{"RTG": [29, 28, 27, 26, 25, 24, 23, 22, 21, 20, 19, 18, 17, 16, 15, 14, 13, 12, 11, 10, 9, 8, 7, 6, 5, 4, 3, 2, 1, 0, 0, 0, 0, 0, 0, 0, 0, 0, 0, 0, 0, 0, 0, 0, 0, 0, 0, 0, 0, 0, 0, 0], "S": [0, 1.2978622792095647, 1.10297997475711, 1.2552709899027514, 1.1664614388095813, 1.1031253948915591, 0.3680109104289028, 0.0866432673157289, -2.078054622311628, 0.9720001096732416, 0.9421555065576516, -0.9561600736877052, 0.016953564100676687, 0.7554559803553068, -0.6286623709632781, 1.2599255689740672, 0.8429601913364685, 0.6543334699031734, 1.2766244561205646, 1.1326765301622912, -0.2751600190638433, -0.12888793902105405, 0.7810947647226019, 0.5209078855902575, 0.7259718516629005, 0.7535780975912624, -0.8455440470023323, -0.5681424030680832, 2.486335711065681, 2.018703006539025, 2.6462676611234475, 2.4602044790854074, 1.66510693211448, -0.5109588790481822, -0.08326043425258514, 2.084491255479688, -0.5193532046837243, -0.5805195318260895, -0.9374506081177982, 0.5143621100491487, -0.06421981724753852, 0.8405098459569589, -0.2050297928400839, -1.4376841077764138, 0.4462543804591722, 0.3146398464699526, -0.6404363206845495, 1.185463162109889, 1.1037847808441072, -0.11967095207937627, 0.5210538878624557, -1.621789297070172], "A": [0.365, 0.325, 0.41000000000000003, 0.615, 0.68, 0.8200000000000001, 1.05, 1.29, 2.16, 2.245, 2.0300000000000002, 3.085, 3.38, 3.49, 3.295, 3.24, 2.855, 2.73, 2.68, 2.505, 4.3500000000000005, 5.0, 4.89, 4.68, 4.57, 3.94, 0.0, 1.665, 1.635, 1.685, 1.735, 4.16, 3.715, 4.09, 4.23, 0.15, 0.9400000000000001, 2.37, 2.97, 1.8800000000000001, 4.78, 1.445, 3.825, 4.4750000000000005, 1.1500000000000001, 3.61, 0.525, 2.59, 0.07, 0.755, 1.375, 0], "R": [1, 1, 1, 1, 1, 1, 1, 1, 1, 1, 1, 1, 1, 1, 1, 1, 1, 1, 1, 1, 1, 1, 1, 1, 1, 1, 1, 1, 1, 0, 0, 0, 0, 0, 0, 0, 0, 0, 0, 0, 0, 0, 0, 0, 0, 0, 0, 0, 0, 0, 0, 0]}