{"RTG": [23, 22, 21, 20, 19, 18, 17, 16, 15, 14, 13, 12, 11, 10, 9, 8, 7, 6, 5, 4, 3, 2, 1, 0, 0, 0, 0, 0, 0, 0, 0, 0, 0, 0, 0, 0, 0, 0, 0, 0, 0, 0, 0, 0, 0, 0, 0, 0, 0, 0, 0, 0], "S": [0, -1.0849883657686858, -0.5681424030680832, 0.1642534074841468, -0.6092041357060602, 0.3680109104289028, 0.4949049722078865, 1.1832205329391008, 1.1914882796809394, -2.2383187886964397, 0.609313522152387, 0.5674801530142803, 1.2066195172364638, 1.129227959703775, -0.2844192542658805, -0.17560713225483768, -0.68423059871148, 0.7665022349198103, 0.4307974516011793, 0.7063621804743907, 0.7535780975912624, 0.2454218611888777, -0.7811408998812415, 2.583789023717434, 2.6732740673741575, 2.2787485889783183, 0.6560959005237793, 2.0286591678260097, 1.7668558624147594, 0.5804748080628606, 1.1701627407828141, -0.9336474874188099, 1.2473233634412009, 0.3971961720618536, 0.41465958780389967, -0.5519999276125631, 1.0141390956092324, 0.42103107830772674, 0.08002013972113022, 0.9578542139492628, -1.1142781305849165, 0.02348309645291035, 1.2198638448838093, -1.4061401913825524, -0.4672195710409025, 0.7810947647226019, -0.5765074546122056, -0.28307668106601713, 0.8011459087892528, -0.18412100953310084, 1.2341595925880817, 0.0983818009091677], "A": [2.0100000000000002, 0.0, 0.86, 0.96, 0.8200000000000001, 0.76, 0.66, 0.63, 1.32, 2.86, 2.985, 2.71, 2.665, 3.13, 2.5100000000000002, 3.985, 4.84, 4.945, 4.72, 4.57, 4.45, 3.555, 1.675, 1.7, 1.75, 0.29, 4.235, 4.165, 2.275, 3.34, 3.77, 0.41500000000000004, 1.5250000000000001, 4.315, 0.155, 2.165, 1.1300000000000001, 3.4250000000000003, 3.25, 2.39, 1.875, 0.495, 3.88, 3.66, 5.0, 1.21, 1.44, 4.6450000000000005, 4.085, 2.79, 2.1, 0], "R": [1, 1, 1, 1, 1, 1, 1, 1, 1, 1, 1, 1, 1, 1, 1, 1, 1, 1, 1, 1, 1, 1, 1, 0, 0, 0, 0, 0, 0, 0, 0, 0, 0, 0, 0, 0, 0, 0, 0, 0, 0, 0, 0, 0, 0, 0, 0, 0, 0, 0, 0, 0]}