{"RTG": [26, 25, 24, 23, 22, 21, 20, 19, 18, 17, 16, 15, 14, 13, 12, 11, 10, 9, 8, 7, 6, 5, 4, 3, 2, 1, 0, 0, 0, 0, 0, 0, 0, 0, 0, 0, 0, 0, 0, 0, 0, 0, 0, 0, 0, 0, 0, 0, 0, 0, 0, 0], "S": [0, 0.3573440360234566, -0.28687307137208434, 0.8429601913364685, 1.0567075262404362, 1.2254038456039946, 0.6136213460770834, 0.5340475232331015, -0.5681424030680832, 0.2045054376024882, 0.0866432673157289, 1.1832205329391008, 1.1571444090289609, 1.221849818761846, 1.2247109249108254, 1.2154017406227207, 0.3223835114148992, 1.3016856375865116, 0.6594579003937963, 0.02348309645291035, 0.9720001096732416, 0.9421555065576516, -1.0785053980520602, 1.04671108121588, 0.3249895437356506, 2.356485375892664, 2.583789023717434, 2.6732740673741575, -2.1696699967840307, 1.620324142494948, -0.23905034826659827, 1.7668558624147594, -0.7001124557070517, 0.7810947647226019, 0.7665022349198103, 0.7468985423979649, 1.2066195172364638, 1.1712103381729184, -0.5344493610789871, 0.7065887481278916, 0.9496061264010378, -0.9561600736877052, -1.5129641137469552, -0.7104987145618867, -0.074182758754499, 0.42396904460622875, 0.27244383499665203, -0.1908265540465092, 0.7690116833676693, -0.6077964200381839, 0.14065031128985822, 0.41171617023787066], "A": [3.205, 3.1350000000000002, 3.24, 3.2600000000000002, 3.285, 3.39, 2.975, 0.0, 0.855, 1.05, 0.66, 0.61, 0.49, 0.435, 0.34, 0.27, 0.375, 0.735, 1.875, 2.16, 2.245, 2.3850000000000002, 1.585, 1.51, 1.655, 1.675, 1.7, 1.3, 4.26, 4.365, 4.165, 4.0, 5.0, 4.84, 4.67, 2.71, 2.605, 3.72, 4.55, 2.825, 2.0300000000000002, 3.855, 3.59, 2.515, 4.92, 1.155, 0.105, 4.75, 0.9500000000000001, 4.1, 4.47, 0], "R": [1, 1, 1, 1, 1, 1, 1, 1, 1, 1, 1, 1, 1, 1, 1, 1, 1, 1, 1, 1, 1, 1, 1, 1, 1, 1, 0, 0, 0, 0, 0, 0, 0, 0, 0, 0, 0, 0, 0, 0, 0, 0, 0, 0, 0, 0, 0, 0, 0, 0, 0, 0]}