{"RTG": [23, 22, 21, 20, 19, 18, 17, 16, 15, 14, 13, 12, 11, 10, 9, 8, 7, 6, 5, 4, 3, 2, 1, 0, 0, 0, 0, 0, 0, 0, 0, 0, 0, 0, 0, 0, 0, 0, 0, 0, 0, 0, 0, 0, 0, 0, 0, 0, 0, 0, 0, 0], "S": [0, -1.4864591883310811, -0.5681424030680832, 0.1642534074841468, -0.6092041357060602, 0.3680109104289028, 0.4949049722078865, 1.1832205329391008, 1.1914882796809394, -2.2383187886964397, 1.0814212867534516, 1.0245921516336474, -0.4345148689017537, 0.7170916018157362, 0.8560300178421365, 0.43333794832263955, 0.6494093557430308, -0.22824474011416213, 0.5243572241097797, -0.1445968462172942, 0.35893135363273554, 1.127721295153221, 1.187614098414235, 0.43020799552765826, 2.6732740673741575, 2.583789023717434, 2.2787485889783183, -0.5597792807169675, 0.6560959005237793, 0.9215906391411742, 1.2473233634412009, -0.7251050469638722, 2.0286591678260097, -0.5091648528801574, 0.3971961720618536, 1.260659837942881, -0.5519999276125631, 0.42103107830772674, -1.0370239909719803, -0.3881858065598431, 0.7810947647226019, 1.2033515197286617, 0.9620205374516724, 1.2198638448838093, 0.6858565367473983, -0.5765074546122056, 0.8192364636416227, -0.6250762041214045, -0.28307668106601713, 0.9578542139492628, -0.11355670144341846, -0.8865485997154794], "A": [3.835, 0.0, 0.86, 0.96, 0.8200000000000001, 0.76, 0.66, 0.63, 1.32, 2.1750000000000003, 2.235, 2.07, 4.6850000000000005, 4.795, 4.915, 4.525, 4.3950000000000005, 3.0300000000000002, 3.165, 2.9050000000000002, 2.67, 2.62, 2.54, 1.7, 1.675, 1.75, 3.48, 0.29, 4.13, 0.41500000000000004, 4.0200000000000005, 4.235, 3.645, 1.5250000000000001, 3.3200000000000003, 0.155, 1.1300000000000001, 2.38, 1.9000000000000001, 5.0, 2.795, 4.29, 0.495, 3.3850000000000002, 1.21, 4.605, 3.735, 1.44, 3.25, 0.075, 3.935, 0], "R": [1, 1, 1, 1, 1, 1, 1, 1, 1, 1, 1, 1, 1, 1, 1, 1, 1, 1, 1, 1, 1, 1, 1, 0, 0, 0, 0, 0, 0, 0, 0, 0, 0, 0, 0, 0, 0, 0, 0, 0, 0, 0, 0, 0, 0, 0, 0, 0, 0, 0, 0, 0]}