{"RTG": [15, 14, 13, 12, 11, 10, 9, 8, 7, 6, 5, 4, 3, 2, 1, 0, 0, 0, 0, 0, 0, 0, 0, 0, 0, 0, 0, 0, 0, 0, 0, 0, 0, 0, 0, 0, 0, 0, 0, 0, 0, 0, 0, 0, 0, 0, 0, 0, 0, 0, 0, 0], "S": [0, 0.7652276639764811, 0.6494093557430308, 0.8011459087892528, 0.7558657355637947, 0.7450548739706984, 0.421746209599056, 0.0596368921205919, -0.5681424030680832, 0.2404961358400748, -0.2543664896025655, 0.9625550854276712, 1.1929647133334638, 1.1571444090289609, 0.2053593529541412, -0.6664423878806288, 2.6730387989219673, 2.539316846348272, 2.510577190859736, 0.37011310999987346, -0.1275144827788334, 1.1740795034056069, 0.8492731788192288, -0.9899543682703261, -0.6250762041214045, -0.4354061667458947, 0.5392684839855656, -2.2113535522026915, 1.10297997475711, -0.5689652042600516, 1.2287157098589727, -0.7834705376033333, 1.099627421136071, -1.182399402186969, 1.1413307041700922, 2.1990799042829505, 1.2033515197286617, 0.3146398464699526, 0.3476295436147299, 1.7668558624147594, 0.14424649044003368, 0.5804748080628606, 0.7810947647226019, -0.1444384360798626, 0.5891517867554916, -0.526117465012331, -0.5550393478506724, -0.8928179219706346, -1.0269167683512421, 1.2126012150820673, -0.5281913749203656, -0.28307668106601713], "A": [4.575, 4.525, 4.6450000000000005, 4.745, 4.845, 4.94, 4.335, 0.0, 0.85, 1.0150000000000001, 0.7000000000000001, 0.655, 0.61, 1.865, 2.055, 1.695, 1.67, 1.73, 2.9, 3.1, 2.7, 2.565, 2.375, 3.735, 4.07, 3.395, 1.33, 0.325, 0.20500000000000002, 0.43, 3.54, 3.265, 3.9050000000000002, 2.21, 4.205, 2.795, 1.1500000000000001, 1.5150000000000001, 4.165, 3.19, 2.275, 5.0, 0.095, 2.995, 3.64, 2.49, 1.225, 1.96, 0.505, 0.93, 1.44, 0], "R": [1, 1, 1, 1, 1, 1, 1, 1, 1, 1, 1, 1, 1, 1, 1, 0, 0, 0, 0, 0, 0, 0, 0, 0, 0, 0, 0, 0, 0, 0, 0, 0, 0, 0, 0, 0, 0, 0, 0, 0, 0, 0, 0, 0, 0, 0, 0, 0, 0, 0, 0, 0]}