{"RTG": [2, 1, 0, 0, 0, 0, 0, 0, 0, 0, 0, 0, 0, 0, 0, 0, 0, 0, 0, 0, 0, 0, 0, 0, 0, 0, 0, 0, 0, 0, 0, 0, 0, 0, 0, 0, 0, 0, 0, 0, 0, 0, 0, 0, 0, 0, 0, 0, 0, 0, 0, 0], "S": [0, 2.1109965038009197, 2.539316846348272, 2.6640935024130794, 0.02348309645291035, -0.5681424030680832, 1.2243412031117622, 0.7500898340417048, 0.9147600389067359, -1.1442504439522712, 0.4215588852672501, 0.9022883692297691, 0.4633443805678566, -0.5821590646936314, 0.41171617023787066, 0.7582537177375791, 0.8036415820234936, 0.7810947647226019, 1.620324142494948, 1.555179369689812, -0.7078722906587652, 0.3905628121415768, 1.14814577970639, 1.2217589136693932, 1.0542425639738024, -0.20518968612651028, -2.078054622311628, 0.3643491653233505, -0.6356053352110442, -1.2849974428615545, -0.17456529408862, 1.05823352995558, 0.9625550854276712, 0.7535780975912624, -0.24866560631437654, 0.4109152650008146, -0.009124780770441163, 0.4035438731462402, 0.42396904460622875, -1.1212430247209308, -0.7250333914407979, 1.2805352156985943, 1.1637413930916065, 2.3438345106132012, 1.260659837942881, -0.36042160659606265, 2.1990799042829505, 0.7690116833676693, -1.182399402186969, -0.11803058692131012, 0.1748996278641049, -0.4909143663015248], "A": [1.6400000000000001, 1.67, 1.69, 1.875, 0.0, 2.715, 2.845, 2.57, 2.395, 3.045, 3.245, 3.4, 3.625, 4.47, 4.665, 4.83, 5.0, 4.26, 4.155, 4.005, 0.805, 0.605, 0.47000000000000003, 0.32, 1.02, 1.29, 2.115, 0.19, 3.805, 4.355, 2.23, 0.7000000000000001, 4.57, 3.15, 2.945, 1.46, 1.135, 4.92, 1.995, 3.5100000000000002, 0.395, 2.64, 1.745, 3.3200000000000003, 0.91, 4.205, 4.75, 3.9050000000000002, 0.085, 2.3000000000000003, 3.71, 0], "R": [1, 1, 0, 0, 0, 0, 0, 0, 0, 0, 0, 0, 0, 0, 0, 0, 0, 0, 0, 0, 0, 0, 0, 0, 0, 0, 0, 0, 0, 0, 0, 0, 0, 0, 0, 0, 0, 0, 0, 0, 0, 0, 0, 0, 0, 0, 0, 0, 0, 0, 0, 0]}