{"RTG": [24, 23, 22, 21, 20, 19, 18, 17, 16, 15, 14, 13, 12, 11, 10, 9, 8, 7, 6, 5, 4, 3, 2, 1, 0, 0, 0, 0, 0, 0, 0, 0, 0, 0, 0, 0, 0, 0, 0, 0, 0, 0, 0, 0, 0, 0, 0, 0, 0, 0, 0, 0], "S": [0, 0.4302381124583138, 0.4301388341903039, 0.17769761202432371, 1.3266242924078386, 1.2423047404347072, -0.5681424030680832, 0.2045054376024882, 0.0866432673157289, 1.1929647133334638, 1.1327279928260916, 1.219269979845113, 1.294516094678491, 0.8758965088053228, -2.078054622311628, -1.0282492849914124, 0.8405098459569589, 0.5444024669777516, 0.7697164372501104, 0.623634391545786, -0.23905034826659827, -1.0849883657686858, -0.5960565376578272, -0.9899543682703261, 2.4252267062251835, 2.6640935024130794, 2.593288167724146, 1.555179369689812, 1.1718425673152988, -0.2767185250323555, 2.084491255479688, -0.47432048764582246, 0.7810947647226019, 1.1484487020849217, -0.5519999276125631, 0.6137687486908822, 0.20124723393830407, 1.0487836559167683, 0.3941168188128473, 0.5210538878624557, 0.6068916248446233, 0.3146398464699526, -1.2849974428615545, 0.015058671514919365, -0.6772614302070163, -0.6077964200381839, -0.7940973879101138, 0.7871845460010397, 0.6517420719044649, -0.9737435211646027, -0.11355670144341846, 1.1795391579642154], "A": [2.95, 2.8850000000000002, 3.0700000000000003, 2.755, 2.72, 0.0, 0.855, 1.05, 0.655, 0.595, 0.455, 0.385, 0.305, 1.29, 3.92, 4.78, 4.885, 4.66, 4.515, 4.365, 2.0100000000000002, 3.485, 2.375, 1.6600000000000001, 1.69, 1.72, 4.155, 3.275, 4.08, 4.23, 3.705, 5.0, 2.195, 0.155, 2.5500000000000003, 1.485, 3.355, 1.855, 0.755, 2.13, 1.1500000000000001, 3.805, 3.18, 3.6, 0.9500000000000001, 2.475, 4.585, 2.27, 1.405, 0.075, 2.63, 0], "R": [1, 1, 1, 1, 1, 1, 1, 1, 1, 1, 1, 1, 1, 1, 1, 1, 1, 1, 1, 1, 1, 1, 1, 1, 0, 0, 0, 0, 0, 0, 0, 0, 0, 0, 0, 0, 0, 0, 0, 0, 0, 0, 0, 0, 0, 0, 0, 0, 0, 0, 0, 0]}