{"RTG": [11, 10, 9, 8, 7, 6, 5, 4, 3, 2, 1, 0, 0, 0, 0, 0, 0, 0, 0, 0, 0, 0, 0, 0, 0, 0, 0, 0, 0, 0, 0, 0, 0, 0, 0, 0, 0, 0, 0, 0, 0, 0, 0, 0, 0, 0, 0, 0, 0, 0, 0, 0], "S": [0, 0.7810947647226019, 0.44388205005933845, -0.5681424030680832, 0.2404961358400748, -0.30250143554770165, 0.920655627807069, 1.1929647133334638, 1.1571444090289609, 0.29901449907859046, -0.9561600736877052, 2.593288167724146, 2.6730387989219673, 1.8238428669741287, 0.45867151981736537, 0.17769761202432371, 1.1392762323358923, 0.6137687486908822, 1.260659837942881, -0.19947597225900737, 0.5754088667607283, 2.186387029405289, 0.9215906391411742, 1.5186593645993924, -0.5225634108889254, 1.0542425639738024, -0.598610461628525, 1.233874684983979, 0.8250163897131615, -0.9336474874188099, -2.1696699967840307, 0.7690116833676693, 0.5061761088750564, 1.1400171087098125, -0.6404363206845495, -0.9311057892287455, 1.3006506431464921, 0.09060725392395028, 0.4035438731462402, -1.0316810346736789, -0.24919191085202425, 0.7861115957725884, 0.5519536381881391, 0.8934834654088644, -0.1285737335390223, 1.2167981233580216, -0.7251050469638722, -0.4757085314032074, -0.7740292084447152, 0.7299093747335014, -0.49337631073269567, -0.8754740322537258], "A": [5.0, 4.95, 0.0, 0.85, 1.01, 0.705, 0.655, 0.61, 1.86, 2.0300000000000002, 1.72, 1.695, 1.625, 2.88, 3.0700000000000003, 2.685, 2.5500000000000003, 3.3200000000000003, 3.4450000000000003, 3.22, 4.2, 4.13, 4.265, 2.34, 0.32, 0.2, 0.425, 4.625, 3.77, 1.3, 4.75, 4.485, 2.19, 3.61, 3.93, 2.775, 1.47, 1.135, 2.455, 4.39, 4.835, 2.98, 2.25, 0.09, 0.5, 4.0200000000000005, 1.205, 3.5300000000000002, 4.5600000000000005, 0.925, 1.94, 0], "R": [1, 1, 1, 1, 1, 1, 1, 1, 1, 1, 1, 0, 0, 0, 0, 0, 0, 0, 0, 0, 0, 0, 0, 0, 0, 0, 0, 0, 0, 0, 0, 0, 0, 0, 0, 0, 0, 0, 0, 0, 0, 0, 0, 0, 0, 0, 0, 0, 0, 0, 0, 0]}