{"RTG": [29, 28, 27, 26, 25, 24, 23, 22, 21, 20, 19, 18, 17, 16, 15, 14, 13, 12, 11, 10, 9, 8, 7, 6, 5, 4, 3, 2, 1, 0, 0, 0, 0, 0, 0, 0, 0, 0, 0, 0, 0, 0, 0, 0, 0, 0, 0, 0, 0, 0, 0, 0], "S": [0, 1.1283506934188439, 1.0814212867534516, 0.26116185121244917, -0.5681424030680832, 0.2045054376024882, 0.040343652882350874, 1.1694360114222457, 1.184145623379665, 1.176806974670785, 1.219837753571638, 1.294516094678491, 1.0542425639738024, -2.201677621553729, -0.28174751465887515, -0.7260747810041374, 0.8560300178421365, 0.4989637315144307, 0.7259718516629005, 0.6369849008242138, -0.2695911284410121, 1.3049009603131116, 1.2829686885252671, 1.1390065784520442, 0.45867151981736537, 0.6982589645466594, -0.7799098430293636, 2.3438345106132012, 1.899839506890742, 2.5551020877188306, 2.6732740673741575, 1.9421985709844345, 0.38850455016500957, 2.0286591678260097, -0.8835498934886132, 1.2457424006890583, 0.3971961720618536, -1.1224606128920358, -0.5519999276125631, 0.7810947647226019, 0.38641500747199387, 0.3146398464699526, 0.5681183836528795, -1.1684325326578182, -0.47945674206180294, 0.9022883692297691, 0.4534819021847498, 0.8058072136235602, -0.4572802851966546, -1.4664759182334537, -0.611716481250362, -0.11355670144341846], "A": [2.215, 2.1750000000000003, 2.295, 0.0, 0.855, 1.045, 0.665, 0.625, 0.53, 0.46, 0.385, 0.32, 1.305, 3.14, 3.96, 4.795, 4.8950000000000005, 4.68, 4.5200000000000005, 4.38, 2.74, 2.7800000000000002, 2.6550000000000002, 2.88, 2.555, 3.535, 1.745, 1.7750000000000001, 1.725, 1.7, 4.175, 4.11, 4.235, 3.765, 3.325, 1.5250000000000001, 1.99, 0.155, 5.0, 3.4050000000000002, 1.1500000000000001, 3.02, 2.435, 3.6550000000000002, 3.245, 0.77, 4.595, 1.43, 3.87, 0.9550000000000001, 0.075, 0], "R": [1, 1, 1, 1, 1, 1, 1, 1, 1, 1, 1, 1, 1, 1, 1, 1, 1, 1, 1, 1, 1, 1, 1, 1, 1, 1, 1, 1, 1, 0, 0, 0, 0, 0, 0, 0, 0, 0, 0, 0, 0, 0, 0, 0, 0, 0, 0, 0, 0, 0, 0, 0]}