{"RTG": [27, 26, 25, 24, 23, 22, 21, 20, 19, 18, 17, 16, 15, 14, 13, 12, 11, 10, 9, 8, 7, 6, 5, 4, 3, 2, 1, 0, 0, 0, 0, 0, 0, 0, 0, 0, 0, 0, 0, 0, 0, 0, 0, 0, 0, 0, 0, 0, 0, 0, 0, 0], "S": [0, 0.529575855818755, -0.5157422423457501, 0.8710105674086935, 1.050618440940789, 1.151436074096337, -0.9816023194918702, -0.5681424030680832, 0.2992456858903939, -0.30250143554770165, 1.072987484673177, 1.184145623379665, 1.1348906924437472, 1.2200896781036197, 1.2881202542280985, 1.0000009442743154, 1.260659837942881, 0.9438680768787604, 1.1718425673152988, 2.0286591678260097, 1.5186593645993924, 2.1880040451103517, 0.7810947647226019, 0.6977617291854273, 0.7259718516629005, 0.37144358779605585, -2.2113535522026915, 2.583789023717434, 2.665056914615652, 2.060748031034219, 0.5668338030505861, 0.5488342955281749, -1.0882046889653323, 1.1740795034056069, 0.6838990714313047, -0.7078722906587652, -0.7253309927571581, -0.5519999276125631, 1.1815012598688805, 0.3146398464699526, -0.2844192542658805, 0.19826562714405405, 0.8205579041063652, -0.06421981724753852, -1.2809619500582092, 0.4109152650008146, -0.6286623709632781, -0.7495170589353438, 1.3006506431464921, 0.5188737380858635, -0.44151905624948234, -0.45340702261723914], "A": [2.125, 2.065, 2.15, 2.17, 2.2, 2.46, 0.0, 0.84, 1.01, 0.685, 0.625, 0.555, 0.445, 0.39, 0.315, 3.3200000000000003, 3.365, 3.275, 4.235, 4.265, 4.215, 5.0, 4.855, 4.68, 1.52, 1.33, 1.675, 1.705, 1.7650000000000001, 2.865, 3.025, 3.785, 2.7, 4.54, 4.005, 3.585, 0.155, 2.61, 1.1500000000000001, 3.13, 4.445, 4.7700000000000005, 1.8800000000000001, 3.895, 2.945, 3.49, 2.355, 2.775, 4.115, 3.685, 0.92, 0], "R": [1, 1, 1, 1, 1, 1, 1, 1, 1, 1, 1, 1, 1, 1, 1, 1, 1, 1, 1, 1, 1, 1, 1, 1, 1, 1, 1, 0, 0, 0, 0, 0, 0, 0, 0, 0, 0, 0, 0, 0, 0, 0, 0, 0, 0, 0, 0, 0, 0, 0, 0, 0]}