{"RTG": [11, 10, 9, 8, 7, 6, 5, 4, 3, 2, 1, 0, 0, 0, 0, 0, 0, 0, 0, 0, 0, 0, 0, 0, 0, 0, 0, 0, 0, 0, 0, 0, 0, 0, 0, 0, 0, 0, 0, 0, 0, 0, 0, 0, 0, 0, 0, 0, 0, 0, 0, 0], "S": [0, 0.5757938005403606, -0.3169393062321038, 0.940457295044262, 1.1460939208731853, 1.2790399283068352, 1.176806974670785, 1.1571444090289609, 0.7881508443671758, -0.14312843906774736, 2.4602044790854074, 2.060748031034219, 2.648718288939445, 2.486335711065681, -1.0615730161681003, 0.5273213368525247, 0.37860667503134976, 1.1326765301622912, 0.5241625713457142, 1.0567075262404362, 0.4633443805678566, -0.4672195710409025, 0.5928665680352182, 0.7259718516629005, 0.6977617291854273, 0.41465958780389967, 0.7810947647226019, 0.38850455016500957, -0.9785792591984844, -1.2153810007194785, -0.26836271666857353, -0.5681424030680832, -0.28307668106601713, 0.0866432673157289, -0.1445968462172942, 1.1260754615276558, 2.199560797986056, 1.3223751932371433, -0.7740292084447152, -1.1394990942280583, 0.7970323007868108, -1.1127621184986758, 0.8313089284247416, -2.094189764657218, 0.4035438731462402, -0.4615336624388271, 0.49351587614176184, 0.4485587152594895, 1.2256976844807996, 0.3905628121415768, 0.493019990916102, 1.8888071569415663], "A": [0.28500000000000003, 0.23, 0.31, 0.33, 0.355, 0.53, 0.61, 0.72, 0.89, 1.735, 1.7650000000000001, 1.71, 1.665, 2.015, 2.87, 3.0500000000000003, 2.68, 2.545, 3.2600000000000002, 3.4, 3.66, 4.505, 4.68, 4.855, 4.315, 5.0, 4.11, 3.9250000000000003, 1.24, 2.325, 0.0, 1.44, 1.05, 3.165, 2.185, 4.21, 2.765, 3.5300000000000002, 3.79, 4.59, 2.445, 4.775, 1.345, 1.135, 1.905, 2.965, 2.12, 3.33, 0.805, 1.54, 4.245, 0], "R": [1, 1, 1, 1, 1, 1, 1, 1, 1, 1, 1, 0, 0, 0, 0, 0, 0, 0, 0, 0, 0, 0, 0, 0, 0, 0, 0, 0, 0, 0, 0, 0, 0, 0, 0, 0, 0, 0, 0, 0, 0, 0, 0, 0, 0, 0, 0, 0, 0, 0, 0, 0]}