{"RTG": [27, 26, 25, 24, 23, 22, 21, 20, 19, 18, 17, 16, 15, 14, 13, 12, 11, 10, 9, 8, 7, 6, 5, 4, 3, 2, 1, 0, 0, 0, 0, 0, 0, 0, 0, 0, 0, 0, 0, 0, 0, 0, 0, 0, 0, 0, 0, 0, 0, 0, 0, 0], "S": [0, -1.808714120923141, -0.5681424030680832, 0.9858819527773454, 0.4268874504834266, 1.1283506934188439, -0.1445968462172942, -0.7001124557070517, 0.6977617291854273, 0.48221651102654217, 0.7131136754895187, 0.8058072136235602, 0.5061761088750564, 0.7352255488802192, 2.199560797986056, 2.0751036904311593, 1.1293561077306389, 1.1348906924437472, 1.2636906207954577, 0.5757938005403606, 0.377304667011703, 1.3223751932371433, 0.5273213368525247, 1.1390065784520442, -0.7695552481135107, 1.550053509588688, -0.14944533764382856, 2.593288167724146, 2.6640935024130794, 1.3220304032576353, 0.040343652882350874, -1.0882046889653323, 1.0942090702771463, 0.028266080697662052, 0.5821843027492473, -0.032732204163866366, -0.5193532046837243, -0.06490318263147667, -0.593214709912086, -0.5281913749203656, 1.1380356008066348, 1.2230482233664581, -0.4438624640970557, -1.2326682407776417, -1.1990031471571372, 0.16883208745421255, 0.7810947647226019, 0.6203485783512641, 0.4302381124583138, -0.1681685232451838, 0.43977288007454873, -0.11967095207937627], "A": [1.365, 0.0, 2.24, 2.285, 2.215, 3.165, 4.0, 4.855, 4.96, 4.7250000000000005, 4.595, 4.485, 4.3, 4.21, 4.1850000000000005, 0.675, 0.555, 0.405, 0.28500000000000003, 0.8150000000000001, 2.765, 2.87, 2.6550000000000002, 3.565, 1.795, 1.885, 1.72, 1.69, 1.6, 1.045, 3.785, 3.35, 2.52, 3.015, 1.18, 0.15, 3.435, 2.06, 0.93, 3.27, 0.48, 3.6750000000000003, 3.9, 2.4250000000000003, 1.48, 5.0, 0.74, 2.95, 4.405, 1.115, 0.07, 0], "R": [1, 1, 1, 1, 1, 1, 1, 1, 1, 1, 1, 1, 1, 1, 1, 1, 1, 1, 1, 1, 1, 1, 1, 1, 1, 1, 1, 0, 0, 0, 0, 0, 0, 0, 0, 0, 0, 0, 0, 0, 0, 0, 0, 0, 0, 0, 0, 0, 0, 0, 0, 0]}