{"RTG": [6, 5, 4, 3, 2, 1, 0, 0, 0, 0, 0, 0, 0, 0, 0, 0, 0, 0, 0, 0, 0, 0, 0, 0, 0, 0, 0, 0, 0, 0, 0, 0, 0, 0, 0, 0, 0, 0, 0, 0, 0, 0, 0, 0, 0, 0, 0, 0, 0, 0, 0, 0], "S": [0, -0.5281913749203656, -0.5681424030680832, 1.640461454575373, 0.979413961857978, 1.9816540052700344, 2.2096243099566566, 2.648718288939445, 1.2423047404347072, 0.7500898340417048, 1.024040463667378, -1.1987220633160474, 0.4215588852672501, 0.9022883692297691, 0.4633443805678566, -0.5821590646936314, 0.41171617023787066, 0.7582537177375791, 0.8036415820234936, 0.7810947647226019, 1.5186593645993924, 1.555179369689812, -0.7213851175583837, 1.2207514698396822, 1.1269664878719414, 0.940457295044262, -2.1283174002063725, 0.7008456084275234, 0.9242571415201947, -0.6433226681011133, -1.2849974428615545, 0.37144358779605585, 0.37368707232447523, 0.8934834654088644, -0.24866560631437654, -0.21130216392220635, 0.7535780975912624, 0.4109152650008146, -0.7349959441494497, 0.42396904460622875, -0.7250333914407979, 1.2881202542280985, 0.3680109104289028, 1.154923932830813, 1.260659837942881, 2.199560797986056, 0.04047799628533581, 2.356485375892664, -0.6527118419102764, -1.1310010417772167, 0.7690116833676693, -0.11299887448909537], "A": [0.93, 0.0, 1.79, 1.825, 1.77, 1.7550000000000001, 1.71, 2.72, 2.845, 2.58, 2.41, 3.045, 3.245, 3.4, 3.625, 4.47, 4.665, 4.83, 5.0, 4.265, 4.155, 4.015, 0.465, 0.59, 0.31, 1.295, 0.73, 2.1550000000000002, 0.18, 3.805, 1.52, 1.09, 2.25, 3.15, 4.36, 4.57, 2.945, 2.05, 4.92, 3.5100000000000002, 0.39, 0.8200000000000001, 2.645, 3.3200000000000003, 4.21, 1.175, 1.655, 1.42, 3.91, 4.75, 0.08, 0], "R": [1, 1, 1, 1, 1, 1, 0, 0, 0, 0, 0, 0, 0, 0, 0, 0, 0, 0, 0, 0, 0, 0, 0, 0, 0, 0, 0, 0, 0, 0, 0, 0, 0, 0, 0, 0, 0, 0, 0, 0, 0, 0, 0, 0, 0, 0, 0, 0, 0, 0, 0, 0]}