{"RTG": [30, 29, 28, 27, 26, 25, 24, 23, 22, 21, 20, 19, 18, 17, 16, 15, 14, 13, 12, 11, 10, 9, 8, 7, 6, 5, 4, 3, 2, 1, 0, 0, 0, 0, 0, 0, 0, 0, 0, 0, 0, 0, 0, 0, 0, 0, 0, 0, 0, 0, 0, 0], "S": [0, 0.2045054376024882, 0.47240745786319704, 0.9625550854276712, 1.1694360114222457, 1.1756294449900588, 0.4327458304589763, -1.7985319445633705, -0.05613805381416219, 0.7486707964918938, 0.9421555065576516, -0.6776977831069698, 1.151436074096337, 0.5033711967483209, 1.0942090702771463, 0.30905408296601417, 1.2752776432954898, 1.5186593645993924, 0.7352255488802192, 1.8063011458935552, 2.1300292046727938, 2.186387029405289, 0.7810947647226019, 0.6977617291854273, 0.7259718516629005, -0.5681424030680832, 1.1686108490458247, 0.3496659885000683, 1.1326765301622912, 2.593288167724146, 2.2787485889783183, 2.6730387989219673, 0.5781725177034593, -0.984767779832423, 1.0542425639738024, -0.598610461628525, 1.233874684983979, 0.7181670574127406, 0.6982589645466594, -0.9194276956093578, -0.6404363206845495, -0.8455440470023323, 0.3321029361393006, -0.5526260678947568, 0.8205579041063652, -0.1285737335390223, -0.7940973879101138, 0.4462543804591722, 0.421746209599056, 2.198622511720558, 1.2167981233580216, -0.4448451563527119], "A": [0.855, 0.765, 0.7000000000000001, 0.665, 0.62, 1.125, 1.27, 1.035, 2.14, 2.245, 2.35, 2.2, 3.215, 3.35, 3.41, 3.31, 4.265, 4.3, 4.25, 4.225, 4.2, 5.0, 4.855, 4.68, 0.0, 2.8000000000000003, 2.915, 2.68, 1.72, 1.75, 1.695, 1.55, 3.775, 0.32, 0.2, 0.425, 4.555, 2.555, 1.945, 3.61, 3.94, 3.055, 1.425, 4.7700000000000005, 0.09, 2.475, 4.4750000000000005, 4.94, 1.645, 0.5, 3.69, 0], "R": [1, 1, 1, 1, 1, 1, 1, 1, 1, 1, 1, 1, 1, 1, 1, 1, 1, 1, 1, 1, 1, 1, 1, 1, 1, 1, 1, 1, 1, 1, 0, 0, 0, 0, 0, 0, 0, 0, 0, 0, 0, 0, 0, 0, 0, 0, 0, 0, 0, 0, 0, 0]}