{"RTG": [7, 6, 5, 4, 3, 2, 1, 0, 0, 0, 0, 0, 0, 0, 0, 0, 0, 0, 0, 0, 0, 0, 0, 0, 0, 0, 0, 0, 0, 0, 0, 0, 0, 0, 0, 0, 0, 0, 0, 0, 0, 0, 0, 0, 0, 0, 0, 0, 0, 0, 0, 0], "S": [0, 1.1031253948915591, 1.2005613140987013, 1.1199013749972255, 1.2247109249108254, 1.294516094678491, 0.940457295044262, -0.08708410671312418, 2.6732740673741575, 2.5551020877188306, 2.356485375892664, 1.1037847808441072, 1.2599296432649467, 0.49115730678697345, -1.1990031471571372, -0.1275144827788334, -0.9311057892287455, 0.8405098459569589, 0.4166613326088767, 0.8259366669938637, 0.19826562714405405, -0.6286623709632781, -1.2153810007194785, -0.5681424030680832, -0.5157422423457501, 2.1300292046727938, 1.66510693211448, 0.624834862100612, -0.47432048764582246, 1.2254038456039946, -0.1333343676888655, 0.040343652882350874, -0.3881858065598431, 1.05823352995558, -0.5193532046837243, 0.9438680768787604, 0.5519536381881391, 0.7810947647226019, 0.7002211277137405, 1.1390065784520442, -1.3691595699046264, 1.0141390956092324, -1.968180204763193, 0.4035438731462402, -0.6737740081427814, -0.6592004082044743, 0.5781725177034593, 0.6612033019948327, 0.3573440360234566, 0.4014163575618112, -0.18008420118012206, 1.1686108490458247], "A": [0.68, 0.64, 0.5750000000000001, 0.435, 0.385, 0.31, 0.885, 1.7, 1.725, 1.655, 2.59, 2.725, 2.875, 2.4250000000000003, 3.1, 3.93, 4.78, 4.9350000000000005, 4.615, 4.445, 3.49, 1.24, 0.0, 2.065, 4.225, 4.16, 4.305, 3.705, 3.285, 1.45, 1.045, 1.9000000000000001, 2.23, 0.15, 3.365, 2.98, 5.0, 4.7, 2.6550000000000002, 3.815, 2.165, 1.355, 1.135, 4.045, 3.605, 1.55, 4.53, 3.205, 0.795, 2.32, 2.8000000000000003, 0], "R": [1, 1, 1, 1, 1, 1, 1, 0, 0, 0, 0, 0, 0, 0, 0, 0, 0, 0, 0, 0, 0, 0, 0, 0, 0, 0, 0, 0, 0, 0, 0, 0, 0, 0, 0, 0, 0, 0, 0, 0, 0, 0, 0, 0, 0, 0, 0, 0, 0, 0, 0, 0]}