{"RTG": [26, 25, 24, 23, 22, 21, 20, 19, 18, 17, 16, 15, 14, 13, 12, 11, 10, 9, 8, 7, 6, 5, 4, 3, 2, 1, 0, 0, 0, 0, 0, 0, 0, 0, 0, 0, 0, 0, 0, 0, 0, 0, 0, 0, 0, 0, 0, 0, 0, 0, 0, 0], "S": [0, -0.7762351625212653, -0.5681424030680832, 0.1642534074841468, -0.6092041357060602, 0.3680109104289028, 0.4949049722078865, 1.1832205329391008, 1.1914882796809394, -2.2383187886964397, 1.0814212867534516, 1.0245921516336474, -0.4345148689017537, 0.016953564100676687, 0.7554559803553068, -0.5960565376578272, 1.275078842405209, 1.0567075262404362, 1.1686108490458247, 1.3153844260682281, 1.1392762323358923, -0.074182758754499, 0.8542846964258753, 0.46108902787231554, 0.7096778610505728, 0.6369849008242138, -0.26316966470052044, 2.6730387989219673, 2.593288167724146, 2.1109965038009197, 0.6560959005237793, -0.5613504714487526, 1.8594942356609157, 0.26206678582391096, 2.0286591678260097, 1.2473233634412009, 0.4109152650008146, 0.1134268335735682, -0.5519999276125631, 0.42103107830772674, -1.0370239909719803, 0.7810947647226019, 0.23008588075507877, -1.4864591883310811, -0.6211852992102556, 1.2198638448838093, 0.8132786627774347, -0.4757085314032074, -1.054315683292044, 1.132872154906867, -0.11355670144341846, 0.5821843027492473], "A": [3.95, 0.0, 0.86, 0.96, 0.8200000000000001, 0.76, 0.66, 0.63, 1.32, 2.1750000000000003, 2.235, 2.07, 3.085, 3.38, 3.485, 3.305, 3.2600000000000002, 2.8000000000000003, 2.745, 2.685, 2.515, 4.805, 4.905, 4.69, 4.5200000000000005, 4.385, 1.695, 1.72, 1.6400000000000001, 0.29, 3.725, 4.17, 4.105, 4.235, 0.41500000000000004, 2.945, 1.87, 0.155, 1.1300000000000001, 2.38, 5.0, 1.49, 3.835, 3.615, 0.495, 4.6000000000000005, 1.205, 1.965, 2.595, 0.075, 3.015, 0], "R": [1, 1, 1, 1, 1, 1, 1, 1, 1, 1, 1, 1, 1, 1, 1, 1, 1, 1, 1, 1, 1, 1, 1, 1, 1, 1, 0, 0, 0, 0, 0, 0, 0, 0, 0, 0, 0, 0, 0, 0, 0, 0, 0, 0, 0, 0, 0, 0, 0, 0, 0, 0]}