{"RTG": [25, 24, 23, 22, 21, 20, 19, 18, 17, 16, 15, 14, 13, 12, 11, 10, 9, 8, 7, 6, 5, 4, 3, 2, 1, 0, 0, 0, 0, 0, 0, 0, 0, 0, 0, 0, 0, 0, 0, 0, 0, 0, 0, 0, 0, 0, 0, 0, 0, 0, 0, 0], "S": [0, 1.1602292902251623, 1.1390065784520442, 1.2607647850267172, 0.7500898340417048, 0.8492731788192288, -0.5681424030680832, 0.3409349855768263, -0.43538446450642626, 1.1031253948915591, 1.1571444090289609, 1.2072785431808835, 1.2247109249108254, 1.2628973292464318, 0.5757938005403606, 1.2992127756900016, -0.5109588790481822, 0.7417519397012445, 0.7259718516629005, -0.044221530445518326, 0.7665022349198103, 0.48221651102654217, 1.899839506890742, 1.3644503580708482, 2.2096243099566566, 2.404467632602444, 2.665056914615652, 1.2699450427223564, 0.08002013972113022, 0.015058671514919365, -0.3605851279422107, 1.0245921516336474, -0.7495170589353438, 0.529575855818755, -2.201677621553729, -1.2326682407776417, 1.8888071569415663, 2.124266822246258, -0.7506979107943184, 0.2560876713757903, 0.5488342955281749, 0.42103107830772674, -0.22043538557598594, -1.0615730161681003, 0.7957554899833702, -1.2849974428615545, 1.04671108121588, 0.22426911458075124, -0.9816023194918702, -0.08257389710244357, -0.3782782412797233, 0.7810947647226019], "A": [2.695, 2.6550000000000002, 2.785, 2.845, 2.565, 0.0, 0.8300000000000001, 0.995, 0.68, 0.61, 0.51, 0.435, 0.35000000000000003, 0.28500000000000003, 0.38, 3.715, 4.565, 4.68, 4.42, 4.84, 4.96, 1.7750000000000001, 1.805, 1.7550000000000001, 1.74, 1.705, 3.3000000000000003, 3.4250000000000003, 3.18, 4.075, 2.235, 2.355, 2.125, 1.305, 3.9, 4.245, 4.19, 3.575, 1.495, 3.025, 1.1300000000000001, 0.11, 2.015, 4.76, 3.805, 1.585, 4.325, 2.46, 3.095, 1.2, 5.0, 0], "R": [1, 1, 1, 1, 1, 1, 1, 1, 1, 1, 1, 1, 1, 1, 1, 1, 1, 1, 1, 1, 1, 1, 1, 1, 1, 0, 0, 0, 0, 0, 0, 0, 0, 0, 0, 0, 0, 0, 0, 0, 0, 0, 0, 0, 0, 0, 0, 0, 0, 0, 0, 0]}