{"RTG": [31, 30, 29, 28, 27, 26, 25, 24, 23, 22, 21, 20, 19, 18, 17, 16, 15, 14, 13, 12, 11, 10, 9, 8, 7, 6, 5, 4, 3, 2, 1, 0, 0, 0, 0, 0, 0, 0, 0, 0, 0, 0, 0, 0, 0, 0, 0, 0, 0, 0, 0, 0], "S": [0, 1.1484487020849217, 1.0245921516336474, 0.6800540626825456, -0.5681424030680832, 0.2045054376024882, 0.040343652882350874, 1.1694360114222457, 1.184145623379665, 1.176806974670785, 1.219837753571638, 1.294516094678491, 1.0542425639738024, -2.201677621553729, 0.016953564100676687, 0.7554559803553068, -0.6286623709632781, 1.2599255689740672, 0.8429601913364685, 0.6543334699031734, 1.2766244561205646, 1.1326765301622912, 0.028266080697662052, 0.22426911458075124, 0.623634391545786, 0.8011459087892528, 0.8205579041063652, 0.47891439095336297, 0.5188737380858635, -0.6958626735149382, 2.593288167724146, 2.2787485889783183, 2.6730387989219673, 0.6842214616603056, -0.5915936314210155, -0.8275862870460531, -0.5519999276125631, 0.7810947647226019, 2.1880040451103517, -1.1442504439522712, 0.5143621100491487, 0.27244383499665203, -1.5157966450157259, -0.6016781995881259, -0.2050297928400839, 0.4534819021847498, 0.10058988888118321, -0.611716481250362, 2.014262628658444, 1.132872154906867, -0.9561600736877052, -0.11355670144341846], "A": [2.195, 2.235, 2.1350000000000002, 0.0, 0.855, 1.045, 0.665, 0.625, 0.53, 0.46, 0.385, 0.32, 1.305, 3.085, 3.38, 3.49, 3.295, 3.24, 2.855, 2.73, 2.68, 2.52, 4.325, 4.515, 4.6450000000000005, 4.7700000000000005, 4.9, 4.115, 3.97, 1.72, 1.75, 1.695, 1.56, 3.73, 1.935, 0.155, 5.0, 4.215, 2.395, 2.97, 1.155, 3.85, 3.62, 1.445, 0.77, 4.4350000000000005, 0.9550000000000001, 4.18, 2.595, 2.0300000000000002, 0.075, 0], "R": [1, 1, 1, 1, 1, 1, 1, 1, 1, 1, 1, 1, 1, 1, 1, 1, 1, 1, 1, 1, 1, 1, 1, 1, 1, 1, 1, 1, 1, 1, 1, 0, 0, 0, 0, 0, 0, 0, 0, 0, 0, 0, 0, 0, 0, 0, 0, 0, 0, 0, 0, 0]}