{"RTG": [24, 23, 22, 21, 20, 19, 18, 17, 16, 15, 14, 13, 12, 11, 10, 9, 8, 7, 6, 5, 4, 3, 2, 1, 0, 0, 0, 0, 0, 0, 0, 0, 0, 0, 0, 0, 0, 0, 0, 0, 0, 0, 0, 0, 0, 0, 0, 0, 0, 0, 0, 0], "S": [0, 0.8259366669938637, 0.7417519397012445, 0.7039863856329738, 0.7220419228172474, 0.41543750807331425, -0.17456529408862, -0.5681424030680832, 0.1642534074841468, 0.040343652882350874, 1.1514880559381484, 1.1914882796809394, 1.1501940146532572, 1.219269979845113, 1.2881202542280985, 1.0000009442743154, -2.201677621553729, 1.0814212867534516, 0.9421555065576516, -0.4345148689017537, -0.16817882155834474, -0.5915936314210155, 1.1602292902251623, 1.3266242924078386, 1.0444516324076214, 2.6640935024130794, 2.486335711065681, 2.5551020877188306, 0.4633443805678566, -0.5574404173745552, -0.6399272688825074, -0.7834705376033333, 1.1380356008066348, -1.2809619500582092, -0.5519999276125631, 2.199560797986056, -0.06421981724753852, 1.8594942356609157, 0.49351587614176184, 0.2560876713757903, 0.3146398464699526, -0.8797078913319923, 0.7810947647226019, 0.2847659930484283, 1.1037847808441072, 0.4254157691859527, -0.526117465012331, 0.33376010508273046, -0.7568219640141731, -0.611716481250362, -1.0773133856651251, -0.11355670144341846], "A": [4.615, 4.565, 4.695, 4.8500000000000005, 4.93, 4.355, 0.0, 0.86, 1.045, 0.67, 0.63, 0.545, 0.455, 0.39, 0.315, 1.305, 2.1750000000000003, 2.245, 2.07, 3.105, 3.73, 2.695, 2.755, 2.815, 1.69, 1.665, 1.725, 3.4, 4.0600000000000005, 2.485, 3.54, 3.27, 3.895, 0.155, 4.21, 1.8800000000000001, 4.17, 2.965, 1.495, 1.1500000000000001, 2.365, 5.0, 3.2, 2.59, 0.78, 3.64, 4.46, 1.415, 0.9550000000000001, 1.97, 0.075, 0], "R": [1, 1, 1, 1, 1, 1, 1, 1, 1, 1, 1, 1, 1, 1, 1, 1, 1, 1, 1, 1, 1, 1, 1, 1, 0, 0, 0, 0, 0, 0, 0, 0, 0, 0, 0, 0, 0, 0, 0, 0, 0, 0, 0, 0, 0, 0, 0, 0, 0, 0, 0, 0]}