{"RTG": [1, 0, 0, 0, 0, 0, 0, 0, 0, 0, 0, 0, 0, 0, 0, 0, 0, 0, 0, 0, 0, 0, 0, 0, 0, 0, 0, 0, 0, 0, 0, 0, 0, 0, 0, 0, 0, 0, 0, 0, 0, 0, 0, 0, 0, 0, 0, 0, 0, 0, 0, 0], "S": [0, 2.404467632602444, 2.648718288939445, 2.6194882783227276, -0.1333343676888655, -0.5681424030680832, 1.1712103381729184, 1.2918036410372127, 0.4301388341903039, -1.143759296187581, -0.27455451950087434, -0.7260747810041374, 0.8494306260888944, 0.5073931917166381, 0.8011459087892528, 0.4462543804591722, 1.3027192822091056, 1.7668558624147594, 0.7008456084275234, -0.19932815225345174, 1.1211829717379291, 1.233874684983979, 0.5757938005403606, -0.7657231146818407, -0.26302149708902195, -0.032732204163866366, -0.661659592454025, 1.2704887200104722, 0.9858819527773454, -0.5980416703876035, -0.5519999276125631, 0.040343652882350874, -2.2362571854591744, 0.5392684839855656, -0.08326043425258514, 0.8127354545276446, 0.5891517867554916, 0.7216939239772742, 1.1988872073150763, 1.127721295153221, -1.5157966450157259, 2.1880040451103517, 1.0814212867534516, 0.7801908353249076, -0.526117465012331, 0.7181670574127406, 1.290558467107689, 0.4989637315144307, -0.44017286079018214, 0.377304667011703, 0.43977288007454873, 1.0887396232185838], "A": [1.74, 1.71, 1.68, 1.45, 0.0, 2.605, 2.735, 2.8850000000000002, 2.44, 3.125, 3.96, 4.8100000000000005, 4.965, 4.6450000000000005, 4.4750000000000005, 4.275, 4.165, 0.73, 0.895, 0.5700000000000001, 0.425, 0.28500000000000003, 3.525, 2.08, 1.18, 3.74, 3.315, 2.24, 1.915, 0.155, 1.045, 1.315, 3.395, 4.09, 1.57, 2.995, 4.73, 0.65, 2.67, 3.85, 4.215, 2.1750000000000003, 3.235, 3.64, 4.555, 0.36, 4.8950000000000005, 2.335, 0.8150000000000001, 1.115, 2.81, 0], "R": [1, 0, 0, 0, 0, 0, 0, 0, 0, 0, 0, 0, 0, 0, 0, 0, 0, 0, 0, 0, 0, 0, 0, 0, 0, 0, 0, 0, 0, 0, 0, 0, 0, 0, 0, 0, 0, 0, 0, 0, 0, 0, 0, 0, 0, 0, 0, 0, 0, 0, 0, 0]}