{"RTG": [30, 29, 28, 27, 26, 25, 24, 23, 22, 21, 20, 19, 18, 17, 16, 15, 14, 13, 12, 11, 10, 9, 8, 7, 6, 5, 4, 3, 2, 1, 0, 0, 0, 0, 0, 0, 0, 0, 0, 0, 0, 0, 0, 0, 0, 0, 0, 0, 0, 0, 0, 0], "S": [0, 0.16883208745421255, -1.414747719560874, 0.3027282790335336, -0.5681424030680832, -1.168351323450353, 1.1718425673152988, 1.2704887200104722, 0.7554559803553068, 2.084491255479688, 1.620324142494948, 2.199560797986056, 0.7810947647226019, 0.6977617291854273, 0.7360187314858049, 1.1031253948915591, 1.128847864961221, 1.2552709899027514, 0.6560959005237793, 0.35607588040206334, -1.054315683292044, 0.849990625769365, 0.5340475232331015, 1.1485285121397457, -1.0364517181494661, 0.040343652882350874, 0.6951830673805045, 1.1037847808441072, 2.3438345106132012, 1.9816540052700344, 2.5551020877188306, 2.6732740673741575, 1.1260754615276558, -0.6874175835325607, -0.7104987145618867, -0.16817882155834474, -0.5519999276125631, 0.10777792340828776, 0.27750730430012266, 0.19826562714405405, -0.5281913749203656, 0.5804748080628606, 0.8085877969105064, 1.2228604805951775, -1.3684260504266743, -0.074182758754499, -0.657719301396538, 0.26206678582391096, 0.35893135363273554, 0.421746209599056, 0.5508090681586929, -0.44151905624948234], "A": [1.48, 1.385, 1.5050000000000001, 0.0, 2.4, 3.275, 3.315, 3.38, 4.23, 4.26, 4.21, 5.0, 4.855, 4.675, 0.68, 0.56, 0.41000000000000003, 0.29, 0.8250000000000001, 1.965, 2.835, 2.975, 2.69, 3.7800000000000002, 1.045, 4.545, 2.59, 1.745, 1.77, 1.725, 1.7, 2.185, 3.99, 3.59, 3.105, 0.155, 1.17, 2.11, 4.445, 0.93, 2.275, 4.765, 0.485, 3.8850000000000002, 2.515, 3.495, 4.105, 2.9050000000000002, 4.94, 0.75, 3.685, 0], "R": [1, 1, 1, 1, 1, 1, 1, 1, 1, 1, 1, 1, 1, 1, 1, 1, 1, 1, 1, 1, 1, 1, 1, 1, 1, 1, 1, 1, 1, 1, 0, 0, 0, 0, 0, 0, 0, 0, 0, 0, 0, 0, 0, 0, 0, 0, 0, 0, 0, 0, 0, 0]}