{"RTG": [31, 30, 29, 28, 27, 26, 25, 24, 23, 22, 21, 20, 19, 18, 17, 16, 15, 14, 13, 12, 11, 10, 9, 8, 7, 6, 5, 4, 3, 2, 1, 0, 0, 0, 0, 0, 0, 0, 0, 0, 0, 0, 0, 0, 0, 0, 0, 0, 0, 0, 0, 0], "S": [0, 0.4633443805678566, 1.2005038616307513, 1.275078842405209, -0.5681424030680832, 0.2045054376024882, 0.0866432673157289, 1.1929647133334638, 1.1398863076022887, 1.2207514698396822, 1.2636906207954577, 1.0542425639738024, 0.7439499693117351, -0.5689652042600516, -1.1958523683721816, 0.8399611402853264, -0.7495170589353438, 1.1260754615276558, -1.0615730161681003, 1.4124672145230344, 0.624834862100612, 1.7165118520294746, 2.1300292046727938, 2.186387029405289, 0.7810947647226019, 0.6977617291854273, 0.7259718516629005, 0.849990625769365, 0.5340475232331015, 1.1392762323358923, -0.9336474874188099, 1.024040463667378, 2.665056914615652, 2.6194882783227276, 2.060748031034219, -0.2575596417689937, 0.7299093747335014, -0.3782782412797233, -0.6772614302070163, -0.8455440470023323, 0.7456394742923096, -0.611716481250362, -0.5550393478506724, 0.8205579041063652, -0.14944533764382856, -0.1285737335390223, 0.35893135363273554, 0.4777299050634701, -2.1283174002063725, 0.421746209599056, -0.7413584525528033, -1.5129641137469552], "A": [3.4, 3.335, 3.305, 0.0, 0.855, 1.05, 0.655, 0.6, 0.465, 0.405, 0.32, 0.725, 0.20500000000000002, 1.395, 2.255, 2.355, 2.185, 2.015, 4.2700000000000005, 4.305, 4.255, 4.225, 4.2, 5.0, 4.855, 4.68, 2.835, 2.975, 2.685, 3.77, 2.58, 1.705, 1.68, 1.7650000000000001, 3.12, 4.5600000000000005, 1.2, 3.6, 3.94, 1.565, 0.9550000000000001, 2.49, 4.7700000000000005, 1.885, 0.09, 2.9050000000000002, 4.48, 1.295, 4.94, 3.515, 3.855, 0], "R": [1, 1, 1, 1, 1, 1, 1, 1, 1, 1, 1, 1, 1, 1, 1, 1, 1, 1, 1, 1, 1, 1, 1, 1, 1, 1, 1, 1, 1, 1, 1, 0, 0, 0, 0, 0, 0, 0, 0, 0, 0, 0, 0, 0, 0, 0, 0, 0, 0, 0, 0, 0]}