{"RTG": [18, 17, 16, 15, 14, 13, 12, 11, 10, 9, 8, 7, 6, 5, 4, 3, 2, 1, 0, 0, 0, 0, 0, 0, 0, 0, 0, 0, 0, 0, 0, 0, 0, 0, 0, 0, 0, 0, 0, 0, 0, 0, 0, 0, 0, 0, 0, 0, 0, 0, 0, 0], "S": [0, 1.2256976844807996, 1.2450646428424186, 0.2847659930484283, -0.5681424030680832, 0.2045054376024882, 0.0866432673157289, 1.1832205329391008, 1.1571444090289609, 1.2228604805951775, 1.233874684983979, 1.183550878322407, -0.017882150725342393, 0.7439499693117351, 0.1134268335735682, -0.08361090576424757, 2.2807160561275923, 1.723220249425911, 2.539316846348272, 2.6640935024130794, 2.0751036904311593, 1.620324142494948, -0.18412100953310084, 0.7810947647226019, 0.7665022349198103, 0.7582537177375791, 0.6090386641418352, 1.1867253408604772, -0.6399272688825074, 1.2766244561205646, 0.37011310999987346, -0.44124323692021794, -2.1283174002063725, 0.718905993062926, -0.7250333914407979, -1.5157966450157259, 0.5488342955281749, -0.22824474011416213, -0.7495170589353438, 0.7824357235715943, -0.6092041357060602, 0.27244383499665203, 1.1065611909486615, -0.28307668106601713, -0.1908265540465092, 1.1302751163004074, 0.41543750807331425, -1.0957773882808306, -0.7260747810041374, -0.6772614302070163, 0.7871845460010397, -0.1275144827788334], "A": [3.33, 3.29, 3.2, 0.0, 0.855, 1.05, 0.66, 0.61, 0.485, 0.425, 0.335, 0.25, 0.725, 1.87, 2.09, 1.6500000000000001, 1.62, 1.67, 1.69, 4.1850000000000005, 4.26, 4.085, 5.0, 4.84, 4.665, 4.51, 2.615, 2.485, 2.73, 2.9, 3.68, 1.295, 2.265, 3.5100000000000002, 3.85, 3.025, 4.3950000000000005, 2.355, 4.755, 0.96, 1.155, 2.18, 1.44, 0.105, 2.805, 4.93, 1.975, 3.96, 3.6, 4.585, 3.1, 0], "R": [1, 1, 1, 1, 1, 1, 1, 1, 1, 1, 1, 1, 1, 1, 1, 1, 1, 1, 0, 0, 0, 0, 0, 0, 0, 0, 0, 0, 0, 0, 0, 0, 0, 0, 0, 0, 0, 0, 0, 0, 0, 0, 0, 0, 0, 0, 0, 0, 0, 0, 0, 0]}