{"RTG": [26, 25, 24, 23, 22, 21, 20, 19, 18, 17, 16, 15, 14, 13, 12, 11, 10, 9, 8, 7, 6, 5, 4, 3, 2, 1, 0, 0, 0, 0, 0, 0, 0, 0, 0, 0, 0, 0, 0, 0, 0, 0, 0, 0, 0, 0, 0, 0, 0, 0, 0, 0], "S": [0, -2.1696699967840307, -0.5681424030680832, 1.0814212867534516, 1.1283506934188439, 0.26116185121244917, -0.1445968462172942, -0.7001124557070517, 0.6977617291854273, 0.48221651102654217, 0.7131136754895187, 0.8058072136235602, 0.5061761088750564, 0.7352255488802192, 2.199560797986056, 2.0751036904311593, 1.2005613140987013, 1.185463162109889, 0.40772630398627313, 1.3016856375865116, 0.1500898090710972, 1.3265893946558156, 0.5668338030505861, 1.154923932830813, -0.7695552481135107, 2.404467632602444, 1.9816540052700344, 2.6246497070519292, 2.6194882783227276, -0.43538446450642626, -1.0882046889653323, 1.0942090702771463, -0.17560713225483768, -1.1095620561736692, 0.5821843027492473, 0.23008588075507877, -0.06490318263147667, 0.4327458304589763, -0.36679091592001095, 1.1380356008066348, 1.2200896781036197, -0.08708410671312418, -0.4438624640970557, -1.2326682407776417, -1.204898730905284, -0.8641358306892514, 0.4109152650008146, 0.7810947647226019, 0.8771817164369324, -0.1681685232451838, -0.35007698439985496, -0.28478069236999004], "A": [1.3, 0.0, 2.1750000000000003, 2.215, 2.295, 3.165, 4.0, 4.855, 4.96, 4.7250000000000005, 4.595, 4.485, 4.3, 4.21, 4.1850000000000005, 0.64, 0.525, 0.79, 0.375, 0.26, 2.7600000000000002, 2.865, 2.645, 3.565, 1.74, 1.77, 1.715, 1.68, 0.995, 3.785, 3.35, 2.5100000000000002, 1.98, 3.015, 1.49, 3.435, 1.125, 0.13, 3.27, 0.445, 0.885, 3.6750000000000003, 3.9, 2.415, 1.41, 2.945, 5.0, 0.71, 4.405, 2.075, 1.195, 0], "R": [1, 1, 1, 1, 1, 1, 1, 1, 1, 1, 1, 1, 1, 1, 1, 1, 1, 1, 1, 1, 1, 1, 1, 1, 1, 1, 0, 0, 0, 0, 0, 0, 0, 0, 0, 0, 0, 0, 0, 0, 0, 0, 0, 0, 0, 0, 0, 0, 0, 0, 0, 0]}