{"RTG": [7, 6, 5, 4, 3, 2, 1, 0, 0, 0, 0, 0, 0, 0, 0, 0, 0, 0, 0, 0, 0, 0, 0, 0, 0, 0, 0, 0, 0, 0, 0, 0, 0, 0, 0, 0, 0, 0, 0, 0, 0, 0, 0, 0, 0, 0, 0, 0, 0, 0, 0, 0], "S": [0, -0.5651519821379951, -0.5681424030680832, 1.1737062158429918, 0.3941168188128473, 1.550053509588688, 1.899839506890742, 2.5551020877188306, 2.6732740673741575, 1.0245921516336474, -0.9899543682703261, 0.529575855818755, 0.7801908353249076, 0.5392684839855656, 0.23093654685116718, -0.6772614302070163, 1.1686108490458247, 1.1288287176578806, 0.2454218611888777, 0.7468985423979649, 0.7861115957725884, 0.7810947647226019, 2.1646963807230764, 1.4381036978079742, 0.8479373402835767, 1.221849818761846, 1.290558467107689, 1.201293032425701, -0.3169393062321038, 0.4534819021847498, -2.1283174002063725, -1.5129641137469552, 0.35130374988897833, 0.7417519397012445, 0.7769529835142928, 0.16883208745421255, 0.43977288007454873, -0.7001124557070517, 0.42396904460622875, -0.6286623709632781, -0.5344493610789871, 1.1211829717379291, -0.22043538557598594, 1.2752776432954898, 0.07219968659936347, 0.7690116833676693, -0.8566861004606161, -0.7197448335686071, -0.19572881840451012, 0.7456394742923096, 1.2473233634412009, -0.28174751465887515], "A": [0.975, 0.0, 1.815, 1.855, 1.795, 1.7750000000000001, 1.725, 1.7, 2.235, 2.375, 2.125, 3.235, 3.395, 3.065, 3.6, 2.8000000000000003, 2.6750000000000003, 4.45, 4.67, 4.835, 5.0, 4.22, 4.15, 4.295, 0.49, 0.36, 0.645, 0.23, 0.77, 1.295, 3.855, 2.92, 4.565, 2.56, 1.48, 1.115, 4.0, 4.92, 3.49, 3.72, 0.5700000000000001, 0.11, 3.31, 0.87, 4.75, 2.04, 2.48, 1.19, 1.565, 0.41500000000000004, 3.14, 0], "R": [1, 1, 1, 1, 1, 1, 1, 0, 0, 0, 0, 0, 0, 0, 0, 0, 0, 0, 0, 0, 0, 0, 0, 0, 0, 0, 0, 0, 0, 0, 0, 0, 0, 0, 0, 0, 0, 0, 0, 0, 0, 0, 0, 0, 0, 0, 0, 0, 0, 0, 0, 0]}