{"RTG": [28, 27, 26, 25, 24, 23, 22, 21, 20, 19, 18, 17, 16, 15, 14, 13, 12, 11, 10, 9, 8, 7, 6, 5, 4, 3, 2, 1, 0, 0, 0, 0, 0, 0, 0, 0, 0, 0, 0, 0, 0, 0, 0, 0, 0, 0, 0, 0, 0, 0, 0, 0], "S": [0, 1.1400171087098125, 0.8710105674086935, 1.05823352995558, -0.5681424030680832, 0.2045054376024882, 0.040343652882350874, 1.1694360114222457, 1.184145623379665, 1.176806974670785, 1.219837753571638, 1.294516094678491, 1.0542425639738024, -2.201677621553729, 0.06986426174581307, 1.2457424006890583, 0.8219396147231978, 1.2009822841548368, 0.7014264433005017, 1.2766244561205646, 1.1326765301622912, 0.028266080697662052, 2.1300292046727938, 1.7165118520294746, 2.186387029405289, 0.7810947647226019, 0.6977617291854273, 0.7360187314858049, 2.5551020877188306, 2.6730387989219673, 2.198622511720558, -0.984767779832423, 0.6726275675323473, -0.5315242372945383, -0.6878780468282619, -0.7253309927571581, -0.5519999276125631, 0.20124723393830407, -1.1142781305849165, 0.5143621100491487, 0.10058988888118321, 0.3146398464699526, 0.8085877969105064, -1.0615730161681003, -1.4389975327009001, 0.4534819021847498, -0.18412100953310084, -0.4438624640970557, -0.611716481250362, -0.043400782201073435, 0.421746209599056, 1.3644503580708482], "A": [2.19, 2.15, 2.23, 0.0, 0.855, 1.045, 0.665, 0.625, 0.53, 0.46, 0.385, 0.32, 1.305, 3.08, 3.325, 3.375, 3.2800000000000002, 2.85, 2.73, 2.68, 2.52, 4.225, 4.255, 4.2, 5.0, 4.855, 4.675, 1.725, 1.695, 1.645, 3.775, 4.535, 1.9100000000000001, 3.975, 3.585, 0.155, 1.485, 2.39, 2.97, 4.4350000000000005, 1.1500000000000001, 4.765, 2.015, 3.875, 0.77, 4.085, 3.6750000000000003, 0.9550000000000001, 3.1750000000000003, 4.94, 1.805, 0], "R": [1, 1, 1, 1, 1, 1, 1, 1, 1, 1, 1, 1, 1, 1, 1, 1, 1, 1, 1, 1, 1, 1, 1, 1, 1, 1, 1, 1, 0, 0, 0, 0, 0, 0, 0, 0, 0, 0, 0, 0, 0, 0, 0, 0, 0, 0, 0, 0, 0, 0, 0, 0]}