{"RTG": [22, 21, 20, 19, 18, 17, 16, 15, 14, 13, 12, 11, 10, 9, 8, 7, 6, 5, 4, 3, 2, 1, 0, 0, 0, 0, 0, 0, 0, 0, 0, 0, 0, 0, 0, 0, 0, 0, 0, 0, 0, 0, 0, 0, 0, 0, 0, 0, 0, 0, 0, 0], "S": [0, -0.8169671187903633, -0.5681424030680832, 0.1642534074841468, -0.6092041357060602, 0.3680109104289028, 0.4949049722078865, 1.1832205329391008, 1.1914882796809394, -2.2383187886964397, 0.3573440360234566, 0.9438680768787604, -0.2620302510306252, 1.2752776432954898, 0.7352255488802192, -0.130551393865645, 2.186387029405289, 1.8594942356609157, 0.8058072136235602, 0.7690116833676693, 0.43333794832263955, 0.4903847194743459, -0.9971860540038541, 2.6730387989219673, 2.486335711065681, 2.5551020877188306, 1.2607647850267172, 0.35215098025751895, 1.1390065784520442, -1.1394990942280583, 0.6560959005237793, 1.2473233634412009, 0.3327416839338406, -0.5519999276125631, 1.1484487020849217, 0.42103107830772674, -0.7085119626694121, 0.4215588852672501, -0.5628831503192052, 0.7810947647226019, 0.280033209144718, 0.623634391545786, 1.2198638448838093, 0.7817142987958644, 1.2423047404347072, 0.8188852879171115, -0.4757085314032074, -0.5574404173745552, 0.3643491653233505, -0.2338234595287891, -0.47432048764582246, -0.11355670144341846], "A": [2.36, 0.0, 0.86, 0.96, 0.8200000000000001, 0.76, 0.66, 0.63, 1.32, 3.205, 3.365, 3.45, 3.31, 4.3, 4.41, 4.2, 4.17, 4.595, 4.75, 4.915, 1.85, 2.025, 1.695, 1.665, 1.725, 2.785, 2.91, 2.6550000000000002, 3.79, 0.29, 0.41500000000000004, 2.535, 0.155, 2.195, 1.1300000000000001, 3.9650000000000003, 3.045, 3.63, 5.0, 1.5, 4.515, 0.495, 2.2600000000000002, 2.72, 4.825, 1.205, 4.0600000000000005, 2.115, 3.115, 3.705, 0.075, 0], "R": [1, 1, 1, 1, 1, 1, 1, 1, 1, 1, 1, 1, 1, 1, 1, 1, 1, 1, 1, 1, 1, 1, 0, 0, 0, 0, 0, 0, 0, 0, 0, 0, 0, 0, 0, 0, 0, 0, 0, 0, 0, 0, 0, 0, 0, 0, 0, 0, 0, 0, 0, 0]}