{"RTG": [5, 4, 3, 2, 1, 0, 0, 0, 0, 0, 0, 0, 0, 0, 0, 0, 0, 0, 0, 0, 0, 0, 0, 0, 0, 0, 0, 0, 0, 0, 0, 0, 0, 0, 0, 0, 0, 0, 0, 0, 0, 0, 0, 0, 0, 0, 0, 0, 0, 0, 0, 0], "S": [0, -0.36042160659606265, -0.5681424030680832, 2.2787485889783183, 1.8155548068888594, 2.510577190859736, 2.648718288939445, 0.3249895437356506, 1.1849486762474712, 1.3266242924078386, 0.37011310999987346, -0.9816023194918702, 0.015058671514919365, -0.7057535105063594, -0.12888793902105405, 0.7810947647226019, 0.7665022349198103, 0.7582537177375791, 1.219837753571638, 1.1228239058413378, 0.940457295044262, -0.7762351625212653, 0.27750730430012266, -0.785730101527414, 0.7881508443671758, 0.6494093557430308, -0.5613504714487526, -0.6433226681011133, 1.66510693211448, 0.8399611402853264, -0.08326043425258514, 2.1300292046727938, 1.2256976844807996, 0.49481502529770993, 0.1738487017905306, -1.1095620561736692, -1.621789297070172, 0.7824357235715943, 1.1485285121397457, -1.4864591883310811, 1.294516094678491, 0.4633443805678566, 0.3905628121415768, -0.5821590646936314, -0.44017286079018214, 1.8238428669741287, 0.41543750807331425, 0.4035438731462402, 0.2454218611888777, 1.1260754615276558, -0.11299887448909537, 1.0567075262404362], "A": [0.91, 0.0, 1.75, 1.78, 1.73, 1.71, 1.51, 2.625, 2.755, 2.9, 2.46, 3.18, 3.505, 4.3500000000000005, 5.0, 4.84, 4.665, 0.46, 0.585, 0.31, 3.95, 2.11, 1.22, 0.72, 4.525, 3.725, 0.18, 4.16, 2.255, 4.09, 4.225, 3.33, 3.035, 1.06, 1.98, 1.375, 4.755, 2.69, 3.835, 0.385, 3.4, 0.805, 3.625, 2.335, 1.625, 4.93, 1.135, 4.45, 2.185, 0.08, 3.2600000000000002, 0], "R": [1, 1, 1, 1, 1, 0, 0, 0, 0, 0, 0, 0, 0, 0, 0, 0, 0, 0, 0, 0, 0, 0, 0, 0, 0, 0, 0, 0, 0, 0, 0, 0, 0, 0, 0, 0, 0, 0, 0, 0, 0, 0, 0, 0, 0, 0, 0, 0, 0, 0, 0, 0]}