{"RTG": [12, 11, 10, 9, 8, 7, 6, 5, 4, 3, 2, 1, 0, 0, 0, 0, 0, 0, 0, 0, 0, 0, 0, 0, 0, 0, 0, 0, 0, 0, 0, 0, 0, 0, 0, 0, 0, 0, 0, 0, 0, 0, 0, 0, 0, 0, 0, 0, 0, 0, 0, 0], "S": [0, 0.4166613326088767, 0.6206059075296275, 0.8494306260888944, 0.7824357235715943, -0.5681424030680832, 0.2404961358400748, -0.2543664896025655, 0.9625550854276712, 1.1929647133334638, 1.1571444090289609, 0.2053593529541412, -0.6664423878806288, 2.6730387989219673, 2.539316846348272, 2.510577190859736, 0.37011310999987346, -0.1275144827788334, 1.1740795034056069, 0.8492731788192288, -0.9899543682703261, -1.0793329670954217, -0.5960565376578272, -0.011464620116161107, -2.2113535522026915, 1.10297997475711, -0.5689652042600516, 1.2287157098589727, 0.6494093557430308, 1.4381036978079742, 1.2254038456039946, -0.4513534362588481, -0.4354061667458947, 2.1300292046727938, 1.1413307041700922, 1.2033515197286617, 0.3146398464699526, 0.9438680768787604, 0.3476295436147299, 0.8259366669938637, -1.2384763947727195, 0.21347584363378308, 0.5804748080628606, -0.6944213635994284, -0.1444384360798626, 0.5891517867554916, -0.5550393478506724, 0.7810947647226019, -0.8928179219706346, -1.0269167683512421, 0.14978629205510915, 1.2126012150820673], "A": [4.9350000000000005, 4.87, 4.8100000000000005, 4.755, 0.0, 0.85, 1.0150000000000001, 0.7000000000000001, 0.655, 0.61, 1.865, 2.055, 1.695, 1.67, 1.73, 2.9, 3.1, 2.7, 2.565, 2.375, 3.915, 3.485, 4.34, 1.33, 0.325, 0.20500000000000002, 0.43, 4.525, 4.15, 3.285, 3.6950000000000003, 4.07, 4.225, 2.21, 2.795, 1.1500000000000001, 3.365, 1.5150000000000001, 4.615, 3.8000000000000003, 3.1950000000000003, 2.275, 3.595, 0.095, 2.995, 2.49, 5.0, 1.225, 1.96, 4.44, 0.505, 0], "R": [1, 1, 1, 1, 1, 1, 1, 1, 1, 1, 1, 1, 0, 0, 0, 0, 0, 0, 0, 0, 0, 0, 0, 0, 0, 0, 0, 0, 0, 0, 0, 0, 0, 0, 0, 0, 0, 0, 0, 0, 0, 0, 0, 0, 0, 0, 0, 0, 0, 0, 0, 0]}