{"RTG": [9, 8, 7, 6, 5, 4, 3, 2, 1, 0, 0, 0, 0, 0, 0, 0, 0, 0, 0, 0, 0, 0, 0, 0, 0, 0, 0, 0, 0, 0, 0, 0, 0, 0, 0, 0, 0, 0, 0, 0, 0, 0, 0, 0, 0, 0, 0, 0, 0, 0, 0, 0], "S": [0, -0.5109588790481822, -0.5681424030680832, 0.2992456858903939, -0.4088659150438583, 0.3905628121415768, 1.640461454575373, 0.979413961857978, 1.9816540052700344, 2.2096243099566566, 2.648718288939445, 1.2423047404347072, 0.7500898340417048, 1.024040463667378, -1.1987220633160474, 0.4215588852672501, 0.9022883692297691, 0.5392684839855656, 0.7299093747335014, 0.7131136754895187, -0.2695911284410121, 0.46108902787231554, 1.2881202542280985, 1.2072785431808835, -0.09834637685729146, -2.201677621553729, -0.6434383622202263, 0.9242571415201947, -0.7834705376033333, -1.4061401913825524, 2.1880040451103517, 1.620324142494948, 0.4256092218561636, 1.184145623379665, 0.7810947647226019, 0.8934834654088644, 0.43977288007454873, -0.24866560631437654, 0.4109152650008146, -0.7349959441494497, -0.28949292123513, 0.8095437992284806, 1.66510693211448, 1.154923932830813, 1.260659837942881, -0.4572802851966546, 0.040343652882350874, 0.8418830957241761, 1.1460939208731853, -0.5441132825174866, 2.486335711065681, 0.4462543804591722], "A": [3.715, 0.0, 0.84, 0.915, 0.805, 1.79, 1.825, 1.77, 1.7550000000000001, 1.71, 2.72, 2.845, 2.58, 2.41, 3.045, 3.245, 3.395, 4.5600000000000005, 4.7250000000000005, 4.38, 4.905, 0.39, 0.51, 0.245, 1.305, 4.05, 2.1550000000000002, 3.54, 3.88, 4.215, 4.26, 1.53, 0.625, 5.0, 2.25, 1.115, 3.15, 2.945, 2.05, 0.12, 4.64, 4.16, 2.645, 3.3200000000000003, 1.43, 1.045, 4.815, 0.33, 3.6350000000000002, 1.665, 4.4750000000000005, 0], "R": [1, 1, 1, 1, 1, 1, 1, 1, 1, 0, 0, 0, 0, 0, 0, 0, 0, 0, 0, 0, 0, 0, 0, 0, 0, 0, 0, 0, 0, 0, 0, 0, 0, 0, 0, 0, 0, 0, 0, 0, 0, 0, 0, 0, 0, 0, 0, 0, 0, 0, 0, 0]}