{"RTG": [18, 17, 16, 15, 14, 13, 12, 11, 10, 9, 8, 7, 6, 5, 4, 3, 2, 1, 0, 0, 0, 0, 0, 0, 0, 0, 0, 0, 0, 0, 0, 0, 0, 0, 0, 0, 0, 0, 0, 0, 0, 0, 0, 0, 0, 0, 0, 0, 0, 0, 0, 0], "S": [0, 1.0093963694162764, 0.4304544603542519, 1.2009822841548368, 1.260659837942881, -0.7657231146818407, -0.5681424030680832, 0.2045054376024882, 0.0866432673157289, 1.1929647133334638, 1.14814577970639, 1.2226063038826296, 1.2473233634412009, 1.10297997475711, 0.7439499693117351, -0.3799924249980656, 0.3941168188128473, -1.0849883657686858, 2.510577190859736, 2.665056914615652, 2.4252267062251835, -0.2679591565011226, 0.7810947647226019, 0.7665022349198103, 0.7582537177375791, 1.132872154906867, -0.9816023194918702, 1.2066195172364638, 0.45867151981736537, -0.7085119626694121, -2.2239717903468845, 2.014262628658444, 0.6520050202483836, 1.9631888737933478, -0.9336474874188099, 1.05823352995558, 0.6951830673805045, 0.5942894159677002, 0.280033209144718, -0.0017655707758112728, 0.7486707964918938, 0.27244383499665203, 0.42396904460622875, -0.49352352380335235, 0.7690116833676693, 1.2341595925880817, -0.6077964200381839, -0.1444384360798626, -1.4664759182334537, -0.6527118419102764, 0.41171617023787066, 0.17769761202432371], "A": [3.255, 3.21, 3.2800000000000002, 3.3200000000000003, 3.525, 0.0, 0.855, 1.05, 0.655, 0.605, 0.47500000000000003, 0.41500000000000004, 0.325, 0.725, 0.225, 1.855, 2.0100000000000002, 1.73, 1.705, 1.6600000000000001, 4.375, 5.0, 4.84, 4.665, 2.595, 2.46, 2.71, 2.88, 3.9650000000000003, 1.31, 4.18, 4.12, 4.24, 3.77, 2.23, 4.545, 3.0, 1.5, 2.31, 2.14, 1.155, 4.92, 3.65, 4.75, 2.79, 0.9500000000000001, 0.095, 3.87, 1.42, 4.47, 3.0700000000000003, 0], "R": [1, 1, 1, 1, 1, 1, 1, 1, 1, 1, 1, 1, 1, 1, 1, 1, 1, 1, 0, 0, 0, 0, 0, 0, 0, 0, 0, 0, 0, 0, 0, 0, 0, 0, 0, 0, 0, 0, 0, 0, 0, 0, 0, 0, 0, 0, 0, 0, 0, 0, 0, 0]}