{"RTG": [10, 9, 8, 7, 6, 5, 4, 3, 2, 1, 0, 0, 0, 0, 0, 0, 0, 0, 0, 0, 0, 0, 0, 0, 0, 0, 0, 0, 0, 0, 0, 0, 0, 0, 0, 0, 0, 0, 0, 0, 0, 0, 0, 0, 0, 0, 0, 0, 0, 0, 0, 0], "S": [0, -0.0968313948440262, -0.5681424030680832, 0.2045054376024882, -0.5973820916024358, 0.377304667011703, 1.3644503580708482, 0.587534579924061, 1.7290264375923594, 1.9816540052700344, 2.593288167724146, 2.6730387989219673, 0.5804748080628606, -1.0754068804073755, 0.6800540626825456, -0.6929902457178543, 0.7665022349198103, 0.7810947647226019, 0.7697164372501104, 0.5317048528935276, 0.7352255488802192, -0.7811408998812415, 1.2473233634412009, 1.158880316031669, 0.2360780316584261, 0.7500898340417048, 1.1740795034056069, -2.078054622311628, 0.5891517867554916, -0.984767779832423, 1.9421985709844345, 1.0942090702771463, 1.1988872073150763, 1.1712103381729184, 0.5188737380858635, 0.09060725392395028, -0.4064917918700017, 0.00646266035523254, 0.438911988125878, 0.7690116833676693, 2.1300292046727938, 1.1380356008066348, -0.7985100098253909, -1.4061401913825524, -0.4570567081919362, 0.7535780975912624, 0.35130374988897833, 0.41543750807331425, 1.2628973292464318, 1.1413307041700922, -0.19572881840451012, 0.6284470719106436], "A": [3.17, 0.0, 0.855, 0.9450000000000001, 0.8150000000000001, 1.805, 1.845, 1.7850000000000001, 1.77, 1.72, 1.695, 2.275, 2.45, 2.1350000000000002, 3.995, 4.84, 5.0, 4.66, 4.49, 4.3, 3.555, 0.41500000000000004, 0.54, 0.265, 2.845, 2.7, 1.29, 2.995, 3.775, 4.175, 3.35, 0.65, 2.605, 4.115, 1.47, 0.135, 3.43, 1.12, 4.75, 4.225, 3.27, 2.045, 3.88, 3.665, 4.57, 2.92, 4.93, 0.35000000000000003, 2.21, 1.19, 1.555, 0], "R": [1, 1, 1, 1, 1, 1, 1, 1, 1, 1, 0, 0, 0, 0, 0, 0, 0, 0, 0, 0, 0, 0, 0, 0, 0, 0, 0, 0, 0, 0, 0, 0, 0, 0, 0, 0, 0, 0, 0, 0, 0, 0, 0, 0, 0, 0, 0, 0, 0, 0, 0, 0]}