{"RTG": [9, 8, 7, 6, 5, 4, 3, 2, 1, 0, 0, 0, 0, 0, 0, 0, 0, 0, 0, 0, 0, 0, 0, 0, 0, 0, 0, 0, 0, 0, 0, 0, 0, 0, 0, 0, 0, 0, 0, 0, 0, 0, 0, 0, 0, 0, 0, 0, 0, 0, 0, 0], "S": [0, 1.233874684983979, 1.294516094678491, 0.940457295044262, 1.1327279928260916, 1.1514880559381484, 0.4254157691859527, 1.2265483993932222, 2.198622511720558, 2.486335711065681, 2.6462676611234475, -2.2383187886964397, 0.9147600389067359, 1.2423047404347072, 0.609313522152387, -1.1442504439522712, 0.12372982621026657, 1.2005038616307513, -0.428093934136053, 0.7143651627474831, 0.3165938873653324, 0.6612033019948327, 0.7002211277137405, 0.5690923241108877, 0.14065031128985822, -1.5129641137469552, -0.5681424030680832, -0.7349959441494497, -0.2543664896025655, 0.7810947647226019, -0.47945674206180294, 0.02348309645291035, 1.1283506934188439, -0.5193532046837243, 0.05135519972342358, 2.1990799042829505, 0.35049370059763607, 0.49351587614176184, 1.154923932830813, -0.19932815225345174, 0.8478622810701648, 0.8710105674086935, -0.6878780468282619, -0.2050297928400839, -0.7695552481135107, 1.9631888737933478, 2.060748031034219, 0.8259366669938637, 0.26116185121244917, -0.7433870189333005, -0.6800648534759454, -0.22095008144629988], "A": [0.425, 0.385, 0.31, 0.595, 0.67, 0.78, 1.595, 1.645, 1.665, 1.685, 1.32, 2.57, 2.72, 2.86, 2.395, 3.075, 3.335, 3.465, 3.23, 4.32, 4.53, 4.7, 4.88, 4.1, 3.855, 0.0, 2.05, 1.0150000000000001, 5.0, 3.6550000000000002, 1.875, 2.215, 0.15, 4.43, 4.205, 1.145, 2.965, 2.645, 0.895, 4.785, 2.15, 3.975, 1.445, 3.565, 4.24, 1.7650000000000001, 4.615, 2.295, 3.75, 1.215, 3.1550000000000002, 0], "R": [1, 1, 1, 1, 1, 1, 1, 1, 1, 0, 0, 0, 0, 0, 0, 0, 0, 0, 0, 0, 0, 0, 0, 0, 0, 0, 0, 0, 0, 0, 0, 0, 0, 0, 0, 0, 0, 0, 0, 0, 0, 0, 0, 0, 0, 0, 0, 0, 0, 0, 0, 0]}