{"RTG": [9, 8, 7, 6, 5, 4, 3, 2, 1, 0, 0, 0, 0, 0, 0, 0, 0, 0, 0, 0, 0, 0, 0, 0, 0, 0, 0, 0, 0, 0, 0, 0, 0, 0, 0, 0, 0, 0, 0, 0, 0, 0, 0, 0, 0, 0, 0, 0, 0, 0, 0, 0], "S": [0, 0.35607588040206334, 0.5210538878624557, 1.072987484673177, 1.1988872073150763, -0.5088549283725726, 0.587534579924061, -1.0773133856651251, 2.2096243099566566, 2.510577190859736, 2.665056914615652, 0.493019990916102, 0.9496061264010378, 0.5143621100491487, 1.127721295153221, 0.028266080697662052, 0.015058671514919365, -0.68423059871148, 0.8036415820234936, 0.6452690930094037, 0.7697164372501104, 0.5317048528935276, 0.7352255488802192, -0.5681424030680832, -0.7834705376033333, 1.1460939208731853, -0.5320126392908179, 1.2218576619033426, -1.8790008443431394, 0.6517420719044649, -0.8835498934886132, 1.8594942356609157, 1.1347072427156868, 0.9242571415201947, 0.26206678582391096, -1.1142781305849165, 2.1300292046727938, 0.15531055956049092, 0.4327458304589763, 0.7652276639764811, 0.17769761202432371, 1.3153844260682281, -0.6527118419102764, 0.44580020575484075, -1.4664759182334537, -0.47945674206180294, 1.185463162109889, -0.1444384360798626, 2.356485375892664, 1.1380356008066348, 0.7558657355637947, -0.26302149708902195], "A": [0.8250000000000001, 0.755, 0.685, 0.65, 0.985, 1.845, 1.97, 1.7550000000000001, 1.73, 1.705, 1.54, 2.825, 2.97, 2.67, 2.52, 3.18, 3.985, 4.83, 4.985, 4.66, 4.49, 4.3, 0.0, 3.54, 0.33, 0.21, 0.44, 1.2750000000000001, 2.27, 3.765, 4.17, 3.345, 2.1550000000000002, 4.105, 2.39, 4.225, 3.42, 1.125, 4.575, 3.0700000000000003, 2.745, 1.42, 4.91, 3.87, 3.6550000000000002, 0.525, 0.095, 1.655, 3.27, 4.745, 2.08, 0], "R": [1, 1, 1, 1, 1, 1, 1, 1, 1, 0, 0, 0, 0, 0, 0, 0, 0, 0, 0, 0, 0, 0, 0, 0, 0, 0, 0, 0, 0, 0, 0, 0, 0, 0, 0, 0, 0, 0, 0, 0, 0, 0, 0, 0, 0, 0, 0, 0, 0, 0, 0, 0]}