{"RTG": [26, 25, 24, 23, 22, 21, 20, 19, 18, 17, 16, 15, 14, 13, 12, 11, 10, 9, 8, 7, 6, 5, 4, 3, 2, 1, 0, 0, 0, 0, 0, 0, 0, 0, 0, 0, 0, 0, 0, 0, 0, 0, 0, 0, 0, 0, 0, 0, 0, 0, 0, 0], "S": [0, 1.1037847808441072, 1.1795391579642154, 1.1740795034056069, 1.2341595925880817, 0.6543334699031734, -0.5681424030680832, 0.2045054376024882, 0.0866432673157289, 1.1832205329391008, 1.1571444090289609, 1.221849818761846, 1.2247109249108254, 1.2154017406227207, 0.3223835114148992, 1.3016856375865116, 0.6594579003937963, -0.5613504714487526, 0.7765038309941795, 0.7096778610505728, 0.14978629205510915, 0.6977617291854273, 0.6452690930094037, 1.550053509588688, 0.8814861408638388, 1.899839506890742, 2.13684204514209, 2.648718288939445, 1.275078842405209, 0.08002013972113022, 0.07785300854845761, 0.26206678582391096, -0.2050297928400839, 0.8399611402853264, -1.0785053980520602, 0.7486707964918938, -0.8455440470023323, 1.7165118520294746, -1.2153810007194785, 0.3165938873653324, -0.7387734467982239, 2.1614265129414165, 0.5243572241097797, 1.3220304032576353, -0.6092041357060602, -0.8566861004606161, -0.1908265540465092, -1.4647684387382283, 0.8313089284247416, 0.38008632231324074, -1.968180204763193, -0.1275144827788334], "A": [2.59, 2.63, 2.7, 2.79, 2.855, 0.0, 0.855, 1.05, 0.66, 0.61, 0.49, 0.435, 0.34, 0.27, 0.375, 0.735, 3.725, 4.58, 4.69, 4.44, 4.855, 4.985, 1.795, 1.83, 1.7750000000000001, 1.76, 1.71, 3.305, 3.4250000000000003, 3.185, 4.105, 1.445, 2.255, 2.3850000000000002, 2.14, 3.94, 4.255, 1.24, 4.32, 3.58, 4.195, 3.0300000000000002, 1.6, 0.96, 2.04, 0.105, 3.83, 4.775, 1.1400000000000001, 1.355, 3.1, 0], "R": [1, 1, 1, 1, 1, 1, 1, 1, 1, 1, 1, 1, 1, 1, 1, 1, 1, 1, 1, 1, 1, 1, 1, 1, 1, 1, 0, 0, 0, 0, 0, 0, 0, 0, 0, 0, 0, 0, 0, 0, 0, 0, 0, 0, 0, 0, 0, 0, 0, 0, 0, 0]}