{"RTG": [26, 25, 24, 23, 22, 21, 20, 19, 18, 17, 16, 15, 14, 13, 12, 11, 10, 9, 8, 7, 6, 5, 4, 3, 2, 1, 0, 0, 0, 0, 0, 0, 0, 0, 0, 0, 0, 0, 0, 0, 0, 0, 0, 0, 0, 0, 0, 0, 0, 0, 0, 0], "S": [0, -0.37216872731518913, 0.12001744277458769, -0.5651519821379951, 0.377304667011703, 0.5210538878624557, 1.1832205329391008, 1.184145623379665, -1.7120879587304418, 0.6068916248446233, 0.8934834654088644, -0.7495170589353438, 1.151436074096337, 0.5754088667607283, 1.1347072427156868, 0.4633443805678566, 1.2752776432954898, 1.7165118520294746, 0.9620205374516724, 2.0286591678260097, 2.1880040451103517, 0.826452834105411, 0.8085877969105064, 0.41543750807331425, 1.1302751163004074, 0.35130374988897833, 1.1326765301622912, 2.665056914615652, 2.510577190859736, 2.486335711065681, -1.1394990942280583, 0.7332462169914621, 1.2473233634412009, -0.7202755602478425, 0.20124723393830407, 0.7769529835142928, 0.5928665680352182, -0.6841722909757619, -0.6404363206845495, -0.6049491287165064, 0.3321029361393006, 0.7810947647226019, 0.43977288007454873, 1.2198638448838093, -1.3062435570172963, -0.7197448335686071, 0.7039863856329738, -1.3684260504266743, 0.9635249207235376, -0.7657231146818407, -0.08326043425258514, -1.0323222330279518], "A": [0.025, 0.865, 0.975, 0.8150000000000001, 0.755, 0.66, 0.625, 1.2650000000000001, 2.13, 2.25, 2.355, 2.2, 3.22, 3.345, 3.4, 3.31, 4.255, 4.29, 4.235, 4.215, 4.62, 4.765, 4.93, 2.805, 2.92, 2.68, 1.705, 1.73, 1.665, 3.79, 0.295, 0.41500000000000004, 1.925, 1.485, 2.56, 4.505, 3.98, 3.61, 0.165, 3.055, 5.0, 1.115, 0.495, 1.3900000000000001, 2.48, 4.695, 3.8850000000000002, 1.58, 3.525, 4.09, 2.02, 0], "R": [1, 1, 1, 1, 1, 1, 1, 1, 1, 1, 1, 1, 1, 1, 1, 1, 1, 1, 1, 1, 1, 1, 1, 1, 1, 1, 0, 0, 0, 0, 0, 0, 0, 0, 0, 0, 0, 0, 0, 0, 0, 0, 0, 0, 0, 0, 0, 0, 0, 0, 0, 0]}