{"RTG": [22, 21, 20, 19, 18, 17, 16, 15, 14, 13, 12, 11, 10, 9, 8, 7, 6, 5, 4, 3, 2, 1, 0, 0, 0, 0, 0, 0, 0, 0, 0, 0, 0, 0, 0, 0, 0, 0, 0, 0, 0, 0, 0, 0, 0, 0, 0, 0, 0, 0, 0, 0], "S": [0, -0.9092916740966068, -0.5681424030680832, 0.1642534074841468, -0.6092041357060602, 0.3680109104289028, 0.4949049722078865, 1.1832205329391008, 1.1914882796809394, -2.2383187886964397, 0.45867151981736537, 0.5488342955281749, -0.043400782201073435, 1.189694727779941, 1.129227959703775, 0.028266080697662052, -0.7078722906587652, 0.7220419228172474, 0.48221651102654217, 0.7063621804743907, 0.7871845460010397, 0.41171617023787066, -0.7506979107943184, 2.6640935024130794, 2.6246497070519292, 1.8238428669741287, 0.6560959005237793, 1.620324142494948, 1.9421985709844345, 0.34532270229374284, 0.9438680768787604, -1.0882046889653323, 1.2473233634412009, 0.3941168188128473, -0.5519999276125631, 0.42103107830772674, 1.1065611909486615, -0.2620302510306252, -0.17456529408862, 1.2009822841548368, 0.16883208745421255, -1.186524735350794, 1.2198638448838093, -1.2809619500582092, 1.2033515197286617, -0.44124323692021794, 0.38850455016500957, -0.4757085314032074, 0.7810947647226019, -0.8754740322537258, -0.11355670144341846, 0.791505350158265], "A": [2.035, 0.0, 0.86, 0.96, 0.8200000000000001, 0.76, 0.66, 0.63, 1.32, 2.88, 3.025, 3.1750000000000003, 2.705, 2.665, 2.52, 4.005, 4.8500000000000005, 4.96, 4.72, 4.585, 4.47, 3.575, 1.69, 1.715, 1.625, 0.29, 4.26, 4.175, 2.29, 3.365, 3.785, 0.41500000000000004, 1.855, 0.155, 1.1300000000000001, 2.18, 3.45, 4.355, 3.2800000000000002, 1.48, 2.4050000000000002, 0.495, 3.895, 2.795, 3.68, 4.11, 1.205, 5.0, 1.94, 0.075, 4.65, 0], "R": [1, 1, 1, 1, 1, 1, 1, 1, 1, 1, 1, 1, 1, 1, 1, 1, 1, 1, 1, 1, 1, 1, 0, 0, 0, 0, 0, 0, 0, 0, 0, 0, 0, 0, 0, 0, 0, 0, 0, 0, 0, 0, 0, 0, 0, 0, 0, 0, 0, 0, 0, 0]}