{"RTG": [24, 23, 22, 21, 20, 19, 18, 17, 16, 15, 14, 13, 12, 11, 10, 9, 8, 7, 6, 5, 4, 3, 2, 1, 0, 0, 0, 0, 0, 0, 0, 0, 0, 0, 0, 0, 0, 0, 0, 0, 0, 0, 0, 0, 0, 0, 0, 0, 0, 0, 0, 0], "S": [0, -0.47432048764582246, -0.5681424030680832, 0.07219968659936347, -0.3935566625341845, 0.3959299450209885, 0.6203485783512641, 1.1031253948915591, 1.1988872073150763, -0.4757085314032074, -0.6664423878806288, 0.7181670574127406, 0.7582537177375791, 0.8542846964258753, 0.44580020575484075, -0.044221530445518326, 0.45867151981736537, 0.5488342955281749, -0.043400782201073435, 1.189694727779941, 1.133107637799685, 0.1308494504699903, 1.8238428669741287, 2.4252267062251835, 2.6194882783227276, 2.648718288939445, -0.5010243947417435, 0.6560959005237793, 0.00646266035523254, 0.1748996278641049, 1.2473233634412009, -1.3684260504266743, 1.9631888737933478, -1.414747719560874, 2.0751036904311593, -0.5519999276125631, -0.7762990261304845, -0.3116150948341032, 1.275078842405209, 1.1400171087098125, 0.7810947647226019, 1.2198638448838093, -1.204898730905284, 0.43558581507364647, 1.2033515197286617, 0.3165938873653324, -1.1394990942280583, 0.16883208745421255, 0.7318721648963916, 0.9985969048852414, -0.034142590711439366, -0.11355670144341846], "A": [3.705, 0.0, 0.87, 1.0, 0.8, 0.74, 0.68, 0.65, 1.205, 2.055, 4.555, 4.665, 4.805, 4.91, 4.42, 2.88, 3.025, 3.1750000000000003, 2.705, 2.66, 2.525, 1.625, 1.6600000000000001, 1.68, 1.71, 4.065, 0.29, 3.43, 2.3000000000000003, 0.41500000000000004, 3.8850000000000002, 4.24, 1.385, 4.1850000000000005, 0.155, 3.56, 1.895, 3.305, 2.19, 5.0, 0.495, 2.415, 1.11, 2.795, 4.32, 3.79, 1.48, 4.735, 3.36, 3.09, 0.075, 0], "R": [1, 1, 1, 1, 1, 1, 1, 1, 1, 1, 1, 1, 1, 1, 1, 1, 1, 1, 1, 1, 1, 1, 1, 1, 0, 0, 0, 0, 0, 0, 0, 0, 0, 0, 0, 0, 0, 0, 0, 0, 0, 0, 0, 0, 0, 0, 0, 0, 0, 0, 0, 0]}