{"RTG": [3, 2, 1, 0, 0, 0, 0, 0, 0, 0, 0, 0, 0, 0, 0, 0, 0, 0, 0, 0, 0, 0, 0, 0, 0, 0, 0, 0, 0, 0, 0, 0, 0, 0, 0, 0, 0, 0, 0, 0, 0, 0, 0, 0, 0, 0, 0, 0, 0, 0, 0, 0], "S": [0, 1.129227959703775, 1.1849486762474712, 0.5241625713457142, 2.6640935024130794, 2.486335711065681, 2.5551020877188306, -0.5681424030680832, -0.7548756490013011, -0.25787601304066904, 0.377304667011703, -0.2543664896025655, 1.1756294449900588, 1.2228604805951775, 1.183550878322407, -0.5689652042600516, 0.7810947647226019, 0.7665022349198103, 0.7582537177375791, -0.7260747810041374, -0.034142590711439366, 0.6800540626825456, -1.0957773882808306, 0.5804748080628606, -2.2383187886964397, 0.3857365692963434, 1.2254038456039946, 1.9421985709844345, 0.38850455016500957, 2.0286591678260097, -0.8348946779313645, 0.6951830673805045, 0.8219396147231978, 0.8771817164369324, 0.3027282790335336, -1.1142781305849165, 0.35049370059763607, 1.2033515197286617, 0.21347584363378308, 1.2636906207954577, 0.42396904460622875, -0.5091648528801574, 0.587534579924061, 0.7690116833676693, -0.4088659150438583, 1.151436074096337, -0.1444384360798626, -1.488154407535072, 0.5891517867554916, 0.37416928039478276, -0.5526260678947568, -0.6800648534759454], "A": [2.665, 2.625, 2.545, 1.69, 1.665, 1.725, 0.0, 3.52, 4.37, 0.8150000000000001, 1.0150000000000001, 0.62, 0.485, 0.335, 0.20500000000000002, 5.0, 4.84, 4.665, 3.96, 3.09, 2.1350000000000002, 1.975, 2.275, 1.32, 2.895, 3.285, 4.175, 4.11, 4.235, 3.7600000000000002, 4.545, 3.375, 0.71, 1.5050000000000001, 2.39, 1.145, 2.795, 3.1950000000000003, 0.405, 4.92, 3.645, 1.845, 4.75, 0.915, 2.2, 0.095, 3.865, 2.995, 4.465, 1.425, 1.215, 0], "R": [1, 1, 1, 0, 0, 0, 0, 0, 0, 0, 0, 0, 0, 0, 0, 0, 0, 0, 0, 0, 0, 0, 0, 0, 0, 0, 0, 0, 0, 0, 0, 0, 0, 0, 0, 0, 0, 0, 0, 0, 0, 0, 0, 0, 0, 0, 0, 0, 0, 0, 0, 0]}