{"RTG": [25, 24, 23, 22, 21, 20, 19, 18, 17, 16, 15, 14, 13, 12, 11, 10, 9, 8, 7, 6, 5, 4, 3, 2, 1, 0, 0, 0, 0, 0, 0, 0, 0, 0, 0, 0, 0, 0, 0, 0, 0, 0, 0, 0, 0, 0, 0, 0, 0, 0, 0, 0], "S": [0, -2.019375394177136, -0.5681424030680832, 0.9720001096732416, 1.1490434588248564, 0.7817142987958644, -0.20383592218805494, -0.9311057892287455, 0.8205579041063652, 0.672534868209102, 0.791505350158265, 0.6494093557430308, -0.2695911284410121, 0.7810947647226019, 1.1914882796809394, 1.1514880559381484, 1.1501940146532572, 1.219269979845113, 1.2881202542280985, 1.0000009442743154, 0.377304667011703, 1.2243412031117622, 1.3223751932371433, 0.9001162474095208, -0.6833665323328018, 2.5551020877188306, 2.6730387989219673, 2.198622511720558, -0.2543664896025655, -0.17560713225483768, 1.7668558624147594, 0.025247930055477295, 2.0286591678260097, -0.5344493610789871, -0.7202755602478425, 1.2599255689740672, -0.5519999276125631, 0.1321564168933086, 0.8219396147231978, 0.5519536381881391, 0.42103107830772674, -1.168351323450353, -1.4056490068099121, -0.6211852992102556, -0.9092916740966068, 0.5033711967483209, 1.1712103381729184, -0.36042160659606265, 1.2696251559757619, -1.1958523683721816, 0.421746209599056, -0.11355670144341846], "A": [1.285, 0.0, 2.16, 2.205, 2.2600000000000002, 3.11, 3.93, 4.7700000000000005, 4.86, 4.65, 4.525, 4.38, 5.0, 0.63, 0.67, 0.545, 0.455, 0.39, 0.315, 0.8150000000000001, 2.715, 2.765, 2.83, 3.5, 1.725, 1.695, 1.645, 1.0150000000000001, 2.5100000000000002, 4.165, 4.095, 4.235, 3.72, 1.925, 3.295, 0.155, 1.475, 3.375, 2.98, 1.1300000000000001, 2.4, 3.8200000000000003, 3.615, 2.035, 3.215, 2.605, 0.91, 1.81, 1.395, 4.94, 0.075, 0], "R": [1, 1, 1, 1, 1, 1, 1, 1, 1, 1, 1, 1, 1, 1, 1, 1, 1, 1, 1, 1, 1, 1, 1, 1, 1, 0, 0, 0, 0, 0, 0, 0, 0, 0, 0, 0, 0, 0, 0, 0, 0, 0, 0, 0, 0, 0, 0, 0, 0, 0, 0, 0]}