{"RTG": [14, 13, 12, 11, 10, 9, 8, 7, 6, 5, 4, 3, 2, 1, 0, 0, 0, 0, 0, 0, 0, 0, 0, 0, 0, 0, 0, 0, 0, 0, 0, 0, 0, 0, 0, 0, 0, 0, 0, 0, 0, 0, 0, 0, 0, 0, 0, 0, 0, 0, 0, 0], "S": [0, 0.23093654685116718, 0.5519536381881391, 0.35682762061356665, -0.5681424030680832, 0.1642534074841468, -0.15546005114250563, 0.920655627807069, 1.1832205329391008, 1.1756294449900588, 0.1134268335735682, -0.08361090576424757, 2.356485375892664, 1.8238428669741287, 2.583789023717434, 2.6732740673741575, -1.0793329670954217, 0.8085877969105064, 0.42396904460622875, 0.8132786627774347, 0.05135519972342358, -0.8626716533395865, -0.5960565376578272, 1.10297997475711, -0.5689652042600516, 1.2287157098589727, -2.078054622311628, 2.186387029405289, 1.0554799424175512, 1.5186593645993924, 1.1602292902251623, -0.4513534362588481, 1.2254038456039946, 0.7817142987958644, 1.1815012598688805, 0.3573440360234566, 0.7810947647226019, 0.8848719625808373, 0.38008632231324074, 0.7259718516629005, -0.5225634108889254, -0.28307668106601713, 1.2341595925880817, -1.2384763947727195, -1.1185111654206692, 1.1065611909486615, -0.6944213635994284, -0.1444384360798626, 0.623634391545786, 1.2072785431808835, -0.7251050469638722, -0.5805195318260895], "A": [3.065, 2.98, 2.9250000000000003, 0.0, 0.86, 1.025, 0.705, 0.66, 0.62, 1.87, 2.09, 1.655, 1.625, 1.675, 1.7, 3.915, 4.765, 4.92, 4.6000000000000005, 4.43, 2.47, 3.485, 0.325, 0.20500000000000002, 0.43, 1.29, 4.2, 4.135, 4.265, 2.695, 3.6950000000000003, 3.285, 2.2600000000000002, 2.61, 3.205, 5.0, 3.37, 1.1400000000000001, 4.68, 2.34, 1.44, 2.79, 3.8000000000000003, 1.985, 2.18, 3.595, 0.095, 4.515, 0.51, 4.0200000000000005, 0.9400000000000001, 0], "R": [1, 1, 1, 1, 1, 1, 1, 1, 1, 1, 1, 1, 1, 1, 0, 0, 0, 0, 0, 0, 0, 0, 0, 0, 0, 0, 0, 0, 0, 0, 0, 0, 0, 0, 0, 0, 0, 0, 0, 0, 0, 0, 0, 0, 0, 0, 0, 0, 0, 0, 0, 0]}