{"RTG": [6, 5, 4, 3, 2, 1, 0, 0, 0, 0, 0, 0, 0, 0, 0, 0, 0, 0, 0, 0, 0, 0, 0, 0, 0, 0, 0, 0, 0, 0, 0, 0, 0, 0, 0, 0, 0, 0, 0, 0, 0, 0, 0, 0, 0, 0, 0, 0, 0, 0, 0, 0], "S": [0, 0.587534579924061, -0.3881858065598431, 1.0768972333907842, 1.3644503580708482, 2.2787485889783183, 2.510577190859736, 2.648718288939445, -0.5681424030680832, 1.2341595925880817, 0.3496659885000683, 1.133107637799685, -0.5550393478506724, -0.6250762041214045, 0.7765038309941795, 0.7433692441740283, -0.1681685232451838, 0.42396904460622875, 0.3680109104289028, 1.1756294449900588, 1.2228604805951775, 1.183550878322407, -0.5689652042600516, -0.007359300230342257, 1.2699450427223564, -0.043400782201073435, 0.15531055956049092, -0.2767185250323555, -2.019375394177136, 0.9858819527773454, -1.0793329670954217, 1.9631888737933478, -0.44017286079018214, 0.8124124524666402, -0.7387734467982239, 2.124266822246258, 0.8327877808682069, 0.7810947647226019, -0.009124780770441163, 0.49481502529770993, -0.5573659080551784, 1.2636906207954577, 0.7697164372501104, 0.35049370059763607, 1.2599296432649467, -0.1444384360798626, 0.5544970678689413, -1.4376841077764138, 0.5331467533500495, 0.8036415820234936, 0.9730814183255039, 1.0487836559167683], "A": [1.845, 1.9000000000000001, 1.82, 1.805, 1.75, 1.73, 1.71, 0.0, 2.79, 2.915, 2.66, 2.49, 3.735, 4.58, 4.74, 4.405, 4.92, 0.8200000000000001, 0.62, 0.485, 0.335, 0.20500000000000002, 1.04, 3.3000000000000003, 3.1750000000000003, 3.42, 4.08, 1.285, 2.24, 3.915, 4.24, 2.335, 2.145, 3.58, 4.19, 0.715, 5.0, 1.46, 3.035, 0.935, 0.405, 4.66, 1.145, 2.725, 0.095, 4.495, 3.825, 1.545, 4.83, 2.575, 3.355, 0], "R": [1, 1, 1, 1, 1, 1, 0, 0, 0, 0, 0, 0, 0, 0, 0, 0, 0, 0, 0, 0, 0, 0, 0, 0, 0, 0, 0, 0, 0, 0, 0, 0, 0, 0, 0, 0, 0, 0, 0, 0, 0, 0, 0, 0, 0, 0, 0, 0, 0, 0, 0, 0]}