{"RTG": [29, 28, 27, 26, 25, 24, 23, 22, 21, 20, 19, 18, 17, 16, 15, 14, 13, 12, 11, 10, 9, 8, 7, 6, 5, 4, 3, 2, 1, 0, 0, 0, 0, 0, 0, 0, 0, 0, 0, 0, 0, 0, 0, 0, 0, 0, 0, 0, 0, 0, 0, 0], "S": [0, 0.0866432673157289, -0.49337631073269567, 0.43558581507364647, 0.22387517807153576, 1.2005613140987013, 1.1398863076022887, 0.8771817164369324, 1.2552709899027514, 1.2978622792095647, 0.49295855336629363, -0.9092916740966068, 0.3857365692963434, 0.3321029361393006, 1.2423047404347072, 1.127721295153221, -0.2751600190638433, 0.7801908353249076, 1.0942090702771463, -0.1336677750241096, 1.275078842405209, 0.624834862100612, 0.05135519972342358, 2.014262628658444, 1.4381036978079742, 2.186387029405289, 0.826452834105411, 0.8205579041063652, 0.41543750807331425, 1.5204906701516285, 2.6732740673741575, 2.510577190859736, -0.9336474874188099, -0.5681424030680832, 0.5054056779022843, -0.9737435211646027, 0.2053593529541412, -0.6211852992102556, -0.9785792591984844, 1.0814212867534516, -0.36679091592001095, 0.7810947647226019, 0.6726275675323473, -1.1142781305849165, 1.0887396232185838, -2.1696699967840307, 0.3249895437356506, 0.377304667011703, 0.7002211277137405, -0.2844192542658805, -0.4448451563527119, 1.0675806827655183], "A": [1.05, 0.925, 1.11, 1.16, 0.64, 0.6, 0.71, 0.41000000000000003, 0.365, 0.28, 2.035, 2.895, 3.055, 2.72, 2.67, 2.505, 3.235, 3.35, 3.44, 3.305, 4.305, 4.43, 4.18, 4.15, 4.2, 4.62, 4.7700000000000005, 4.93, 1.61, 1.7, 1.73, 3.77, 0.0, 2.2800000000000002, 1.405, 1.865, 3.615, 3.9250000000000003, 2.1750000000000003, 0.13, 5.0, 4.535, 2.39, 2.81, 1.3, 1.51, 0.8150000000000001, 4.7, 3.13, 3.69, 2.585, 0], "R": [1, 1, 1, 1, 1, 1, 1, 1, 1, 1, 1, 1, 1, 1, 1, 1, 1, 1, 1, 1, 1, 1, 1, 1, 1, 1, 1, 1, 1, 0, 0, 0, 0, 0, 0, 0, 0, 0, 0, 0, 0, 0, 0, 0, 0, 0, 0, 0, 0, 0, 0, 0]}