{"RTG": [30, 29, 28, 27, 26, 25, 24, 23, 22, 21, 20, 19, 18, 17, 16, 15, 14, 13, 12, 11, 10, 9, 8, 7, 6, 5, 4, 3, 2, 1, 0, 0, 0, 0, 0, 0, 0, 0, 0, 0, 0, 0, 0, 0, 0, 0, 0, 0, 0, 0, 0, 0], "S": [0, -0.984767779832423, -0.5681424030680832, 0.1642534074841468, -0.6092041357060602, 0.3680109104289028, 0.4949049722078865, 1.1832205329391008, 1.1914882796809394, -2.2383187886964397, 1.0814212867534516, 1.0245921516336474, -0.4345148689017537, 0.826452834105411, 0.7016149151198066, 0.5544970678689413, 0.5946153418392212, 0.7810947647226019, 0.3165938873653324, 1.1870405829024617, 0.14065031128985822, 1.555179369689812, 1.7668558624147594, 1.9421985709844345, 2.0751036904311593, 0.5950547331054502, 2.1990799042829505, 0.7997946265823738, 1.1392762323358923, 0.6982589645466594, 0.07785300854845761, 2.6730387989219673, 2.593288167724146, 2.1109965038009197, -0.1336677750241096, 0.6560959005237793, 1.2473233634412009, -1.1987220633160474, -0.6944213635994284, 0.02348309645291035, -0.5519999276125631, 0.42103107830772674, 1.2752776432954898, 0.23008588075507877, 0.35682762061356665, 1.2198638448838093, -1.4061401913825524, 1.3266242924078386, -0.4757085314032074, 0.8564619056302556, -0.08257389710244357, -0.44124323692021794], "A": [3.775, 0.0, 0.86, 0.96, 0.8200000000000001, 0.76, 0.66, 0.63, 1.32, 2.1750000000000003, 2.235, 2.07, 4.62, 4.715, 4.495, 4.875, 5.0, 4.32, 4.14, 4.1, 4.155, 4.165, 4.175, 4.1850000000000005, 3.005, 4.205, 2.84, 2.685, 2.555, 3.185, 1.695, 1.72, 1.6400000000000001, 3.44, 0.29, 0.41500000000000004, 2.41, 3.595, 1.875, 0.155, 1.1300000000000001, 3.31, 1.49, 2.9250000000000003, 0.495, 3.88, 2.755, 1.205, 4.8, 3.095, 3.68, 0], "R": [1, 1, 1, 1, 1, 1, 1, 1, 1, 1, 1, 1, 1, 1, 1, 1, 1, 1, 1, 1, 1, 1, 1, 1, 1, 1, 1, 1, 1, 1, 0, 0, 0, 0, 0, 0, 0, 0, 0, 0, 0, 0, 0, 0, 0, 0, 0, 0, 0, 0, 0, 0]}