{"RTG": [34, 33, 32, 31, 30, 29, 28, 27, 26, 25, 24, 23, 22, 21, 20, 19, 18, 17, 16, 15, 14, 13, 12, 11, 10, 9, 8, 7, 6, 5, 4, 3, 2, 1, 0, 0, 0, 0, 0, 0, 0, 0, 0, 0, 0, 0, 0, 0, 0, 0, 0, 0], "S": [0, -0.9593748906213598, -0.5681424030680832, 0.1642534074841468, -0.6092041357060602, 0.3680109104289028, 0.4949049722078865, 1.1832205329391008, 1.1914882796809394, -2.2383187886964397, 1.2033515197286617, 0.849990625769365, 1.3265893946558156, 1.1867253408604772, 0.3327416839338406, 1.1326765301622912, 0.28265279438418606, 1.099627421136071, 1.1701627407828141, -0.19947597225900737, 0.5176853876426791, 0.2454218611888777, 1.66510693211448, 0.7866678583339837, 1.9421985709844345, 2.0751036904311593, 2.186387029405289, 0.8058072136235602, -1.4864591883310811, 0.8478622810701648, 0.41543750807331425, 0.6560959005237793, 2.2807160561275923, 1.723220249425911, 2.539316846348272, 2.6640935024130794, 1.1283506934188439, 1.2473233634412009, -0.09101694669670529, 0.3643491653233505, -0.526117465012331, -0.5519999276125631, 0.42103107830772674, 0.7039863856329738, 0.7810947647226019, -0.1861306929802691, 1.2198638448838093, 1.0768972333907842, -0.1333343676888655, 0.5143621100491487, -0.8865485997154794, -0.7840024552976274], "A": [1.95, 0.0, 0.86, 0.96, 0.8200000000000001, 0.76, 0.66, 0.63, 1.32, 2.795, 2.835, 2.7600000000000002, 2.615, 2.535, 2.68, 3.06, 3.265, 3.34, 3.4450000000000003, 4.3100000000000005, 4.45, 4.16, 4.125, 4.175, 4.1850000000000005, 4.2, 4.595, 3.835, 4.785, 4.93, 0.29, 1.6500000000000001, 1.62, 1.67, 1.69, 2.215, 0.41500000000000004, 2.315, 2.115, 3.64, 0.155, 1.1300000000000001, 4.695, 5.0, 3.16, 0.495, 1.82, 1.45, 2.97, 3.935, 3.5500000000000003, 0], "R": [1, 1, 1, 1, 1, 1, 1, 1, 1, 1, 1, 1, 1, 1, 1, 1, 1, 1, 1, 1, 1, 1, 1, 1, 1, 1, 1, 1, 1, 1, 1, 1, 1, 1, 0, 0, 0, 0, 0, 0, 0, 0, 0, 0, 0, 0, 0, 0, 0, 0, 0, 0]}