{"RTG": [26, 25, 24, 23, 22, 21, 20, 19, 18, 17, 16, 15, 14, 13, 12, 11, 10, 9, 8, 7, 6, 5, 4, 3, 2, 1, 0, 0, 0, 0, 0, 0, 0, 0, 0, 0, 0, 0, 0, 0, 0, 0, 0, 0, 0, 0, 0, 0, 0, 0, 0, 0], "S": [0, 1.0554799424175512, -0.08326043425258514, 1.4381036978079742, 1.66510693211448, 1.8594942356609157, 2.014262628658444, 2.124266822246258, -0.5681424030680832, 0.27208023610146237, 0.0866432673157289, 1.2005613140987013, 1.185463162109889, 1.2992127756900016, 0.2360780316584261, -2.2362571854591744, 1.0814212867534516, 0.26116185121244917, -0.7349959441494497, -0.26899053000129997, 0.7810947647226019, 0.6977617291854273, 0.7259718516629005, -0.7695552481135107, 1.2766244561205646, 0.849990625769365, 1.1712103381729184, 2.6462676611234475, 2.648718288939445, 1.4202812468229182, 0.6838990714313047, 1.1347072427156868, -0.7197448335686071, -1.0882046889653323, 0.5340475232331015, 0.783357385465521, 0.00646266035523254, 0.6594579003937963, -0.36679091592001095, 1.0567075262404362, 0.22387517807153576, 0.8205579041063652, 0.2454218611888777, 0.09060725392395028, -0.5973820916024358, -0.4438624640970557, 1.2192840698341836, -0.8275862870460531, 1.129227959703775, 0.37860667503134976, -1.3264683727487805, 0.421746209599056], "A": [4.135, 4.09, 4.15, 4.16, 4.17, 4.18, 4.19, 0.0, 0.845, 1.05, 0.64, 0.525, 0.38, 0.265, 1.315, 2.1750000000000003, 2.295, 2.05, 3.145, 5.0, 4.855, 4.68, 3.565, 2.73, 2.835, 2.605, 1.685, 1.71, 1.605, 4.54, 3.345, 2.48, 3.785, 2.975, 1.835, 3.43, 0.735, 0.13, 3.2600000000000002, 1.16, 4.7700000000000005, 4.45, 1.47, 0.9450000000000001, 3.6750000000000003, 0.45, 1.935, 2.665, 3.0500000000000003, 3.89, 4.94, 0], "R": [1, 1, 1, 1, 1, 1, 1, 1, 1, 1, 1, 1, 1, 1, 1, 1, 1, 1, 1, 1, 1, 1, 1, 1, 1, 1, 0, 0, 0, 0, 0, 0, 0, 0, 0, 0, 0, 0, 0, 0, 0, 0, 0, 0, 0, 0, 0, 0, 0, 0, 0, 0]}