{"RTG": [8, 7, 6, 5, 4, 3, 2, 1, 0, 0, 0, 0, 0, 0, 0, 0, 0, 0, 0, 0, 0, 0, 0, 0, 0, 0, 0, 0, 0, 0, 0, 0, 0, 0, 0, 0, 0, 0, 0, 0, 0, 0, 0, 0, 0, 0, 0, 0, 0, 0, 0, 0], "S": [0, 1.2265483993932222, 0.6284470719106436, 1.723220249425911, 1.9226645203488157, 2.1109965038009197, 2.2807160561275923, 2.4252267062251835, 2.583789023717434, 2.6730387989219673, 2.6732740673741575, -0.5681424030680832, 1.1464646165049321, 1.2607647850267172, 0.3782747663821225, -0.6399272688825074, 0.21347584363378308, 0.15531055956049092, -0.4570567081919362, 0.5928665680352182, 0.7259718516629005, 0.6977617291854273, 0.41465958780389967, 0.7810947647226019, 0.38850455016500957, 0.6203485783512641, 1.124212497936378, 1.233874684983979, 0.49295855336629363, -0.5281913749203656, -0.9785792591984844, 1.050618440940789, 0.4268874504834266, -0.11157989388860974, -0.7349959441494497, 0.17769761202432371, -0.5193532046837243, 2.199560797986056, -0.7799098430293636, 1.2752776432954898, 0.21421182414513124, -1.1897812690263538, 1.1988872073150763, 0.7970323007868108, -2.2239717903468845, 1.2243412031117622, 0.8313089284247416, 1.290558467107689, -1.0370239909719803, 0.32211413453554105, 1.8888071569415663, 2.6640935024130794], "A": [1.595, 1.555, 1.62, 1.6300000000000001, 1.6400000000000001, 1.6500000000000001, 1.6600000000000001, 1.675, 1.695, 1.7, 0.0, 2.65, 2.785, 2.935, 2.485, 3.1950000000000003, 3.42, 3.665, 4.505, 4.68, 4.855, 4.315, 5.0, 4.11, 0.74, 0.5650000000000001, 0.425, 0.28, 0.93, 3.9250000000000003, 2.17, 2.285, 1.185, 2.05, 3.0700000000000003, 0.15, 4.21, 3.535, 3.31, 1.065, 3.795, 0.65, 4.59, 1.31, 2.715, 4.775, 0.36, 2.38, 0.835, 4.245, 1.69, 0], "R": [1, 1, 1, 1, 1, 1, 1, 1, 0, 0, 0, 0, 0, 0, 0, 0, 0, 0, 0, 0, 0, 0, 0, 0, 0, 0, 0, 0, 0, 0, 0, 0, 0, 0, 0, 0, 0, 0, 0, 0, 0, 0, 0, 0, 0, 0, 0, 0, 0, 0, 0, 0]}