{"RTG": [27, 26, 25, 24, 23, 22, 21, 20, 19, 18, 17, 16, 15, 14, 13, 12, 11, 10, 9, 8, 7, 6, 5, 4, 3, 2, 1, 0, 0, 0, 0, 0, 0, 0, 0, 0, 0, 0, 0, 0, 0, 0, 0, 0, 0, 0, 0, 0, 0, 0, 0, 0], "S": [0, 1.0141390956092324, 0.4485587152594895, 1.1400171087098125, -0.5681424030680832, 0.2045054376024882, 0.040343652882350874, 1.1694360114222457, 1.184145623379665, 1.176806974670785, 1.219837753571638, 1.294516094678491, 1.0542425639738024, -2.201677621553729, 0.4215588852672501, 0.2847659930484283, 0.45867151981736537, 1.2423047404347072, 1.127721295153221, -0.17560713225483768, 0.38641500747199387, -0.7609918060846543, -0.1681685232451838, 0.7810947647226019, 0.5209078855902575, 0.7170916018157362, 0.7871845460010397, -0.7001124557070517, 2.665056914615652, 2.6194882783227276, 1.9816540052700344, 2.199560797986056, 1.555179369689812, -1.0882046889653323, 1.3027192822091056, 0.4573498151461132, -0.5519999276125631, -0.8169671187903633, -0.6609873489373203, 1.275078842405209, 0.27244383499665203, 0.8478622810701648, -0.4438624640970557, 0.49351587614176184, 0.5747902204568268, -0.5973820916024358, -0.3672731553529204, -1.2326682407776417, 0.47240745786319704, 1.1037847808441072, -0.11355670144341846, 1.1686108490458247], "A": [2.165, 2.12, 2.19, 0.0, 0.855, 1.045, 0.665, 0.625, 0.53, 0.46, 0.385, 0.32, 1.305, 3.045, 3.2, 2.88, 2.72, 2.67, 2.5100000000000002, 3.4050000000000002, 3.5700000000000003, 4.405, 5.0, 4.89, 4.6850000000000005, 4.585, 4.0, 1.705, 1.68, 1.77, 4.21, 4.155, 3.785, 4.275, 1.5350000000000001, 0.155, 2.36, 1.92, 3.305, 1.155, 4.785, 3.6750000000000003, 2.965, 4.5, 0.9450000000000001, 1.435, 3.9, 0.765, 2.59, 0.075, 2.8000000000000003, 0], "R": [1, 1, 1, 1, 1, 1, 1, 1, 1, 1, 1, 1, 1, 1, 1, 1, 1, 1, 1, 1, 1, 1, 1, 1, 1, 1, 1, 0, 0, 0, 0, 0, 0, 0, 0, 0, 0, 0, 0, 0, 0, 0, 0, 0, 0, 0, 0, 0, 0, 0, 0, 0]}