{"RTG": [28, 27, 26, 25, 24, 23, 22, 21, 20, 19, 18, 17, 16, 15, 14, 13, 12, 11, 10, 9, 8, 7, 6, 5, 4, 3, 2, 1, 0, 0, 0, 0, 0, 0, 0, 0, 0, 0, 0, 0, 0, 0, 0, 0, 0, 0, 0, 0, 0, 0, 0, 0], "S": [0, 1.1326765301622912, 1.1637413930916065, 0.6137687486908822, 0.7014264433005017, 0.5340475232331015, -0.26899053000129997, -0.5681424030680832, 0.2045054376024882, 0.040343652882350874, 1.1694360114222457, 1.184145623379665, 1.176806974670785, 1.219837753571638, 1.294516094678491, 1.0542425639738024, -2.201677621553729, -0.6958626735149382, 0.8564619056302556, 0.47891439095336297, 0.7170916018157362, 0.6369849008242138, -0.26316966470052044, -0.8754740322537258, -0.7840024552976274, 0.7817142987958644, 1.0141390956092324, 2.018703006539025, 2.486335711065681, 2.6462676611234475, 2.014262628658444, 0.6520050202483836, 1.9631888737933478, -0.984767779832423, 1.1701627407828141, 2.510577190859736, -0.5519999276125631, -1.1142781305849165, 0.7810947647226019, 0.15531055956049092, 1.0093963694162764, 0.27244383499665203, -0.5157422423457501, -0.06805584798382577, -0.4570567081919362, 0.8132786627774347, 0.4534819021847498, -0.611716481250362, -1.4061401913825524, 1.3006506431464921, 0.783357385465521, 0.37860667503134976], "A": [2.68, 2.64, 2.5500000000000003, 2.85, 2.975, 3.145, 0.0, 0.855, 1.045, 0.665, 0.625, 0.53, 0.46, 0.385, 0.32, 1.305, 3.97, 4.8, 4.9, 4.6850000000000005, 4.5200000000000005, 4.385, 1.94, 3.5500000000000003, 2.2600000000000002, 2.165, 1.635, 1.665, 1.685, 4.18, 4.12, 4.24, 3.775, 3.34, 1.73, 0.155, 2.39, 5.0, 3.42, 3.255, 1.155, 2.065, 1.455, 3.665, 4.6000000000000005, 0.77, 0.9550000000000001, 3.88, 2.775, 1.835, 3.0500000000000003, 0], "R": [1, 1, 1, 1, 1, 1, 1, 1, 1, 1, 1, 1, 1, 1, 1, 1, 1, 1, 1, 1, 1, 1, 1, 1, 1, 1, 1, 1, 0, 0, 0, 0, 0, 0, 0, 0, 0, 0, 0, 0, 0, 0, 0, 0, 0, 0, 0, 0, 0, 0, 0, 0]}