{"RTG": [25, 24, 23, 22, 21, 20, 19, 18, 17, 16, 15, 14, 13, 12, 11, 10, 9, 8, 7, 6, 5, 4, 3, 2, 1, 0, 0, 0, 0, 0, 0, 0, 0, 0, 0, 0, 0, 0, 0, 0, 0, 0, 0, 0, 0, 0, 0, 0, 0, 0, 0, 0], "S": [0, 0.3193365979811941, -0.34907795486734916, 0.43977288007454873, -0.5681424030680832, -1.1212430247209308, 0.5273213368525247, 0.3659378656084991, 1.1686108490458247, 1.313771510494162, 0.016953564100676687, -0.9785792591984844, 0.8205579041063652, 0.5946153418392212, 0.8011459087892528, 0.6090386641418352, -0.12888793902105405, 1.221849818761846, 1.2247109249108254, 1.10297997475711, 1.1228239058413378, 0.9625550854276712, -0.3799924249980656, 0.6284470719106436, -0.4572802851966546, 2.486335711065681, 2.6640935024130794, 2.510577190859736, -0.657719301396538, -1.0785053980520602, 1.555179369689812, 1.2450646428424186, -0.47432048764582246, -0.2767185250323555, 2.1300292046727938, 0.7810947647226019, 1.024040463667378, 1.1400171087098125, 0.3680109104289028, 0.8848719625808373, -1.9528264959818675, 0.4485587152594895, 0.2847659930484283, 0.3941168188128473, -1.3287532923747882, -0.37205149742952043, -0.16532530793633957, -0.6592004082044743, 0.5804748080628606, 1.133107637799685, 0.7652276639764811, -0.19932815225345174], "A": [1.08, 1.0050000000000001, 1.115, 0.0, 1.995, 2.87, 2.93, 2.8000000000000003, 2.77, 3.085, 3.9250000000000003, 4.7700000000000005, 4.875, 4.6450000000000005, 4.51, 4.3500000000000005, 0.49, 0.435, 0.325, 0.585, 0.7000000000000001, 0.225, 1.555, 1.43, 1.665, 1.69, 1.73, 3.495, 2.3850000000000002, 4.155, 3.29, 3.705, 4.08, 4.225, 5.0, 2.58, 2.19, 0.8200000000000001, 3.37, 1.28, 2.12, 3.2, 1.855, 3.81, 2.5, 0.1, 3.605, 2.275, 2.66, 4.575, 0.895, 0], "R": [1, 1, 1, 1, 1, 1, 1, 1, 1, 1, 1, 1, 1, 1, 1, 1, 1, 1, 1, 1, 1, 1, 1, 1, 1, 0, 0, 0, 0, 0, 0, 0, 0, 0, 0, 0, 0, 0, 0, 0, 0, 0, 0, 0, 0, 0, 0, 0, 0, 0, 0, 0]}