{"RTG": [9, 8, 7, 6, 5, 4, 3, 2, 1, 0, 0, 0, 0, 0, 0, 0, 0, 0, 0, 0, 0, 0, 0, 0, 0, 0, 0, 0, 0, 0, 0, 0, 0, 0, 0, 0, 0, 0, 0, 0, 0, 0, 0, 0, 0, 0, 0, 0, 0, 0, 0, 0], "S": [0, 1.2628973292464318, 1.2881202542280985, 1.2230482233664581, 0.06518168505993671, 1.142098306587714, 0.5840020559624679, -0.08708410671312418, 2.510577190859736, 2.13684204514209, 2.665056914615652, 1.723220249425911, -1.0849883657686858, 0.5668338030505861, 0.4215588852672501, 1.1326765301622912, 0.43020799552765826, 0.9578542139492628, 0.4633443805678566, -0.5441132825174866, 0.4777299050634701, 0.7582537177375791, 0.8036415820234936, 0.7810947647226019, 1.190400491309068, 1.314995406442874, -0.7001124557070517, -0.8928179219706346, -0.09101694669670529, -0.5681424030680832, -0.8641358306892514, -1.2849974428615545, 0.0866432673157289, 1.1065611909486615, -0.22095008144629988, -0.2679591565011226, 1.3223751932371433, 0.7652276639764811, -0.7413584525528033, 2.199560797986056, 0.42396904460622875, -1.1684325326578182, 1.1832205329391008, -0.1908265540465092, 1.260659837942881, -0.3116150948341032, 0.4721344441138844, -0.5651519821379951, 0.3643491653233505, 0.7690116833676693, -1.182399402186969, 0.38008632231324074], "A": [0.35000000000000003, 0.39, 0.48, 0.255, 0.55, 0.745, 0.885, 1.73, 1.76, 1.705, 1.62, 2.0100000000000002, 2.865, 3.045, 2.68, 2.54, 3.25, 3.4, 3.6350000000000002, 4.48, 4.665, 4.83, 5.0, 4.28, 4.1450000000000005, 4.0, 1.225, 2.315, 0.0, 1.41, 3.805, 1.05, 2.18, 3.1550000000000002, 4.375, 2.765, 4.575, 3.515, 4.21, 4.92, 2.435, 0.66, 0.105, 3.3200000000000003, 1.895, 2.96, 0.975, 2.115, 4.75, 3.9050000000000002, 1.1400000000000001, 0], "R": [1, 1, 1, 1, 1, 1, 1, 1, 1, 0, 0, 0, 0, 0, 0, 0, 0, 0, 0, 0, 0, 0, 0, 0, 0, 0, 0, 0, 0, 0, 0, 0, 0, 0, 0, 0, 0, 0, 0, 0, 0, 0, 0, 0, 0, 0, 0, 0, 0, 0, 0, 0]}