{"RTG": [25, 24, 23, 22, 21, 20, 19, 18, 17, 16, 15, 14, 13, 12, 11, 10, 9, 8, 7, 6, 5, 4, 3, 2, 1, 0, 0, 0, 0, 0, 0, 0, 0, 0, 0, 0, 0, 0, 0, 0, 0, 0, 0, 0, 0, 0, 0, 0, 0, 0, 0, 0], "S": [0, -0.6878780468282619, -0.5681424030680832, 0.1642534074841468, -0.6092041357060602, 0.3680109104289028, 0.4949049722078865, 1.1832205329391008, 1.1914882796809394, -2.2383187886964397, 1.0814212867534516, 1.0245921516336474, -0.4345148689017537, 0.06986426174581307, 1.260659837942881, 0.9985969048852414, 1.2009822841548368, 0.6543334699031734, 1.2918036410372127, 1.1485285121397457, 0.8036415820234936, 0.4166613326088767, 0.6989865678173576, 0.7065887481278916, -0.044221530445518326, -0.17560713225483768, 2.6730387989219673, 2.593288167724146, 2.1109965038009197, 0.6560959005237793, -0.44151905624948234, 2.1990799042829505, 1.4381036978079742, 1.4124672145230344, 1.2473233634412009, 0.1134268335735682, -0.5519999276125631, 0.42103107830772674, -1.4647684387382283, -0.7848058643362025, -0.9899543682703261, 0.23008588075507877, 0.5143621100491487, 0.7810947647226019, 1.2198638448838093, 0.8250163897131615, -0.4757085314032074, 1.132872154906867, -1.0269167683512421, -0.043400782201073435, -0.11355670144341846, -0.6048098286998949], "A": [3.975, 0.0, 0.86, 0.96, 0.8200000000000001, 0.76, 0.66, 0.63, 1.32, 2.1750000000000003, 2.235, 2.07, 3.08, 3.3200000000000003, 3.36, 3.2800000000000002, 2.855, 2.735, 2.69, 4.83, 4.9350000000000005, 4.71, 4.55, 4.42, 2.5100000000000002, 1.695, 1.72, 1.6400000000000001, 0.29, 3.685, 4.205, 4.15, 4.2700000000000005, 0.41500000000000004, 1.87, 0.155, 1.1300000000000001, 3.83, 3.545, 2.375, 1.49, 2.97, 5.0, 0.495, 4.625, 1.205, 2.595, 1.96, 3.1750000000000003, 0.075, 4.055, 0], "R": [1, 1, 1, 1, 1, 1, 1, 1, 1, 1, 1, 1, 1, 1, 1, 1, 1, 1, 1, 1, 1, 1, 1, 1, 1, 0, 0, 0, 0, 0, 0, 0, 0, 0, 0, 0, 0, 0, 0, 0, 0, 0, 0, 0, 0, 0, 0, 0, 0, 0, 0, 0]}