{"RTG": [8, 7, 6, 5, 4, 3, 2, 1, 0, 0, 0, 0, 0, 0, 0, 0, 0, 0, 0, 0, 0, 0, 0, 0, 0, 0, 0, 0, 0, 0, 0, 0, 0, 0, 0, 0, 0, 0, 0, 0, 0, 0, 0, 0, 0, 0, 0, 0, 0, 0, 0, 0], "S": [0, 0.8327877808682069, 1.1694360114222457, 1.184145623379665, 1.2473233634412009, 1.3016856375865116, 0.7332462169914621, 0.9635249207235376, 2.486335711065681, 2.6640935024130794, 2.4602044790854074, 1.1037847808441072, 1.2599296432649467, 0.49115730678697345, -1.1990031471571372, -0.1275144827788334, -0.9311057892287455, 0.8405098459569589, 0.4166613326088767, 0.8259366669938637, 0.19826562714405405, -0.6286623709632781, 0.27244383499665203, -0.6664423878806288, -0.5681424030680832, 2.1300292046727938, 1.66510693211448, 0.624834862100612, -0.5651519821379951, -2.2113535522026915, -0.47432048764582246, 1.2254038456039946, 1.0867645302829678, -0.3116150948341032, 0.9438680768787604, -0.4457386208748614, 0.5519536381881391, 0.7810947647226019, 0.1748996278641049, 0.7002211277137405, 1.1390065784520442, 0.1642534074841468, -1.3691595699046264, -0.6737740081427814, -0.6592004082044743, 0.6612033019948327, 0.3193365979811941, 0.3573440360234566, -0.06805584798382577, 0.8710105674086935, 1.2008932538035024, 1.1686108490458247], "A": [0.715, 0.665, 0.625, 0.41500000000000004, 0.375, 0.295, 1.58, 1.665, 1.69, 1.735, 2.59, 2.725, 2.875, 2.4250000000000003, 3.1, 3.93, 4.78, 4.9350000000000005, 4.615, 4.445, 3.49, 1.155, 2.055, 0.0, 4.225, 4.16, 4.305, 0.975, 1.33, 3.705, 3.285, 2.225, 1.895, 3.365, 0.14, 2.98, 5.0, 2.3000000000000003, 4.7, 2.6550000000000002, 0.86, 3.815, 4.045, 3.605, 4.53, 1.08, 3.205, 1.455, 2.15, 0.515, 2.8000000000000003, 0], "R": [1, 1, 1, 1, 1, 1, 1, 1, 0, 0, 0, 0, 0, 0, 0, 0, 0, 0, 0, 0, 0, 0, 0, 0, 0, 0, 0, 0, 0, 0, 0, 0, 0, 0, 0, 0, 0, 0, 0, 0, 0, 0, 0, 0, 0, 0, 0, 0, 0, 0, 0, 0]}