{"RTG": [15, 14, 13, 12, 11, 10, 9, 8, 7, 6, 5, 4, 3, 2, 1, 0, 0, 0, 0, 0, 0, 0, 0, 0, 0, 0, 0, 0, 0, 0, 0, 0, 0, 0, 0, 0, 0, 0, 0, 0, 0, 0, 0, 0, 0, 0, 0, 0, 0, 0, 0, 0], "S": [0, 0.7861115957725884, 0.8478622810701648, 0.7002211277137405, 0.6056070821428975, 0.6494093557430308, 0.05135519972342358, 0.8058072136235602, -0.5681424030680832, 0.2404961358400748, -0.2543664896025655, 0.9625550854276712, 1.1929647133334638, 1.1571444090289609, 0.2053593529541412, -0.6664423878806288, 2.6730387989219673, 2.539316846348272, 2.510577190859736, 0.37011310999987346, -0.1275144827788334, 1.1740795034056069, 0.8492731788192288, -0.9899543682703261, -0.8348946779313645, 0.38641500747199387, 0.38850455016500957, -2.2113535522026915, 1.10297997475711, -0.5689652042600516, 1.2287157098589727, -0.7811408998812415, 1.099627421136071, -0.7260747810041374, 1.8888071569415663, 1.1413307041700922, 1.2033515197286617, 0.3146398464699526, 0.3476295436147299, 0.624834862100612, 2.124266822246258, 0.14424649044003368, 0.5804748080628606, -1.503718626120767, -0.47945674206180294, 0.5891517867554916, -0.1444384360798626, -0.5550393478506724, -0.8928179219706346, -1.0269167683512421, 1.2126012150820673, -0.5281913749203656], "A": [4.835, 4.785, 4.7, 4.98, 4.525, 4.43, 4.595, 0.0, 0.85, 1.0150000000000001, 0.7000000000000001, 0.655, 0.61, 1.865, 2.055, 1.695, 1.67, 1.73, 2.9, 3.1, 2.7, 2.565, 2.375, 3.7600000000000002, 3.4050000000000002, 4.11, 1.33, 0.325, 0.20500000000000002, 0.43, 3.555, 3.265, 3.96, 4.245, 2.21, 2.795, 1.1500000000000001, 1.5150000000000001, 4.305, 4.19, 3.19, 2.275, 3.86, 3.6550000000000002, 2.995, 0.095, 2.49, 1.225, 1.96, 0.505, 0.93, 0], "R": [1, 1, 1, 1, 1, 1, 1, 1, 1, 1, 1, 1, 1, 1, 1, 0, 0, 0, 0, 0, 0, 0, 0, 0, 0, 0, 0, 0, 0, 0, 0, 0, 0, 0, 0, 0, 0, 0, 0, 0, 0, 0, 0, 0, 0, 0, 0, 0, 0, 0, 0, 0]}