{"RTG": [27, 26, 25, 24, 23, 22, 21, 20, 19, 18, 17, 16, 15, 14, 13, 12, 11, 10, 9, 8, 7, 6, 5, 4, 3, 2, 1, 0, 0, 0, 0, 0, 0, 0, 0, 0, 0, 0, 0, 0, 0, 0, 0, 0, 0, 0, 0, 0, 0, 0, 0, 0], "S": [0, 0.44580020575484075, 0.7450548739706984, 0.8560300178421365, 0.6985273081722505, 0.6726275675323473, 0.14978629205510915, -0.5681424030680832, 0.1642534074841468, 0.0866432673157289, 1.1514880559381484, 1.1914882796809394, 1.1501940146532572, 1.219269979845113, 1.2881202542280985, 1.0000009442743154, -1.9528264959818675, 0.8710105674086935, 0.9421555065576516, -0.9374506081177982, 0.7801908353249076, 1.1701627407828141, 0.2318331862051065, 1.2699450427223564, -0.8455440470023323, 2.2787485889783183, 1.8155548068888594, 2.510577190859736, 2.648718288939445, 0.9978997859167429, 0.4721344441138844, 1.1288287176578806, 0.4573498151461132, 2.186387029405289, 1.1870405829024617, 1.620324142494948, -0.4611514236144929, 0.8492731788192288, -1.1146936334141972, -0.5519999276125631, 0.12372982621026657, -0.7387734467982239, -1.4056490068099121, -0.6527118419102764, -0.6092041357060602, 0.7810947647226019, 0.3146398464699526, 1.3227683909951515, -0.7197448335686071, 0.4534819021847498, 0.8235016011496119, 2.356485375892664], "A": [4.91, 4.845, 4.795, 4.705, 4.535, 4.44, 0.0, 0.86, 1.05, 0.67, 0.63, 0.545, 0.455, 0.39, 0.315, 1.28, 2.15, 2.245, 2.37, 3.235, 3.34, 3.415, 3.3000000000000003, 3.94, 1.75, 1.78, 1.73, 1.71, 2.82, 2.96, 2.6750000000000003, 1.5350000000000001, 4.2, 4.14, 4.26, 3.7, 2.565, 2.0, 0.155, 3.075, 3.58, 3.8200000000000003, 1.42, 0.96, 5.0, 1.1500000000000001, 2.75, 2.48, 0.77, 4.61, 1.655, 0], "R": [1, 1, 1, 1, 1, 1, 1, 1, 1, 1, 1, 1, 1, 1, 1, 1, 1, 1, 1, 1, 1, 1, 1, 1, 1, 1, 1, 0, 0, 0, 0, 0, 0, 0, 0, 0, 0, 0, 0, 0, 0, 0, 0, 0, 0, 0, 0, 0, 0, 0, 0, 0]}