{"RTG": [28, 27, 26, 25, 24, 23, 22, 21, 20, 19, 18, 17, 16, 15, 14, 13, 12, 11, 10, 9, 8, 7, 6, 5, 4, 3, 2, 1, 0, 0, 0, 0, 0, 0, 0, 0, 0, 0, 0, 0, 0, 0, 0, 0, 0, 0, 0, 0, 0, 0, 0, 0], "S": [0, 1.189694727779941, 1.129227959703775, 1.2829686885252671, 0.7500898340417048, 0.7769529835142928, -0.5681424030680832, 0.2045054376024882, 0.0866432673157289, 1.1929647133334638, 1.1398863076022887, 1.2207514698396822, 1.2636906207954577, 1.0542425639738024, 0.7439499693117351, -0.5689652042600516, -1.0846614795250824, -0.5109588790481822, 0.7417519397012445, 0.7360187314858049, -0.08895775174841293, 0.7861115957725884, 0.44388205005933845, -1.1185111654206692, 1.2699450427223564, 1.1701627407828141, 0.7143651627474831, -0.4354061667458947, 0.34532270229374284, 2.6640935024130794, 2.6246497070519292, 1.9226645203488157, -1.2809619500582092, -0.7834705376033333, 1.9631888737933478, -0.4757085314032074, 2.0751036904311593, 0.9720001096732416, 0.4215588852672501, -1.204898730905284, 0.979413961857978, -0.611716481250362, 0.7810947647226019, 0.7824357235715943, 0.3027282790335336, 0.49351587614176184, -0.1285737335390223, 1.1101488684181469, 0.3165938873653324, -1.2384763947727195, -0.19947597225900737, 0.42103107830772674], "A": [2.705, 2.665, 2.7800000000000002, 2.845, 2.56, 0.0, 0.855, 1.05, 0.655, 0.6, 0.465, 0.405, 0.32, 0.725, 0.20500000000000002, 1.4000000000000001, 3.715, 4.565, 4.675, 4.415, 4.835, 4.95, 1.985, 3.3000000000000003, 3.34, 3.23, 4.07, 2.29, 1.69, 1.715, 1.6300000000000001, 3.895, 3.54, 4.24, 1.205, 4.1850000000000005, 2.16, 3.045, 2.415, 1.825, 0.9550000000000001, 5.0, 4.755, 1.5050000000000001, 2.965, 0.09, 2.22, 4.32, 3.8000000000000003, 3.4450000000000003, 1.1300000000000001, 0], "R": [1, 1, 1, 1, 1, 1, 1, 1, 1, 1, 1, 1, 1, 1, 1, 1, 1, 1, 1, 1, 1, 1, 1, 1, 1, 1, 1, 1, 0, 0, 0, 0, 0, 0, 0, 0, 0, 0, 0, 0, 0, 0, 0, 0, 0, 0, 0, 0, 0, 0, 0, 0]}