{"RTG": [10, 9, 8, 7, 6, 5, 4, 3, 2, 1, 0, 0, 0, 0, 0, 0, 0, 0, 0, 0, 0, 0, 0, 0, 0, 0, 0, 0, 0, 0, 0, 0, 0, 0, 0, 0, 0, 0, 0, 0, 0, 0, 0, 0, 0, 0, 0, 0, 0, 0, 0, 0], "S": [0, 1.1694360114222457, 1.184145623379665, 1.176806974670785, 1.219837753571638, 1.294516094678491, 1.0000009442743154, 0.40772630398627313, 1.723220249425911, 2.356485375892664, 2.583789023717434, 2.6732740673741575, 0.9147600389067359, 1.2423047404347072, 0.609313522152387, -1.1442504439522712, 0.12372982621026657, 1.2005038616307513, -0.428093934136053, 0.7143651627474831, 0.3165938873653324, 0.6612033019948327, 0.7002211277137405, 0.5690923241108877, 0.14065031128985822, -1.5129641137469552, -0.28478069236999004, -0.5681424030680832, -0.9561600736877052, 0.7810947647226019, -0.3935566625341845, -1.621789297070172, -0.47945674206180294, 1.1490434588248564, -0.5193532046837243, 0.05135519972342358, 2.1990799042829505, 0.1134268335735682, 0.49351587614176184, 1.154923932830813, 0.5804748080628606, 0.8478622810701648, 0.41313196293813004, -0.6878780468282619, -0.7695552481135107, -0.14312843906774736, 1.9631888737933478, 0.529575855818755, 0.8259366669938637, 0.1321564168933086, -0.7433870189333005, -0.22095008144629988], "A": [0.665, 0.625, 0.53, 0.46, 0.385, 0.315, 0.79, 1.62, 1.655, 1.675, 1.7, 2.57, 2.72, 2.86, 2.395, 3.075, 3.335, 3.465, 3.23, 4.32, 4.53, 4.7, 4.88, 4.1, 3.855, 1.195, 0.0, 2.0300000000000002, 5.0, 1.0, 1.375, 3.6550000000000002, 2.205, 0.15, 4.43, 4.205, 1.87, 2.965, 2.645, 2.275, 4.785, 1.1, 3.975, 3.565, 0.89, 4.24, 2.125, 4.615, 1.475, 3.75, 3.1550000000000002, 0], "R": [1, 1, 1, 1, 1, 1, 1, 1, 1, 1, 0, 0, 0, 0, 0, 0, 0, 0, 0, 0, 0, 0, 0, 0, 0, 0, 0, 0, 0, 0, 0, 0, 0, 0, 0, 0, 0, 0, 0, 0, 0, 0, 0, 0, 0, 0, 0, 0, 0, 0, 0, 0]}