{"RTG": [9, 8, 7, 6, 5, 4, 3, 2, 1, 0, 0, 0, 0, 0, 0, 0, 0, 0, 0, 0, 0, 0, 0, 0, 0, 0, 0, 0, 0, 0, 0, 0, 0, 0, 0, 0, 0, 0, 0, 0, 0, 0, 0, 0, 0, 0, 0, 0, 0, 0, 0, 0], "S": [0, -0.28687307137208434, -0.5681424030680832, 0.2404961358400748, -0.5573659080551784, 0.377304667011703, 1.550053509588688, 0.8814861408638388, 1.899839506890742, 2.13684204514209, 2.648718288939445, -0.6958626735149382, 0.8418830957241761, 0.5364555030845335, 0.791505350158265, 0.4462543804591722, 1.3027192822091056, 1.8594942356609157, 0.028266080697662052, -0.7799098430293636, 1.2636906207954577, 1.176806974670785, 0.1500898090710972, 1.2341595925880817, 0.35215098025751895, 1.1326765301622912, -2.18235760737755, 0.9858819527773454, 0.529575855818755, -0.7433870189333005, 1.2457424006890583, -0.8797078913319923, 0.6842214616603056, 1.2005613140987013, 0.4035438731462402, 0.14065031128985822, 0.38641500747199387, -0.36679091592001095, 0.8429601913364685, 0.7417519397012445, -1.503718626120767, 0.5821843027492473, 0.5209078855902575, -0.5091648528801574, 2.1646963807230764, -0.6800648534759454, -0.9561600736877052, 1.1712103381729184, 1.2154017406227207, -0.06805584798382577, 0.7318721648963916, 0.0866432673157289], "A": [3.1350000000000002, 0.0, 0.85, 0.935, 0.8150000000000001, 1.795, 1.83, 1.7750000000000001, 1.76, 1.71, 3.97, 4.815, 4.97, 4.65, 4.4750000000000005, 4.275, 4.17, 2.52, 3.535, 0.405, 0.53, 0.26, 2.79, 2.91, 2.68, 1.335, 2.24, 2.125, 3.75, 3.325, 2.365, 1.56, 0.64, 1.135, 4.1, 3.4050000000000002, 0.13, 3.24, 4.565, 3.86, 3.015, 4.89, 3.645, 4.22, 1.215, 2.0300000000000002, 2.605, 0.34, 1.455, 4.735, 1.05, 0], "R": [1, 1, 1, 1, 1, 1, 1, 1, 1, 0, 0, 0, 0, 0, 0, 0, 0, 0, 0, 0, 0, 0, 0, 0, 0, 0, 0, 0, 0, 0, 0, 0, 0, 0, 0, 0, 0, 0, 0, 0, 0, 0, 0, 0, 0, 0, 0, 0, 0, 0, 0, 0]}