{"RTG": [26, 25, 24, 23, 22, 21, 20, 19, 18, 17, 16, 15, 14, 13, 12, 11, 10, 9, 8, 7, 6, 5, 4, 3, 2, 1, 0, 0, 0, 0, 0, 0, 0, 0, 0, 0, 0, 0, 0, 0, 0, 0, 0, 0, 0, 0, 0, 0, 0, 0, 0, 0], "S": [0, 0.04047799628533581, -0.2543664896025655, -1.8790008443431394, 0.3146398464699526, 0.438911988125878, -0.5681424030680832, 0.9242571415201947, 1.151436074096337, 0.9421555065576516, -0.16817882155834474, -0.9311057892287455, 0.8313089284247416, 0.6466991670257178, 0.780918615055049, 0.6494093557430308, -0.2695911284410121, 1.2198638448838093, 1.1678514241253621, 1.2473233634412009, 1.2417797507923742, 0.1500898090710972, 1.189694727779941, 1.3266242924078386, 1.0444516324076214, -0.657719301396538, 2.5551020877188306, 2.6730387989219673, 2.198622511720558, 0.5210538878624557, -0.37205149742952043, 1.7668558624147594, 0.025247930055477295, 2.0286591678260097, -0.5344493610789871, 1.2450646428424186, -0.6609873489373203, 0.7810947647226019, 0.49351587614176184, 0.8848719625808373, 0.23008588075507877, 0.2045054376024882, -1.1142781305849165, -0.22043538557598594, -1.4056490068099121, -0.6211852992102556, 0.3573440360234566, 1.1929647133334638, -0.9971860540038541, 1.1551915578798113, 1.2696251559757619, 0.421746209599056], "A": [1.175, 1.0150000000000001, 1.2750000000000001, 1.1500000000000001, 1.12, 0.0, 2.1550000000000002, 2.2, 2.245, 3.105, 3.93, 4.775, 4.865, 4.655, 4.525, 4.38, 0.495, 0.535, 0.41500000000000004, 0.34500000000000003, 0.26, 2.705, 2.755, 2.815, 3.495, 1.725, 1.695, 1.645, 0.755, 2.5, 4.165, 4.095, 4.235, 3.72, 3.29, 1.92, 5.0, 2.965, 3.37, 1.49, 0.855, 2.39, 0.11, 3.8200000000000003, 3.615, 3.205, 0.655, 2.025, 2.6, 1.81, 4.94, 0], "R": [1, 1, 1, 1, 1, 1, 1, 1, 1, 1, 1, 1, 1, 1, 1, 1, 1, 1, 1, 1, 1, 1, 1, 1, 1, 1, 0, 0, 0, 0, 0, 0, 0, 0, 0, 0, 0, 0, 0, 0, 0, 0, 0, 0, 0, 0, 0, 0, 0, 0, 0, 0]}