{"RTG": [27, 26, 25, 24, 23, 22, 21, 20, 19, 18, 17, 16, 15, 14, 13, 12, 11, 10, 9, 8, 7, 6, 5, 4, 3, 2, 1, 0, 0, 0, 0, 0, 0, 0, 0, 0, 0, 0, 0, 0, 0, 0, 0, 0, 0, 0, 0, 0, 0, 0, 0, 0], "S": [0, -0.7506979107943184, -0.5681424030680832, 0.1642534074841468, -0.6092041357060602, 0.3680109104289028, 0.4949049722078865, 1.1832205329391008, 1.1914882796809394, -2.2383187886964397, 1.0814212867534516, 1.0245921516336474, -0.4345148689017537, -0.044221530445518326, 0.35893135363273554, 0.23093654685116718, 1.2918036410372127, 1.1602292902251623, 1.2829686885252671, 0.1308494504699903, 0.7801908353249076, 1.2005038616307513, 0.6136213460770834, 0.7810947647226019, 0.5209078855902575, 0.7170916018157362, 0.7871845460010397, -0.715299091384201, 2.6730387989219673, 2.593288167724146, 2.1109965038009197, 0.6560959005237793, -1.1394990942280583, 2.1300292046727938, 1.8594942356609157, 1.2473233634412009, 0.1134268335735682, -0.5519999276125631, 0.42103107830772674, -1.0785053980520602, 0.7352255488802192, 0.23008588075507877, 0.8478622810701648, 1.2198638448838093, -0.44124323692021794, -1.182399402186969, -0.4757085314032074, 0.6090386641418352, -0.26899053000129997, -1.054315683292044, 1.132872154906867, -0.11355670144341846], "A": [3.575, 0.0, 0.86, 0.96, 0.8200000000000001, 0.76, 0.66, 0.63, 1.32, 2.1750000000000003, 2.235, 2.07, 4.42, 2.9050000000000002, 3.065, 2.735, 2.695, 2.7800000000000002, 2.525, 3.235, 3.335, 3.39, 5.0, 4.89, 4.6850000000000005, 4.585, 4.01, 1.695, 1.72, 1.6400000000000001, 0.29, 3.79, 4.225, 4.17, 0.41500000000000004, 1.87, 0.155, 1.1300000000000001, 2.3850000000000002, 4.3, 1.49, 4.785, 0.495, 3.68, 3.9050000000000002, 1.205, 4.51, 3.145, 1.965, 2.595, 0.075, 0], "R": [1, 1, 1, 1, 1, 1, 1, 1, 1, 1, 1, 1, 1, 1, 1, 1, 1, 1, 1, 1, 1, 1, 1, 1, 1, 1, 1, 0, 0, 0, 0, 0, 0, 0, 0, 0, 0, 0, 0, 0, 0, 0, 0, 0, 0, 0, 0, 0, 0, 0, 0, 0]}