{"RTG": [27, 26, 25, 24, 23, 22, 21, 20, 19, 18, 17, 16, 15, 14, 13, 12, 11, 10, 9, 8, 7, 6, 5, 4, 3, 2, 1, 0, 0, 0, 0, 0, 0, 0, 0, 0, 0, 0, 0, 0, 0, 0, 0, 0, 0, 0, 0, 0, 0, 0, 0, 0], "S": [0, -0.5091648528801574, -0.5681424030680832, 0.1642534074841468, -0.6092041357060602, 0.3680109104289028, 0.4949049722078865, 1.1832205329391008, 1.1914882796809394, -2.2383187886964397, 1.0814212867534516, 1.0245921516336474, -0.4345148689017537, 0.5061761088750564, 0.826452834105411, 0.7216939239772742, 0.5690923241108877, 0.7810947647226019, 0.5176853876426791, 1.7668558624147594, 0.9215906391411742, 2.014262628658444, 2.1614265129414165, 0.4109152650008146, -0.2844192542658805, 1.3223751932371433, 1.1390065784520442, -0.37205149742952043, 2.6732740673741575, 2.583789023717434, 2.2787485889783183, 0.6560959005237793, 0.7554559803553068, -1.5023795661589565, 1.2473233634412009, -0.657719301396538, 1.1718425673152988, 0.3971961720618536, -0.5519999276125631, 0.42103107830772674, -0.3881858065598431, -0.9374506081177982, 0.7014264433005017, 1.2198638448838093, -0.8086308259890348, -0.5765074546122056, 0.49481502529770993, 0.8542846964258753, -0.5915936314210155, -0.28307668106601713, 1.0675806827655183, 0.7065887481278916], "A": [3.645, 0.0, 0.86, 0.96, 0.8200000000000001, 0.76, 0.66, 0.63, 1.32, 2.1750000000000003, 2.235, 2.07, 4.485, 4.62, 4.73, 4.88, 5.0, 4.3100000000000005, 4.165, 4.13, 4.18, 4.195, 2.945, 3.13, 2.765, 2.6550000000000002, 2.5, 1.7, 1.675, 1.75, 0.29, 3.38, 3.84, 0.41500000000000004, 3.495, 3.275, 1.5250000000000001, 0.155, 1.1300000000000001, 1.9000000000000001, 2.37, 2.85, 0.495, 3.9450000000000003, 1.21, 3.035, 4.805, 3.73, 1.44, 2.585, 4.55, 0], "R": [1, 1, 1, 1, 1, 1, 1, 1, 1, 1, 1, 1, 1, 1, 1, 1, 1, 1, 1, 1, 1, 1, 1, 1, 1, 1, 1, 0, 0, 0, 0, 0, 0, 0, 0, 0, 0, 0, 0, 0, 0, 0, 0, 0, 0, 0, 0, 0, 0, 0, 0, 0]}