{"RTG": [25, 24, 23, 22, 21, 20, 19, 18, 17, 16, 15, 14, 13, 12, 11, 10, 9, 8, 7, 6, 5, 4, 3, 2, 1, 0, 0, 0, 0, 0, 0, 0, 0, 0, 0, 0, 0, 0, 0, 0, 0, 0, 0, 0, 0, 0, 0, 0, 0, 0, 0, 0], "S": [0, -1.4389975327009001, -0.5681424030680832, 0.1642534074841468, -0.6092041357060602, 0.3680109104289028, 0.4949049722078865, 1.1832205329391008, 1.1914882796809394, -2.2383187886964397, 1.0814212867534516, 1.0245921516336474, -0.4345148689017537, 0.7131136754895187, 0.7861115957725884, 0.5073931917166381, 0.7765038309941795, 0.37416928039478276, 0.37860667503134976, 0.3573440360234566, 0.49115730678697345, 1.2766244561205646, 1.1485285121397457, 0.6136213460770834, -0.7548756490013011, 1.2752776432954898, 2.6730387989219673, 2.593288167724146, 2.1109965038009197, 2.1880040451103517, 1.4381036978079742, 0.9620205374516724, 0.6560959005237793, -0.7940973879101138, 1.2473233634412009, -0.4448451563527119, 0.1134268335735682, -0.5519999276125631, 0.42103107830772674, 0.23008588075507877, -0.7495170589353438, -0.715299091384201, 1.2198638448838093, 0.49351587614176184, 1.0675806827655183, -0.4757085314032074, -0.984767779832423, -1.0269167683512421, 0.791505350158265, 0.7810947647226019, -0.11355670144341846, -0.6592004082044743], "A": [3.875, 0.0, 0.86, 0.96, 0.8200000000000001, 0.76, 0.66, 0.63, 1.32, 2.1750000000000003, 2.235, 2.07, 4.7250000000000005, 4.835, 4.965, 4.58, 4.465, 3.0500000000000003, 3.205, 2.875, 2.73, 2.69, 3.39, 3.52, 3.31, 1.695, 1.72, 1.6400000000000001, 4.215, 4.15, 4.29, 0.29, 2.475, 0.41500000000000004, 3.69, 1.87, 0.155, 1.1300000000000001, 1.49, 2.355, 4.01, 0.495, 2.965, 2.585, 1.205, 3.775, 1.96, 4.65, 5.0, 0.075, 3.605, 0], "R": [1, 1, 1, 1, 1, 1, 1, 1, 1, 1, 1, 1, 1, 1, 1, 1, 1, 1, 1, 1, 1, 1, 1, 1, 1, 0, 0, 0, 0, 0, 0, 0, 0, 0, 0, 0, 0, 0, 0, 0, 0, 0, 0, 0, 0, 0, 0, 0, 0, 0, 0, 0]}