{"RTG": [2, 1, 0, 0, 0, 0, 0, 0, 0, 0, 0, 0, 0, 0, 0, 0, 0, 0, 0, 0, 0, 0, 0, 0, 0, 0, 0, 0, 0, 0, 0, 0, 0, 0, 0, 0, 0, 0, 0, 0, 0, 0, 0, 0, 0, 0, 0, 0, 0, 0, 0, 0], "S": [0, 2.13684204514209, 2.510577190859736, 2.665056914615652, 1.723220249425911, -1.0849883657686858, -0.5681424030680832, 0.5668338030505861, 0.4215588852672501, 1.1326765301622912, 0.43020799552765826, 0.9578542139492628, 0.4633443805678566, -0.5441132825174866, 0.4777299050634701, 0.7582537177375791, 0.8036415820234936, 0.7810947647226019, 1.190400491309068, 1.314995406442874, -0.7001124557070517, 0.3959299450209885, 1.14814577970639, 1.2217589136693932, 1.0542425639738024, -0.2543664896025655, -2.019375394177136, -0.09101694669670529, -0.6356053352110442, -1.2849974428615545, 1.1065611909486615, -0.22095008144629988, 1.0022667714886981, -0.2679591565011226, 1.3223751932371433, 0.7652276639764811, -0.1333343676888655, -0.7413584525528033, 2.199560797986056, 0.42396904460622875, 0.42103107830772674, -1.1684325326578182, 1.2805352156985943, -0.30881443111225443, -0.3116150948341032, 1.260659837942881, 0.4721344441138844, 0.3643491653233505, 0.7690116833676693, -1.182399402186969, -0.11803058692131012, 1.1815012598688805], "A": [1.76, 1.73, 1.705, 1.62, 2.0100000000000002, 0.0, 2.865, 3.045, 2.68, 2.54, 3.25, 3.4, 3.6350000000000002, 4.48, 4.665, 4.83, 5.0, 4.28, 4.1450000000000005, 4.0, 0.8, 0.605, 0.47000000000000003, 0.32, 1.0150000000000001, 1.285, 2.315, 0.19, 3.805, 2.18, 3.1550000000000002, 0.6950000000000001, 4.375, 2.765, 4.575, 1.45, 3.515, 4.21, 4.92, 1.1300000000000001, 2.435, 0.395, 0.905, 1.895, 3.3200000000000003, 2.96, 2.115, 4.75, 3.9050000000000002, 0.085, 2.61, 0], "R": [1, 1, 0, 0, 0, 0, 0, 0, 0, 0, 0, 0, 0, 0, 0, 0, 0, 0, 0, 0, 0, 0, 0, 0, 0, 0, 0, 0, 0, 0, 0, 0, 0, 0, 0, 0, 0, 0, 0, 0, 0, 0, 0, 0, 0, 0, 0, 0, 0, 0, 0, 0]}