{"RTG": [11, 10, 9, 8, 7, 6, 5, 4, 3, 2, 1, 0, 0, 0, 0, 0, 0, 0, 0, 0, 0, 0, 0, 0, 0, 0, 0, 0, 0, 0, 0, 0, 0, 0, 0, 0, 0, 0, 0, 0, 0, 0, 0, 0, 0, 0, 0, 0, 0, 0, 0, 0], "S": [0, 1.2226063038826296, 1.2008932538035024, 1.294516094678491, 1.10297997475711, 1.1756294449900588, 0.7439499693117351, -0.32750870905583246, -0.45340702261723914, 2.2787485889783183, 1.8155548068888594, 2.510577190859736, 2.648718288939445, 0.3249895437356506, 1.1849486762474712, 1.3266242924078386, 0.37011310999987346, -0.9816023194918702, 0.015058671514919365, -0.7057535105063594, -0.12888793902105405, 0.7810947647226019, 0.7665022349198103, 0.7582537177375791, -0.7762351625212653, 0.27750730430012266, -1.0006152363742993, 0.6494093557430308, -0.5613504714487526, 1.66510693211448, 0.8399611402853264, -0.08326043425258514, 2.1300292046727938, 1.2256976844807996, -0.5681424030680832, 0.49481502529770993, -1.1095620561736692, 0.25207635626420094, -1.5202825455833266, 0.7824357235715943, 1.1485285121397457, -1.4864591883310811, 0.4633443805678566, -0.5821590646936314, -0.44017286079018214, 1.9226645203488157, 0.3680109104289028, 0.41543750807331425, -0.4371655090445092, 0.35049370059763607, 0.2454218611888777, 1.1260754615276558], "A": [0.47500000000000003, 0.515, 0.385, 0.325, 0.62, 0.725, 0.125, 0.92, 1.75, 1.78, 1.73, 1.71, 1.51, 2.625, 2.755, 2.9, 2.46, 3.18, 3.505, 4.3500000000000005, 5.0, 4.84, 4.665, 3.95, 2.11, 1.23, 4.525, 3.725, 4.16, 2.255, 4.09, 4.225, 3.33, 0.0, 3.035, 1.98, 1.07, 1.3800000000000001, 4.755, 2.69, 3.835, 3.4, 3.625, 2.335, 1.6300000000000001, 0.8200000000000001, 4.93, 0.22, 1.145, 4.45, 2.185, 0], "R": [1, 1, 1, 1, 1, 1, 1, 1, 1, 1, 1, 0, 0, 0, 0, 0, 0, 0, 0, 0, 0, 0, 0, 0, 0, 0, 0, 0, 0, 0, 0, 0, 0, 0, 0, 0, 0, 0, 0, 0, 0, 0, 0, 0, 0, 0, 0, 0, 0, 0, 0, 0]}