{"RTG": [10, 9, 8, 7, 6, 5, 4, 3, 2, 1, 0, 0, 0, 0, 0, 0, 0, 0, 0, 0, 0, 0, 0, 0, 0, 0, 0, 0, 0, 0, 0, 0, 0, 0, 0, 0, 0, 0, 0, 0, 0, 0, 0, 0, 0, 0, 0, 0, 0, 0, 0, 0], "S": [0, -0.2575596417689937, -0.5681424030680832, 0.2045054376024882, -0.5973820916024358, 0.377304667011703, 1.3644503580708482, 0.587534579924061, 1.7290264375923594, 1.9816540052700344, 2.593288167724146, 2.6730387989219673, 0.5804748080628606, -1.0754068804073755, 0.6800540626825456, -0.7486598192425545, 0.8542846964258753, 0.48221651102654217, 0.8095437992284806, 0.41171617023787066, 1.5186593645993924, 1.7668558624147594, -0.7548756490013011, 1.2473233634412009, 1.158880316031669, 0.2360780316584261, 1.0887396232185838, 1.1485285121397457, -2.078054622311628, 0.4109152650008146, -0.6250762041214045, 1.2752776432954898, 1.1988872073150763, 0.6136213460770834, -0.18412100953310084, 0.09060725392395028, -0.4064917918700017, 1.132872154906867, 0.438911988125878, 0.7063621804743907, 0.6459327577795845, -0.25787601304066904, -0.7985100098253909, -1.5023795661589565, -0.5628831503192052, 1.2628973292464318, 1.1413307041700922, 0.7181670574127406, 0.5209078855902575, 0.49115730678697345, -0.19572881840451012, 2.199560797986056], "A": [3.12, 0.0, 0.855, 0.9450000000000001, 0.8150000000000001, 1.805, 1.845, 1.7850000000000001, 1.77, 1.72, 1.695, 2.275, 2.45, 2.1350000000000002, 3.955, 4.805, 4.96, 4.64, 4.47, 4.265, 4.165, 3.52, 0.41500000000000004, 0.54, 0.265, 2.81, 2.69, 1.29, 2.945, 3.735, 3.31, 0.65, 3.39, 4.085, 1.47, 0.135, 2.595, 1.12, 4.72, 3.225, 4.37, 2.045, 3.84, 3.63, 0.35000000000000003, 2.21, 4.555, 4.89, 2.875, 1.19, 4.21, 0], "R": [1, 1, 1, 1, 1, 1, 1, 1, 1, 1, 0, 0, 0, 0, 0, 0, 0, 0, 0, 0, 0, 0, 0, 0, 0, 0, 0, 0, 0, 0, 0, 0, 0, 0, 0, 0, 0, 0, 0, 0, 0, 0, 0, 0, 0, 0, 0, 0, 0, 0, 0, 0]}