{"RTG": [21, 20, 19, 18, 17, 16, 15, 14, 13, 12, 11, 10, 9, 8, 7, 6, 5, 4, 3, 2, 1, 0, 0, 0, 0, 0, 0, 0, 0, 0, 0, 0, 0, 0, 0, 0, 0, 0, 0, 0, 0, 0, 0, 0, 0, 0, 0, 0, 0, 0, 0, 0], "S": [0, 0.7817142987958644, 1.1413307041700922, 1.050618440940789, -0.5681424030680832, 0.2992456858903939, -0.30250143554770165, 1.072987484673177, 1.184145623379665, 1.1348906924437472, 1.2200896781036197, 1.2881202542280985, 1.0000009442743154, -0.2844192542658805, -0.6878780468282619, 0.8036415820234936, 0.4166613326088767, 0.6989865678173576, 0.7065887481278916, -0.044221530445518326, 0.8127354545276446, 2.583789023717434, 2.6732740673741575, 1.640461454575373, -0.7834705376033333, 1.2423047404347072, 0.7500898340417048, 1.024040463667378, -1.9528264959818675, 2.1990799042829505, 1.4381036978079742, 1.4124672145230344, -0.9336474874188099, 1.2457424006890583, -1.054315683292044, -0.9816023194918702, 0.5340475232331015, -0.5519999276125631, 0.38641500747199387, 0.42103107830772674, 0.8429601913364685, -0.3672731553529204, 1.1464646165049321, 0.7810947647226019, -0.4672195710409025, -1.4061401913825524, 0.8250163897131615, -0.45340702261723914, -0.593214709912086, 0.4215588852672501, -0.11355670144341846, 2.510577190859736], "A": [2.2600000000000002, 2.21, 2.17, 0.0, 0.84, 1.01, 0.685, 0.625, 0.555, 0.445, 0.39, 0.315, 3.13, 3.975, 4.83, 4.9350000000000005, 4.71, 4.55, 4.42, 1.57, 1.675, 1.7, 1.79, 3.54, 2.72, 2.845, 2.58, 1.28, 4.205, 4.15, 4.2700000000000005, 3.77, 3.325, 1.965, 2.46, 2.975, 0.155, 3.4050000000000002, 1.1300000000000001, 3.24, 1.435, 2.65, 5.0, 3.66, 3.88, 4.625, 0.92, 2.06, 3.045, 0.075, 1.73, 0], "R": [1, 1, 1, 1, 1, 1, 1, 1, 1, 1, 1, 1, 1, 1, 1, 1, 1, 1, 1, 1, 1, 0, 0, 0, 0, 0, 0, 0, 0, 0, 0, 0, 0, 0, 0, 0, 0, 0, 0, 0, 0, 0, 0, 0, 0, 0, 0, 0, 0, 0, 0, 0]}