{"RTG": [31, 30, 29, 28, 27, 26, 25, 24, 23, 22, 21, 20, 19, 18, 17, 16, 15, 14, 13, 12, 11, 10, 9, 8, 7, 6, 5, 4, 3, 2, 1, 0, 0, 0, 0, 0, 0, 0, 0, 0, 0, 0, 0, 0, 0, 0, 0, 0, 0, 0, 0, 0], "S": [0, 0.7486707964918938, -0.08361090576424757, 1.0141390956092324, 1.1400171087098125, -1.0785053980520602, -0.5681424030680832, 0.2045054376024882, 0.040343652882350874, 1.1694360114222457, 1.184145623379665, 1.176806974670785, 1.219837753571638, 1.294516094678491, 1.0542425639738024, -2.201677621553729, 0.7143651627474831, 1.1347072427156868, 0.08002013972113022, 1.2699450427223564, 1.5186593645993924, 0.7352255488802192, 1.8063011458935552, 2.1300292046727938, 2.186387029405289, 0.7810947647226019, 0.6977617291854273, 0.7259718516629005, 0.9978997859167429, 0.4109152650008146, 1.1392762323358923, 2.6194882783227276, 2.665056914615652, 2.060748031034219, -1.0364517181494661, 0.4573498151461132, 0.7181670574127406, 0.9730814183255039, -0.5519999276125631, -0.6211852992102556, -0.8086308259890348, 0.17769761202432371, 0.27244383499665203, -0.2319763522557701, 0.8205579041063652, -0.5973820916024358, -0.3672731553529204, -0.46555971502504534, 0.4462543804591722, 0.47240745786319704, 0.421746209599056, 1.3266242924078386], "A": [2.14, 2.09, 2.165, 2.19, 2.3850000000000002, 0.0, 0.855, 1.045, 0.665, 0.625, 0.53, 0.46, 0.385, 0.32, 1.305, 3.23, 3.345, 3.4250000000000003, 3.3000000000000003, 4.265, 4.3, 4.25, 4.225, 4.2, 5.0, 4.855, 4.68, 2.82, 2.945, 2.685, 1.68, 1.705, 1.7650000000000001, 3.7800000000000002, 1.5350000000000001, 4.555, 2.575, 0.155, 3.615, 3.9450000000000003, 3.0700000000000003, 1.155, 1.8900000000000001, 4.7700000000000005, 0.9450000000000001, 1.435, 2.495, 4.4750000000000005, 0.765, 4.94, 2.755, 0], "R": [1, 1, 1, 1, 1, 1, 1, 1, 1, 1, 1, 1, 1, 1, 1, 1, 1, 1, 1, 1, 1, 1, 1, 1, 1, 1, 1, 1, 1, 1, 1, 0, 0, 0, 0, 0, 0, 0, 0, 0, 0, 0, 0, 0, 0, 0, 0, 0, 0, 0, 0, 0]}