{"RTG": [16, 15, 14, 13, 12, 11, 10, 9, 8, 7, 6, 5, 4, 3, 2, 1, 0, 0, 0, 0, 0, 0, 0, 0, 0, 0, 0, 0, 0, 0, 0, 0, 0, 0, 0, 0, 0, 0, 0, 0, 0, 0, 0, 0, 0, 0, 0, 0, 0, 0, 0, 0], "S": [0, 1.1712103381729184, 0.8492731788192288, 1.1637413930916065, -0.5681424030680832, 0.32211413453554105, -0.3935566625341845, 1.072987484673177, 1.1756294449900588, 1.142098306587714, 1.2192840698341836, 1.2881202542280985, 1.0000009442743154, -0.7413584525528033, -0.25787601304066904, 1.9816540052700344, 2.404467632602444, 2.6246497070519292, 2.6194882783227276, -0.9561600736877052, 0.7810947647226019, 0.7665022349198103, 0.7582537177375791, -0.7486598192425545, -0.034142590711439366, -2.2362571854591744, 0.5054056779022843, 0.3857365692963434, 1.2254038456039946, 1.9421985709844345, 0.38850455016500957, 2.0286591678260097, -0.7880611165295308, 0.6951830673805045, 0.8848719625808373, -0.5519999276125631, 0.3027282790335336, -1.0785053980520602, 1.0814212867534516, 0.4035438731462402, 1.2341595925880817, 0.21347584363378308, 0.42396904460622875, -0.526117465012331, 0.7690116833676693, -0.5980416703876035, 0.5891517867554916, -1.503718626120767, -0.5765074546122056, 0.37416928039478276, -0.36042160659606265, -0.4572802851966546], "A": [2.605, 2.565, 2.64, 0.0, 0.835, 1.0, 0.685, 0.62, 0.55, 0.45, 0.39, 0.315, 3.515, 4.37, 1.77, 1.74, 1.715, 1.68, 2.0300000000000002, 5.0, 4.84, 4.665, 3.955, 3.09, 1.315, 2.2800000000000002, 2.895, 3.285, 4.175, 4.11, 4.235, 3.755, 4.545, 3.37, 0.155, 1.5050000000000001, 2.3850000000000002, 2.1750000000000003, 1.135, 2.79, 3.1950000000000003, 4.92, 3.64, 4.75, 1.915, 2.995, 3.86, 1.21, 4.465, 0.91, 1.43, 0], "R": [1, 1, 1, 1, 1, 1, 1, 1, 1, 1, 1, 1, 1, 1, 1, 1, 0, 0, 0, 0, 0, 0, 0, 0, 0, 0, 0, 0, 0, 0, 0, 0, 0, 0, 0, 0, 0, 0, 0, 0, 0, 0, 0, 0, 0, 0, 0, 0, 0, 0, 0, 0]}