{"RTG": [22, 21, 20, 19, 18, 17, 16, 15, 14, 13, 12, 11, 10, 9, 8, 7, 6, 5, 4, 3, 2, 1, 0, 0, 0, 0, 0, 0, 0, 0, 0, 0, 0, 0, 0, 0, 0, 0, 0, 0, 0, 0, 0, 0, 0, 0, 0, 0, 0, 0, 0, 0], "S": [0, -0.9971860540038541, -0.5681424030680832, 0.1642534074841468, -0.6092041357060602, 0.3680109104289028, 0.4949049722078865, 1.1832205329391008, 1.1914882796809394, -2.2383187886964397, 0.5273213368525247, 0.5950547331054502, -0.24866560631437654, 1.1602292902251623, 1.154923932830813, 0.3327416839338406, -0.6874175835325607, 0.8036415820234936, 0.4179323833926717, 0.7063621804743907, 0.7181670574127406, 0.10058988888118321, -0.7695552481135107, 2.6462676611234475, 2.648718288939445, 1.4202812468229182, 0.6560959005237793, 0.26116185121244917, 2.1646963807230764, 1.7668558624147594, 1.0942090702771463, -1.0364517181494661, 1.2473233634412009, 0.8479373402835767, 0.8814861408638388, -0.5519999276125631, 0.42103107830772674, 1.1065611909486615, -0.06490318263147667, 1.099627421136071, -1.204898730905284, 0.7810947647226019, 0.04365670661903363, 1.2198638448838093, -1.3684260504266743, -0.44919934217062807, 1.2341595925880817, 0.8164466281105316, -0.7202755602478425, -0.4757085314032074, 0.4485587152594895, -0.11355670144341846], "A": [2.025, 0.0, 0.86, 0.96, 0.8200000000000001, 0.76, 0.66, 0.63, 1.32, 2.87, 3.005, 3.15, 2.695, 2.645, 2.535, 3.99, 4.83, 4.925, 4.72, 4.555, 4.4350000000000005, 3.565, 1.685, 1.71, 1.605, 0.29, 2.295, 4.22, 4.165, 3.35, 3.7800000000000002, 0.41500000000000004, 4.295, 1.83, 0.155, 1.1300000000000001, 2.18, 3.435, 3.265, 2.415, 5.0, 1.465, 0.495, 3.8850000000000002, 3.67, 2.79, 4.635, 1.925, 1.205, 2.12, 0.075, 0], "R": [1, 1, 1, 1, 1, 1, 1, 1, 1, 1, 1, 1, 1, 1, 1, 1, 1, 1, 1, 1, 1, 1, 0, 0, 0, 0, 0, 0, 0, 0, 0, 0, 0, 0, 0, 0, 0, 0, 0, 0, 0, 0, 0, 0, 0, 0, 0, 0, 0, 0, 0, 0]}