{"RTG": [7, 6, 5, 4, 3, 2, 1, 0, 0, 0, 0, 0, 0, 0, 0, 0, 0, 0, 0, 0, 0, 0, 0, 0, 0, 0, 0, 0, 0, 0, 0, 0, 0, 0, 0, 0, 0, 0, 0, 0, 0, 0, 0, 0, 0, 0, 0, 0, 0, 0, 0, 0], "S": [0, 0.4949049722078865, 0.9625550854276712, 1.1832205329391008, 1.1571444090289609, -0.10563491063426701, 0.2053593529541412, -0.6664423878806288, 2.6730387989219673, 2.539316846348272, 2.510577190859736, 0.37011310999987346, -0.1275144827788334, 1.1740795034056069, 0.8492731788192288, -0.9899543682703261, -0.9311057892287455, 0.8405098459569589, 0.4166613326088767, 0.8259366669938637, 0.19826562714405405, -0.5681424030680832, -0.657719301396538, -2.2383187886964397, 1.0542425639738024, -0.598610461628525, 1.233874684983979, 2.1300292046727938, 1.66510693211448, 0.624834862100612, -0.4909143663015248, 1.2254038456039946, 1.1413307041700922, 1.2033515197286617, 0.9438680768787604, 0.3027282790335336, -0.4088659150438583, 0.27244383499665203, 0.7810947647226019, 0.7002211277137405, -1.3691595699046264, 0.21347584363378308, -0.6737740081427814, -0.6404363206845495, 0.5804748080628606, 0.6612033019948327, 0.5891517867554916, -0.1285737335390223, -0.5550393478506724, -1.0269167683512421, -0.5526260678947568, 1.2198638448838093], "A": [0.76, 0.7000000000000001, 0.66, 0.61, 1.03, 1.865, 2.055, 1.695, 1.67, 1.73, 2.9, 3.1, 2.7, 2.565, 2.375, 3.93, 4.78, 4.9350000000000005, 4.615, 4.445, 0.0, 3.495, 1.32, 0.32, 0.2, 0.425, 4.225, 4.16, 4.305, 3.71, 3.285, 2.21, 2.795, 3.365, 1.5050000000000001, 0.915, 1.155, 5.0, 4.7, 3.815, 3.1950000000000003, 4.045, 3.61, 2.275, 4.53, 2.995, 0.09, 2.49, 1.96, 1.425, 0.495, 0], "R": [1, 1, 1, 1, 1, 1, 1, 0, 0, 0, 0, 0, 0, 0, 0, 0, 0, 0, 0, 0, 0, 0, 0, 0, 0, 0, 0, 0, 0, 0, 0, 0, 0, 0, 0, 0, 0, 0, 0, 0, 0, 0, 0, 0, 0, 0, 0, 0, 0, 0, 0, 0]}