{"RTG": [28, 27, 26, 25, 24, 23, 22, 21, 20, 19, 18, 17, 16, 15, 14, 13, 12, 11, 10, 9, 8, 7, 6, 5, 4, 3, 2, 1, 0, 0, 0, 0, 0, 0, 0, 0, 0, 0, 0, 0, 0, 0, 0, 0, 0, 0, 0, 0, 0, 0, 0, 0], "S": [0, 1.2066195172364638, 1.127721295153221, 1.2829686885252671, 0.7014264433005017, 0.6982589645466594, -0.5681424030680832, 0.2045054376024882, 0.0866432673157289, 1.1929647133334638, 1.1398863076022887, 1.2207514698396822, 1.2636906207954577, 1.0542425639738024, 0.7439499693117351, -0.5689652042600516, -1.0846614795250824, -0.5344493610789871, 0.7535780975912624, 0.7259718516629005, 0.002822489698097361, 0.7665022349198103, 0.48221651102654217, -1.1185111654206692, 1.2699450427223564, 1.1701627407828141, 0.7143651627474831, -0.18412100953310084, 0.26116185121244917, 2.6640935024130794, 2.6246497070519292, 1.9226645203488157, -1.1310010417772167, 1.8063011458935552, -0.7834705376033333, -0.4757085314032074, 1.0141390956092324, 0.4215588852672501, 2.124266822246258, -1.2050087939706549, 0.979413961857978, -0.611716481250362, 0.7957554899833702, -1.3287532923747882, 0.3027282790335336, 0.0074048302044516555, 0.49351587614176184, -0.1285737335390223, -0.5821590646936314, 0.0596368921205919, 0.42103107830772674, 0.7810947647226019], "A": [2.71, 2.67, 2.7800000000000002, 2.85, 2.555, 0.0, 0.855, 1.05, 0.655, 0.6, 0.465, 0.405, 0.32, 0.725, 0.20500000000000002, 1.4000000000000001, 3.72, 4.57, 4.68, 4.425, 4.84, 4.96, 1.985, 3.3000000000000003, 3.34, 3.23, 4.085, 2.295, 1.69, 1.715, 1.6300000000000001, 3.91, 4.25, 3.54, 1.205, 2.165, 3.045, 4.19, 2.42, 1.825, 0.9550000000000001, 4.76, 3.81, 1.5050000000000001, 2.095, 2.965, 0.09, 3.625, 4.335, 1.1300000000000001, 5.0, 0], "R": [1, 1, 1, 1, 1, 1, 1, 1, 1, 1, 1, 1, 1, 1, 1, 1, 1, 1, 1, 1, 1, 1, 1, 1, 1, 1, 1, 1, 0, 0, 0, 0, 0, 0, 0, 0, 0, 0, 0, 0, 0, 0, 0, 0, 0, 0, 0, 0, 0, 0, 0, 0]}