{"RTG": [25, 24, 23, 22, 21, 20, 19, 18, 17, 16, 15, 14, 13, 12, 11, 10, 9, 8, 7, 6, 5, 4, 3, 2, 1, 0, 0, 0, 0, 0, 0, 0, 0, 0, 0, 0, 0, 0, 0, 0, 0, 0, 0, 0, 0, 0, 0, 0, 0, 0, 0, 0], "S": [0, -0.8835498934886132, -0.5681424030680832, 0.1642534074841468, -0.6092041357060602, 0.3680109104289028, 0.4949049722078865, 1.1832205329391008, 1.1914882796809394, -2.2383187886964397, 1.0814212867534516, 1.0245921516336474, -0.4345148689017537, 0.8235016011496119, 0.6985273081722505, 0.5061761088750564, 0.6206059075296275, 0.7810947647226019, 0.8479373402835767, 2.186387029405289, 1.9421985709844345, 0.5942894159677002, -0.1445968462172942, 0.7997946265823738, 1.1326765301622912, 0.6137687486908822, 2.6730387989219673, 2.593288167724146, 2.1109965038009197, -0.19947597225900737, 0.6560959005237793, 1.2473233634412009, -1.186524735350794, -0.7762351625212653, -0.6944213635994284, 0.02348309645291035, -0.5519999276125631, 1.275078842405209, 0.42103107830772674, 0.23008588075507877, 1.3265893946558156, 1.2198638448838093, 0.8531075124258279, -0.6048098286998949, 0.9438680768787604, -0.4757085314032074, 0.17769761202432371, -1.5129641137469552, -1.054315683292044, -0.2009931560051553, -0.4438624640970557, -0.11355670144341846], "A": [3.765, 0.0, 0.86, 0.96, 0.8200000000000001, 0.76, 0.66, 0.63, 1.32, 2.1750000000000003, 2.235, 2.07, 4.61, 4.705, 4.485, 4.87, 5.0, 4.295, 4.2, 4.175, 3.0, 3.165, 2.84, 2.68, 2.5500000000000003, 1.695, 1.72, 1.6400000000000001, 3.4450000000000003, 0.29, 0.41500000000000004, 2.4050000000000002, 3.95, 3.595, 1.875, 0.155, 3.305, 1.1300000000000001, 1.49, 2.7600000000000002, 0.495, 4.79, 4.055, 3.365, 1.205, 3.0700000000000003, 3.855, 1.965, 4.4, 3.6750000000000003, 0.075, 0], "R": [1, 1, 1, 1, 1, 1, 1, 1, 1, 1, 1, 1, 1, 1, 1, 1, 1, 1, 1, 1, 1, 1, 1, 1, 1, 0, 0, 0, 0, 0, 0, 0, 0, 0, 0, 0, 0, 0, 0, 0, 0, 0, 0, 0, 0, 0, 0, 0, 0, 0, 0, 0]}