{"RTG": [13, 12, 11, 10, 9, 8, 7, 6, 5, 4, 3, 2, 1, 0, 0, 0, 0, 0, 0, 0, 0, 0, 0, 0, 0, 0, 0, 0, 0, 0, 0, 0, 0, 0, 0, 0, 0, 0, 0, 0, 0, 0, 0, 0, 0, 0, 0, 0, 0, 0, 0, 0], "S": [0, 0.6560959005237793, -0.24856155848617614, 1.0000009442743154, 1.183550878322407, 1.2978622792095647, 1.1678514241253621, 1.184145623379665, 0.7881508443671758, -0.49337631073269567, 1.8155548068888594, 1.1737062158429918, 2.13684204514209, 2.3438345106132012, 2.665056914615652, 1.2066195172364638, 0.7997946265823738, 0.8492731788192288, -1.0370239909719803, 0.49481502529770993, 0.7143651627474831, 0.4633443805678566, -0.6404363206845495, 0.290731299743892, 0.7582537177375791, 0.8036415820234936, 0.7810947647226019, 2.084491255479688, 1.555179369689812, 0.5176853876426791, -1.8790008443431394, -1.488154407535072, -0.5681424030680832, 0.7486707964918938, 0.20124723393830407, 0.7417519397012445, 0.3193365979811941, 1.0245921516336474, -0.28687307137208434, 0.3782747663821225, -0.7213851175583837, 1.2704887200104722, 0.42396904460622875, -0.5915936314210155, -0.9561600736877052, 1.1722023515752833, 0.3680109104289028, -1.1958523683721816, 0.22387517807153576, 0.7690116833676693, -0.7057535105063594, 1.3220304032576353], "A": [0.29, 0.23500000000000001, 0.315, 0.335, 0.365, 0.535, 0.625, 0.72, 0.925, 1.78, 1.815, 1.76, 1.745, 1.705, 2.71, 2.84, 2.565, 2.38, 3.035, 3.23, 3.4, 3.61, 4.455, 4.665, 4.83, 5.0, 4.23, 4.155, 4.3100000000000005, 1.2750000000000001, 3.865, 0.0, 2.14, 1.485, 4.565, 1.08, 2.235, 3.1350000000000002, 2.935, 4.015, 3.315, 4.92, 3.73, 2.0300000000000002, 2.6350000000000002, 0.8200000000000001, 1.395, 1.16, 4.75, 3.505, 1.6, 0], "R": [1, 1, 1, 1, 1, 1, 1, 1, 1, 1, 1, 1, 1, 0, 0, 0, 0, 0, 0, 0, 0, 0, 0, 0, 0, 0, 0, 0, 0, 0, 0, 0, 0, 0, 0, 0, 0, 0, 0, 0, 0, 0, 0, 0, 0, 0, 0, 0, 0, 0, 0, 0]}