{"RTG": [29, 28, 27, 26, 25, 24, 23, 22, 21, 20, 19, 18, 17, 16, 15, 14, 13, 12, 11, 10, 9, 8, 7, 6, 5, 4, 3, 2, 1, 0, 0, 0, 0, 0, 0, 0, 0, 0, 0, 0, 0, 0, 0, 0, 0, 0, 0, 0, 0, 0, 0, 0], "S": [0, -0.5197320190323577, -0.5681424030680832, 0.1642534074841468, -0.6092041357060602, 0.3680109104289028, 0.4949049722078865, 1.1832205329391008, 1.1914882796809394, -2.2383187886964397, 1.0814212867534516, 1.0245921516336474, -0.4345148689017537, 0.41465958780389967, 0.37416928039478276, 1.314995406442874, 0.26206678582391096, 1.66510693211448, 1.8594942356609157, 2.014262628658444, 2.124266822246258, 0.8235016011496119, 0.8531075124258279, 0.4166613326088767, -1.1394990942280583, 0.609313522152387, 0.5681183836528795, 1.1392762323358923, 0.8492731788192288, 0.14424649044003368, 2.6730387989219673, 2.593288167724146, 2.1109965038009197, 0.6560959005237793, -1.2050087939706549, 1.2473233634412009, 0.02348309645291035, -0.5519999276125631, 1.2457424006890583, 0.42103107830772674, -0.5628831503192052, 0.23008588075507877, 0.6985273081722505, 1.313771510494162, 0.7810947647226019, 1.2198638448838093, -1.2326682407776417, -0.1275144827788334, -0.4757085314032074, 0.6136213460770834, -1.054315683292044, -0.26836271666857353], "A": [3.475, 0.0, 0.86, 0.96, 0.8200000000000001, 0.76, 0.66, 0.63, 1.32, 2.1750000000000003, 2.235, 2.07, 4.315, 4.465, 4.1450000000000005, 4.105, 4.16, 4.17, 4.18, 4.19, 4.61, 4.79, 4.9350000000000005, 3.79, 2.86, 3.02, 2.685, 2.565, 3.19, 1.695, 1.72, 1.6400000000000001, 0.29, 2.42, 0.41500000000000004, 1.875, 0.155, 3.325, 1.1300000000000001, 3.63, 1.49, 4.705, 2.77, 5.0, 0.495, 3.9, 3.1, 1.205, 3.39, 1.965, 2.325, 0], "R": [1, 1, 1, 1, 1, 1, 1, 1, 1, 1, 1, 1, 1, 1, 1, 1, 1, 1, 1, 1, 1, 1, 1, 1, 1, 1, 1, 1, 1, 0, 0, 0, 0, 0, 0, 0, 0, 0, 0, 0, 0, 0, 0, 0, 0, 0, 0, 0, 0, 0, 0, 0]}