{"RTG": [25, 24, 23, 22, 21, 20, 19, 18, 17, 16, 15, 14, 13, 12, 11, 10, 9, 8, 7, 6, 5, 4, 3, 2, 1, 0, 0, 0, 0, 0, 0, 0, 0, 0, 0, 0, 0, 0, 0, 0, 0, 0, 0, 0, 0, 0, 0, 0, 0, 0, 0, 0], "S": [0, 0.7582537177375791, 0.8259366669938637, 0.6726275675323473, 0.8316743936656834, 0.5946153418392212, 0.8205579041063652, 0.7352255488802192, 2.084491255479688, 2.199560797986056, -0.5681424030680832, 0.27208023610146237, 0.0866432673157289, 1.1971315791461121, 1.1935643644957392, 1.3014072903111207, 0.06518168505993671, -2.2362571854591744, 1.0814212867534516, 0.1748996278641049, -0.7349959441494497, -0.24866560631437654, -0.4672195710409025, 1.3049009603131116, 0.7500898340417048, 1.187614098414235, 2.6462676611234475, 2.648718288939445, 1.4202812468229182, -0.7486598192425545, 0.5392684839855656, -0.5550393478506724, 0.783357385465521, 0.5800560575903002, -0.7250333914407979, 1.2254038456039946, 0.7008456084275234, -1.2384763947727195, 0.025247930055477295, 0.7810947647226019, -0.32750870905583246, 0.22387517807153576, 0.09060725392395028, 1.2218576619033426, -0.5973820916024358, -0.8275862870460531, 1.1326765301622912, 0.05135519972342358, 0.28265279438418606, 1.0245921516336474, 1.2005038616307513, -1.4061401913825524], "A": [4.665, 4.615, 4.535, 4.82, 4.875, 4.7700000000000005, 4.3, 4.23, 4.21, 0.0, 0.845, 1.05, 0.635, 0.52, 0.37, 0.255, 1.315, 2.1750000000000003, 2.3000000000000003, 2.05, 3.15, 3.66, 2.74, 2.845, 2.62, 1.685, 1.71, 1.605, 3.955, 3.395, 2.49, 1.835, 2.99, 3.5100000000000002, 3.285, 0.73, 3.8000000000000003, 4.095, 5.0, 0.125, 1.16, 1.47, 0.44, 0.9450000000000001, 1.935, 2.68, 4.43, 3.06, 2.235, 3.335, 3.88, 0], "R": [1, 1, 1, 1, 1, 1, 1, 1, 1, 1, 1, 1, 1, 1, 1, 1, 1, 1, 1, 1, 1, 1, 1, 1, 1, 0, 0, 0, 0, 0, 0, 0, 0, 0, 0, 0, 0, 0, 0, 0, 0, 0, 0, 0, 0, 0, 0, 0, 0, 0, 0, 0]}