{"RTG": [3, 2, 1, 0, 0, 0, 0, 0, 0, 0, 0, 0, 0, 0, 0, 0, 0, 0, 0, 0, 0, 0, 0, 0, 0, 0, 0, 0, 0, 0, 0, 0, 0, 0, 0, 0, 0, 0, 0, 0, 0, 0, 0, 0, 0, 0, 0, 0, 0, 0, 0, 0], "S": [0, 2.2807160561275923, 1.723220249425911, 2.539316846348272, 2.6640935024130794, -1.1083866239228302, -0.5681424030680832, 0.9147600389067359, 1.2423047404347072, 0.609313522152387, -1.1442504439522712, 0.12372982621026657, 1.2005038616307513, -0.428093934136053, 0.7143651627474831, 0.3165938873653324, 0.6612033019948327, 0.7002211277137405, 0.5690923241108877, 0.14065031128985822, -1.5129641137469552, 1.1571444090289609, 0.6203485783512641, 1.2207514698396822, 1.0542425639738024, -0.8566861004606161, -0.5805195318260895, -0.6356053352110442, 0.7810947647226019, -0.47945674206180294, 1.1413307041700922, -0.9737435211646027, 0.1134268335735682, 0.05135519972342358, 0.348248328649486, 2.1990799042829505, 0.49351587614176184, 1.154923932830813, 1.2805352156985943, 0.8478622810701648, 0.5804748080628606, 0.3409349855768263, -0.6878780468282619, -0.7695552481135107, 1.9631888737933478, -0.11803058692131012, 0.6068916248446233, 0.8259366669938637, 1.1501940146532572, -0.7433870189333005, 0.3146398464699526, -0.22095008144629988], "A": [1.6500000000000001, 1.62, 1.67, 1.69, 1.235, 0.0, 2.57, 2.72, 2.86, 2.395, 3.075, 3.335, 3.465, 3.23, 4.32, 4.53, 4.7, 4.88, 4.1, 3.855, 0.61, 0.74, 0.465, 0.32, 2.04, 0.9400000000000001, 0.19, 5.0, 3.6550000000000002, 2.21, 1.405, 1.87, 4.43, 1.085, 4.205, 2.965, 2.645, 0.395, 4.785, 2.275, 0.8300000000000001, 3.975, 3.565, 4.24, 0.085, 2.13, 4.615, 0.545, 3.75, 1.1500000000000001, 3.1550000000000002, 0], "R": [1, 1, 1, 0, 0, 0, 0, 0, 0, 0, 0, 0, 0, 0, 0, 0, 0, 0, 0, 0, 0, 0, 0, 0, 0, 0, 0, 0, 0, 0, 0, 0, 0, 0, 0, 0, 0, 0, 0, 0, 0, 0, 0, 0, 0, 0, 0, 0, 0, 0, 0, 0]}