{"RTG": [30, 29, 28, 27, 26, 25, 24, 23, 22, 21, 20, 19, 18, 17, 16, 15, 14, 13, 12, 11, 10, 9, 8, 7, 6, 5, 4, 3, 2, 1, 0, 0, 0, 0, 0, 0, 0, 0, 0, 0, 0, 0, 0, 0, 0, 0, 0, 0, 0, 0, 0, 0], "S": [0, 0.9496061264010378, 1.2829686885252671, 1.3153844260682281, 0.1308494504699903, 0.34532270229374284, 0.4485587152594895, -1.0269167683512421, -0.5681424030680832, 0.2045054376024882, 0.0866432673157289, 1.1929647133334638, 1.1327279928260916, 1.219837753571638, 1.2805352156985943, 0.940457295044262, 0.7008456084275234, -2.143210685552774, -0.4448451563527119, 0.6838990714313047, 0.7697164372501104, 0.8564619056302556, 0.43333794832263955, -0.22824474011416213, 1.1380356008066348, 1.2005038616307513, 0.00646266035523254, -0.6963956180988685, 2.4252267062251835, 2.018703006539025, 2.6194882783227276, 2.648718288939445, 0.17769761202432371, -1.503718626120767, 2.1880040451103517, 1.620324142494948, -0.5807826452226514, -1.186524735350794, 0.10777792340828776, 1.555179369689812, 0.7810947647226019, -0.7506979107943184, 1.1490434588248564, 0.5143621100491487, 1.187614098414235, -0.611716481250362, 0.783357385465521, 0.04365670661903363, -0.043400782201073435, 0.7216939239772742, -0.11355670144341846, -0.9336474874188099], "A": [2.825, 2.7800000000000002, 2.745, 2.525, 2.29, 2.12, 1.96, 0.0, 0.855, 1.05, 0.655, 0.595, 0.46, 0.395, 0.31, 0.73, 1.34, 3.69, 4.54, 4.66, 4.8, 4.915, 4.3950000000000005, 3.27, 3.335, 3.43, 4.04, 1.6600000000000001, 1.635, 1.68, 1.71, 3.0700000000000003, 3.86, 4.215, 4.26, 0.16, 2.4050000000000002, 1.17, 4.155, 5.0, 3.575, 2.205, 2.97, 2.62, 0.9550000000000001, 1.835, 1.465, 3.1750000000000003, 4.73, 0.075, 3.77, 0], "R": [1, 1, 1, 1, 1, 1, 1, 1, 1, 1, 1, 1, 1, 1, 1, 1, 1, 1, 1, 1, 1, 1, 1, 1, 1, 1, 1, 1, 1, 1, 0, 0, 0, 0, 0, 0, 0, 0, 0, 0, 0, 0, 0, 0, 0, 0, 0, 0, 0, 0, 0, 0]}