{"RTG": [8, 7, 6, 5, 4, 3, 2, 1, 0, 0, 0, 0, 0, 0, 0, 0, 0, 0, 0, 0, 0, 0, 0, 0, 0, 0, 0, 0, 0, 0, 0, 0, 0, 0, 0, 0, 0, 0, 0, 0, 0, 0, 0, 0, 0, 0, 0, 0, 0, 0, 0, 0], "S": [0, -0.10563491063426701, -0.5681424030680832, 0.1134268335735682, -1.1095620561736692, 0.783357385465521, 1.1737062158429918, 1.8155548068888594, 2.404467632602444, 2.6246497070519292, 0.7014264433005017, 0.5821843027492473, 1.1288287176578806, 0.3327416839338406, 0.3573440360234566, 0.15531055956049092, -0.44919934217062807, 0.6090386641418352, 0.7170916018157362, 0.672534868209102, 0.22426911458075124, 0.7810947647226019, -0.2767185250323555, 1.176806974670785, 1.1832205329391008, 1.3014072903111207, -0.09834637685729146, 0.3959299450209885, -2.201677621553729, -0.0017655707758112728, -1.4061401913825524, 0.3027282790335336, 2.1990799042829505, 1.1260754615276558, -0.7834705376033333, 1.2752776432954898, 1.2200896781036197, -0.4088659150438583, 1.3266242924078386, 0.8058072136235602, 0.35049370059763607, -1.186829352316274, -0.25355152682405413, 1.9631888737933478, -0.1275144827788334, 0.8405098459569589, -0.9336474874188099, -0.6527118419102764, 0.4485587152594895, 0.7439499693117351, 0.3782747663821225, -0.6841722909757619], "A": [1.03, 0.0, 1.87, 1.98, 1.835, 1.815, 1.78, 1.74, 1.715, 2.85, 3.015, 2.6750000000000003, 2.535, 3.205, 3.42, 3.67, 4.51, 4.6850000000000005, 4.86, 4.325, 5.0, 4.08, 0.53, 0.66, 0.37, 0.245, 0.8, 1.305, 2.31, 3.88, 1.5050000000000001, 4.205, 2.185, 3.54, 3.31, 0.445, 0.915, 2.755, 4.595, 1.145, 2.43, 0.115, 4.24, 3.1, 4.78, 3.77, 1.42, 2.12, 0.725, 2.935, 3.98, 0], "R": [1, 1, 1, 1, 1, 1, 1, 1, 0, 0, 0, 0, 0, 0, 0, 0, 0, 0, 0, 0, 0, 0, 0, 0, 0, 0, 0, 0, 0, 0, 0, 0, 0, 0, 0, 0, 0, 0, 0, 0, 0, 0, 0, 0, 0, 0, 0, 0, 0, 0, 0, 0]}