{"RTG": [1, 0, 0, 0, 0, 0, 0, 0, 0, 0, 0, 0, 0, 0, 0, 0, 0, 0, 0, 0, 0, 0, 0, 0, 0, 0, 0, 0, 0, 0, 0, 0, 0, 0, 0, 0, 0, 0, 0, 0, 0, 0, 0, 0, 0, 0, 0, 0, 0, 0, 0, 0], "S": [0, 2.3438345106132012, 2.6246497070519292, 2.6462676611234475, 0.23008588075507877, -0.5681424030680832, 1.1712103381729184, 1.2918036410372127, 0.4301388341903039, -1.143759296187581, -0.27455451950087434, -0.7260747810041374, 0.8494306260888944, 0.5073931917166381, 0.8011459087892528, 0.4462543804591722, 1.3027192822091056, 1.7668558624147594, 0.4534819021847498, -0.6092041357060602, 1.1269664878719414, 1.2192840698341836, 0.8758965088053228, -0.7657231146818407, -0.26302149708902195, -1.5240886404133587, -0.661659592454025, 1.2704887200104722, -0.63677749333349, 0.9858819527773454, -0.6609873489373203, 0.5392684839855656, -0.08326043425258514, 0.41313196293813004, 1.1293561077306389, 0.5891517867554916, 0.7216939239772742, 1.3220304032576353, 1.127721295153221, -1.5157966450157259, 2.1880040451103517, 1.0814212867534516, -1.414747719560874, 1.2992127756900016, 0.7801908353249076, -0.526117465012331, 0.7181670574127406, 0.4989637315144307, 0.12001744277458769, -0.44017286079018214, -0.11299887448909537, 0.16895881349534878], "A": [1.745, 1.715, 1.685, 1.49, 0.0, 2.605, 2.735, 2.8850000000000002, 2.44, 3.125, 3.96, 4.8100000000000005, 4.965, 4.6450000000000005, 4.4750000000000005, 4.275, 4.165, 0.77, 0.96, 0.59, 0.45, 0.305, 3.525, 2.08, 1.2550000000000001, 3.74, 3.315, 0.17500000000000002, 2.24, 1.92, 3.395, 4.09, 1.1, 0.675, 2.995, 4.73, 1.6, 2.67, 3.85, 4.215, 2.1750000000000003, 1.385, 0.38, 3.235, 3.64, 4.555, 4.8950000000000005, 0.865, 2.335, 0.08, 1.165, 0], "R": [1, 0, 0, 0, 0, 0, 0, 0, 0, 0, 0, 0, 0, 0, 0, 0, 0, 0, 0, 0, 0, 0, 0, 0, 0, 0, 0, 0, 0, 0, 0, 0, 0, 0, 0, 0, 0, 0, 0, 0, 0, 0, 0, 0, 0, 0, 0, 0, 0, 0, 0, 0]}