{"RTG": [22, 21, 20, 19, 18, 17, 16, 15, 14, 13, 12, 11, 10, 9, 8, 7, 6, 5, 4, 3, 2, 1, 0, 0, 0, 0, 0, 0, 0, 0, 0, 0, 0, 0, 0, 0, 0, 0, 0, 0, 0, 0, 0, 0, 0, 0, 0, 0, 0, 0, 0, 0], "S": [0, -1.9528264959818675, -0.5681424030680832, 0.9242571415201947, 1.151436074096337, 0.9421555065576516, -0.16817882155834474, -0.9311057892287455, 0.8313089284247416, 0.6466991670257178, 0.780918615055049, 0.6494093557430308, -0.2695911284410121, 1.1914882796809394, 1.1269664878719414, 0.920655627807069, 1.233874684983979, 1.2992127756900016, 0.8758965088053228, 1.189694727779941, 1.3265893946558156, 0.9978997859167429, -0.657719301396538, 2.6246497070519292, 2.404467632602444, 2.6462676611234475, -0.6077964200381839, -0.37205149742952043, 0.3971961720618536, 1.7668558624147594, 0.025247930055477295, 2.084491255479688, -0.5109588790481822, 1.2450646428424186, 0.7810947647226019, -0.8754740322537258, -0.4836500766001137, 0.41313196293813004, 0.8848719625808373, 0.5143621100491487, -1.1142781305849165, 0.3409349855768263, -1.4056490068099121, -0.7568219640141731, -0.6404363206845495, 0.3573440360234566, 1.1551915578798113, 0.10777792340828776, -0.8566861004606161, 0.421746209599056, 1.8238428669741287, 0.7871845460010397], "A": [1.28, 0.0, 2.1550000000000002, 2.2, 2.245, 3.105, 3.93, 4.775, 4.865, 4.655, 4.525, 4.38, 0.63, 0.59, 0.705, 0.425, 0.38, 0.305, 2.705, 2.7600000000000002, 2.82, 3.495, 1.715, 1.74, 1.685, 0.9500000000000001, 2.5, 1.5250000000000001, 4.165, 4.095, 4.23, 3.715, 3.29, 5.0, 1.94, 0.145, 1.1, 3.37, 2.97, 2.39, 0.8300000000000001, 3.8200000000000003, 1.415, 3.61, 3.205, 2.6, 1.17, 2.04, 4.94, 1.625, 4.585, 0], "R": [1, 1, 1, 1, 1, 1, 1, 1, 1, 1, 1, 1, 1, 1, 1, 1, 1, 1, 1, 1, 1, 1, 0, 0, 0, 0, 0, 0, 0, 0, 0, 0, 0, 0, 0, 0, 0, 0, 0, 0, 0, 0, 0, 0, 0, 0, 0, 0, 0, 0, 0, 0]}