{"RTG": [31, 30, 29, 28, 27, 26, 25, 24, 23, 22, 21, 20, 19, 18, 17, 16, 15, 14, 13, 12, 11, 10, 9, 8, 7, 6, 5, 4, 3, 2, 1, 0, 0, 0, 0, 0, 0, 0, 0, 0, 0, 0, 0, 0, 0, 0, 0, 0, 0, 0, 0, 0], "S": [0, 1.1686108490458247, 1.3265893946558156, 1.189694727779941, -0.7940973879101138, 0.46043837533281906, 0.21347584363378308, -0.06490318263147667, -0.5681424030680832, 0.2045054376024882, 0.0866432673157289, 1.1929647133334638, 1.1327279928260916, 1.219269979845113, 1.294516094678491, 0.8758965088053228, -2.078054622311628, 1.5186593645993924, 0.7352255488802192, 1.8063011458935552, 2.1300292046727938, 2.186387029405289, 0.7810947647226019, 0.6977617291854273, 0.7259718516629005, -0.2319763522557701, -0.661659592454025, 0.9720001096732416, 0.6517420719044649, 1.8238428669741287, 0.7456394742923096, 2.6194882783227276, 2.665056914615652, 0.7181670574127406, -1.0793329670954217, -0.7985100098253909, -0.7387734467982239, -0.5519999276125631, 1.2704887200104722, 0.39342310011908804, 0.5210538878624557, 0.3146398464699526, 0.8205579041063652, -0.4572802851966546, 1.0675806827655183, -0.6077964200381839, -0.7251050469638722, -0.7495170589353438, 0.4777299050634701, 1.7290264375923594, 0.421746209599056, -0.4672195710409025], "A": [2.8000000000000003, 2.7600000000000002, 2.705, 2.475, 3.04, 3.1950000000000003, 3.435, 0.0, 0.855, 1.05, 0.655, 0.595, 0.455, 0.385, 0.305, 1.29, 4.265, 4.3, 4.25, 4.225, 4.2, 5.0, 4.855, 4.68, 1.8900000000000001, 3.74, 2.16, 2.27, 1.625, 1.565, 1.68, 1.705, 4.555, 3.915, 2.045, 3.58, 0.155, 3.315, 2.94, 0.755, 1.1500000000000001, 4.7700000000000005, 1.43, 2.585, 0.9500000000000001, 4.0200000000000005, 2.355, 4.48, 1.7850000000000001, 4.94, 3.66, 0], "R": [1, 1, 1, 1, 1, 1, 1, 1, 1, 1, 1, 1, 1, 1, 1, 1, 1, 1, 1, 1, 1, 1, 1, 1, 1, 1, 1, 1, 1, 1, 1, 0, 0, 0, 0, 0, 0, 0, 0, 0, 0, 0, 0, 0, 0, 0, 0, 0, 0, 0, 0, 0]}