{"RTG": [28, 27, 26, 25, 24, 23, 22, 21, 20, 19, 18, 17, 16, 15, 14, 13, 12, 11, 10, 9, 8, 7, 6, 5, 4, 3, 2, 1, 0, 0, 0, 0, 0, 0, 0, 0, 0, 0, 0, 0, 0, 0, 0, 0, 0, 0, 0, 0, 0, 0, 0, 0], "S": [0, 0.43333794832263955, 0.7220419228172474, 0.8564619056302556, 0.7131136754895187, 0.5544970678689413, -0.24919191085202425, 0.7652276639764811, -0.5681424030680832, 0.1642534074841468, 0.0866432673157289, 1.1514880559381484, 1.1914882796809394, 1.1501940146532572, 1.219269979845113, 1.2881202542280985, 1.0000009442743154, -1.9528264959818675, 0.8710105674086935, 0.9421555065576516, -0.9374506081177982, 0.7801908353249076, 1.1701627407828141, 0.2318331862051065, 1.2699450427223564, -1.1310010417772167, 2.2787485889783183, 1.8155548068888594, 2.510577190859736, 2.648718288939445, 0.9978997859167429, 0.4721344441138844, 1.1288287176578806, 0.4573498151461132, 1.555179369689812, -0.3605851279422107, 2.084491255479688, -0.44124323692021794, 0.8492731788192288, -1.1146936334141972, -0.5519999276125631, 0.12372982621026657, -0.7609918060846543, -0.6527118419102764, -0.6092041357060602, -1.1897812690263538, 0.3146398464699526, 0.7810947647226019, 1.3227683909951515, -0.7197448335686071, 0.4534819021847498, 2.356485375892664], "A": [4.915, 4.8500000000000005, 4.8, 4.7250000000000005, 4.495, 4.39, 4.575, 0.0, 0.86, 1.05, 0.67, 0.63, 0.545, 0.455, 0.39, 0.315, 1.28, 2.15, 2.245, 2.37, 3.235, 3.34, 3.415, 3.3000000000000003, 3.91, 1.75, 1.78, 1.73, 1.71, 2.82, 2.96, 2.6750000000000003, 1.5350000000000001, 4.155, 4.075, 4.23, 3.68, 2.565, 2.0, 0.155, 3.075, 3.5700000000000003, 1.42, 0.96, 3.795, 1.1500000000000001, 5.0, 2.75, 2.48, 0.77, 1.655, 0], "R": [1, 1, 1, 1, 1, 1, 1, 1, 1, 1, 1, 1, 1, 1, 1, 1, 1, 1, 1, 1, 1, 1, 1, 1, 1, 1, 1, 1, 0, 0, 0, 0, 0, 0, 0, 0, 0, 0, 0, 0, 0, 0, 0, 0, 0, 0, 0, 0, 0, 0, 0, 0]}