{"RTG": [23, 22, 21, 20, 19, 18, 17, 16, 15, 14, 13, 12, 11, 10, 9, 8, 7, 6, 5, 4, 3, 2, 1, 0, 0, 0, 0, 0, 0, 0, 0, 0, 0, 0, 0, 0, 0, 0, 0, 0, 0, 0, 0, 0, 0, 0, 0, 0, 0, 0, 0, 0], "S": [0, 0.08706900542463383, 1.1065611909486615, 0.7486707964918938, 1.1413307041700922, -0.5681424030680832, 0.2992456858903939, -0.30250143554770165, 1.072987484673177, 1.184145623379665, 1.1348906924437472, 1.2200896781036197, 1.2881202542280985, 1.0000009442743154, -0.0968313948440262, -0.7001124557070517, 0.6977617291854273, 0.5364555030845335, 0.7016149151198066, 0.7652276639764811, 0.19826562714405405, 0.6284470719106436, -0.4572802851966546, 2.4252267062251835, 2.6462676611234475, 2.6246497070519292, 1.313771510494162, 0.40577549456587986, 1.154923932830813, -0.7762990261304845, 1.9631888737933478, 1.8594942356609157, -0.5765074546122056, 1.0942090702771463, -0.984767779832423, -0.074182758754499, -0.5980416703876035, -0.5519999276125631, 0.5243572241097797, -0.06490318263147667, 0.22426911458075124, 1.1380356008066348, -1.3684260504266743, -2.2362571854591744, 0.43558581507364647, -0.44919934217062807, 1.2066195172364638, 1.2696251559757619, 0.8478622810701648, -1.2050087939706549, 0.025247930055477295, -0.4088659150438583], "A": [2.305, 2.18, 2.14, 2.21, 0.0, 0.84, 1.01, 0.685, 0.625, 0.555, 0.445, 0.39, 0.315, 3.17, 4.0, 4.855, 4.97, 4.715, 4.575, 4.445, 1.555, 1.43, 1.6600000000000001, 1.685, 1.715, 2.77, 2.89, 2.645, 3.56, 4.24, 4.17, 1.21, 3.35, 3.775, 2.515, 1.915, 0.155, 3.0300000000000002, 3.435, 4.325, 3.27, 3.8850000000000002, 1.315, 1.11, 3.67, 2.71, 1.81, 4.785, 2.42, 4.095, 0.915, 0], "R": [1, 1, 1, 1, 1, 1, 1, 1, 1, 1, 1, 1, 1, 1, 1, 1, 1, 1, 1, 1, 1, 1, 1, 0, 0, 0, 0, 0, 0, 0, 0, 0, 0, 0, 0, 0, 0, 0, 0, 0, 0, 0, 0, 0, 0, 0, 0, 0, 0, 0, 0, 0]}