{"RTG": [25, 24, 23, 22, 21, 20, 19, 18, 17, 16, 15, 14, 13, 12, 11, 10, 9, 8, 7, 6, 5, 4, 3, 2, 1, 0, 0, 0, 0, 0, 0, 0, 0, 0, 0, 0, 0, 0, 0, 0, 0, 0, 0, 0, 0, 0, 0, 0, 0, 0, 0, 0], "S": [0, 0.025247930055477295, -1.0793329670954217, 1.555179369689812, 1.9421985709844345, 2.124266822246258, -0.5681424030680832, 0.27208023610146237, 0.0866432673157289, 1.2005613140987013, 1.185463162109889, 1.2992127756900016, 0.2360780316584261, -2.2362571854591744, 1.0814212867534516, 0.26116185121244917, -0.7349959441494497, -0.1275144827788334, 0.7810947647226019, 0.6977617291854273, 0.7259718516629005, 0.6612033019948327, 1.2423047404347072, 0.9496061264010378, 1.1037847808441072, -0.5597792807169675, 2.6462676611234475, 2.648718288939445, 1.4202812468229182, -0.44151905624948234, 1.2009822841548368, -0.8626716533395865, 0.783357385465521, 0.4302381124583138, -0.1681685232451838, 0.6594579003937963, 0.9985969048852414, -0.36679091592001095, 0.22387517807153576, 0.8085877969105064, 0.09060725392395028, -1.1394990942280583, -0.5973820916024358, 1.2192840698341836, 0.21347584363378308, -0.8275862870460531, -0.7104987145618867, 1.1390065784520442, 0.421746209599056, 0.8132786627774347, 1.05823352995558, 0.7352255488802192], "A": [4.095, 3.915, 4.155, 4.175, 4.19, 0.0, 0.845, 1.05, 0.64, 0.525, 0.38, 0.265, 1.315, 2.1750000000000003, 2.295, 2.05, 3.1, 5.0, 4.855, 4.68, 4.53, 2.72, 2.825, 2.59, 3.48, 1.685, 1.71, 1.605, 3.685, 3.2800000000000002, 2.47, 1.835, 2.95, 4.405, 0.735, 3.36, 0.13, 1.16, 4.765, 1.47, 3.79, 0.9450000000000001, 0.45, 3.1950000000000003, 1.935, 3.59, 2.6550000000000002, 4.94, 4.6000000000000005, 2.23, 4.3, 0], "R": [1, 1, 1, 1, 1, 1, 1, 1, 1, 1, 1, 1, 1, 1, 1, 1, 1, 1, 1, 1, 1, 1, 1, 1, 1, 0, 0, 0, 0, 0, 0, 0, 0, 0, 0, 0, 0, 0, 0, 0, 0, 0, 0, 0, 0, 0, 0, 0, 0, 0, 0, 0]}