{"RTG": [12, 11, 10, 9, 8, 7, 6, 5, 4, 3, 2, 1, 0, 0, 0, 0, 0, 0, 0, 0, 0, 0, 0, 0, 0, 0, 0, 0, 0, 0, 0, 0, 0, 0, 0, 0, 0, 0, 0, 0, 0, 0, 0, 0, 0, 0, 0, 0, 0, 0, 0, 0], "S": [0, 0.4777299050634701, -0.044221530445518326, 0.623634391545786, -0.5681424030680832, 0.2404961358400748, -0.3935566625341845, 0.7439499693117351, 1.1514880559381484, 1.1971315791461121, 0.3941168188128473, -1.0849883657686858, 2.4602044790854074, 2.648718288939445, 2.583789023717434, 0.5668338030505861, 0.4215588852672501, 1.1326765301622912, 0.43020799552765826, 0.9578542139492628, 0.4633443805678566, -0.5441132825174866, 0.7810947647226019, 0.7665022349198103, -0.715299091384201, -1.968180204763193, 1.0542425639738024, -0.598610461628525, 1.2287157098589727, -0.09101694669670529, 0.6985273081722505, -1.4056490068099121, 2.124266822246258, 1.9631888737933478, 0.22387517807153576, 1.1065611909486615, -0.22095008144629988, 1.3223751932371433, 0.4256092218561636, -0.7413584525528033, -1.1684325326578182, 0.4179323833926717, 0.6520050202483836, 1.260659837942881, 1.2072785431808835, -1.2153810007194785, 0.4721344441138844, 0.3643491653233505, -0.1285737335390223, -0.5613504714487526, 0.8250163897131615, 0.3193365979811941], "A": [4.48, 4.42, 4.515, 0.0, 0.85, 1.0, 0.725, 0.67, 0.635, 1.855, 2.0100000000000002, 1.735, 1.71, 1.675, 2.865, 3.045, 2.68, 2.54, 3.25, 3.4, 3.6350000000000002, 5.0, 4.84, 4.01, 1.355, 0.32, 0.2, 0.43, 2.315, 4.705, 3.8200000000000003, 4.19, 4.24, 1.16, 2.18, 3.1550000000000002, 2.765, 1.53, 3.515, 2.435, 4.925, 4.12, 3.3200000000000003, 0.51, 1.24, 2.96, 2.115, 0.09, 3.725, 4.625, 1.08, 0], "R": [1, 1, 1, 1, 1, 1, 1, 1, 1, 1, 1, 1, 0, 0, 0, 0, 0, 0, 0, 0, 0, 0, 0, 0, 0, 0, 0, 0, 0, 0, 0, 0, 0, 0, 0, 0, 0, 0, 0, 0, 0, 0, 0, 0, 0, 0, 0, 0, 0, 0, 0, 0]}