{"RTG": [22, 21, 20, 19, 18, 17, 16, 15, 14, 13, 12, 11, 10, 9, 8, 7, 6, 5, 4, 3, 2, 1, 0, 0, 0, 0, 0, 0, 0, 0, 0, 0, 0, 0, 0, 0, 0, 0, 0, 0, 0, 0, 0, 0, 0, 0, 0, 0, 0, 0, 0, 0], "S": [0, 1.2341595925880817, 1.3227683909951515, 1.1326765301622912, 0.4508392748499579, -0.37205149742952043, -0.22095008144629988, -0.5681424030680832, 0.2992456858903939, -0.2543664896025655, 1.1514880559381484, 1.1398863076022887, 1.2230482233664581, 1.2552709899027514, 1.0000009442743154, -0.68423059871148, 0.8188852879171115, 0.41543750807331425, 0.6985273081722505, 0.6838990714313047, -0.130551393865645, 2.2096243099566566, 2.5551020877188306, 2.6732740673741575, 0.7456394742923096, -0.8566861004606161, -0.7762990261304845, -1.8790008443431394, 0.5804748080628606, 2.186387029405289, 1.314995406442874, 1.620324142494948, -1.0882046889653323, 1.1347072427156868, -0.6238152741688394, 0.00646266035523254, 1.0814212867534516, 1.0567075262404362, -0.4572802851966546, 0.42103107830772674, -0.3881858065598431, 0.7810947647226019, -1.0785053980520602, -0.4438624640970557, 0.4949049722078865, 0.46043837533281906, 0.826452834105411, -1.3264683727487805, 1.1037847808441072, -0.11299887448909537, 2.356485375892664, -0.5281913749203656], "A": [2.79, 2.75, 2.68, 2.955, 2.5, 3.1550000000000002, 0.0, 0.84, 1.0150000000000001, 0.67, 0.6, 0.48, 0.41000000000000003, 0.315, 3.985, 4.825, 4.93, 4.705, 4.54, 4.41, 1.7550000000000001, 1.725, 1.7, 1.565, 2.04, 3.56, 1.2750000000000001, 2.275, 4.2, 4.1450000000000005, 4.26, 3.785, 3.345, 0.17, 3.43, 2.1750000000000003, 3.2600000000000002, 1.43, 1.1300000000000001, 1.9000000000000001, 5.0, 2.3850000000000002, 3.6750000000000003, 0.76, 3.04, 4.62, 3.89, 2.59, 0.08, 1.655, 0.93, 0], "R": [1, 1, 1, 1, 1, 1, 1, 1, 1, 1, 1, 1, 1, 1, 1, 1, 1, 1, 1, 1, 1, 1, 0, 0, 0, 0, 0, 0, 0, 0, 0, 0, 0, 0, 0, 0, 0, 0, 0, 0, 0, 0, 0, 0, 0, 0, 0, 0, 0, 0, 0, 0]}