{"RTG": [8, 7, 6, 5, 4, 3, 2, 1, 0, 0, 0, 0, 0, 0, 0, 0, 0, 0, 0, 0, 0, 0, 0, 0, 0, 0, 0, 0, 0, 0, 0, 0, 0, 0, 0, 0, 0, 0, 0, 0, 0, 0, 0, 0, 0, 0, 0, 0, 0, 0, 0, 0], "S": [0, 0.3476295436147299, -0.2050297928400839, 0.6284470719106436, 1.2265483993932222, 1.5204906701516285, 1.723220249425911, 1.9226645203488157, 2.198622511720558, 2.6462676611234475, -0.5681424030680832, 1.1712103381729184, 1.2918036410372127, 0.4301388341903039, -1.143759296187581, -0.27455451950087434, -0.7260747810041374, 0.8494306260888944, 0.5073931917166381, 0.8011459087892528, 0.4462543804591722, 1.3027192822091056, 1.7668558624147594, 1.0392373462346414, 1.142098306587714, 1.2805352156985943, 0.2360780316584261, 0.2404961358400748, -0.7657231146818407, 0.0074048302044516555, 0.1738487017905306, -0.661659592454025, 1.2704887200104722, -0.9194276956093578, 0.9858819527773454, 0.5392684839855656, -0.08326043425258514, 0.10777792340828776, -0.4064917918700017, 0.5891517867554916, 1.2217589136693932, 0.7216939239772742, 1.127721295153221, -0.6077964200381839, -1.5157966450157259, 2.1880040451103517, 0.7801908353249076, -0.09101694669670529, -0.526117465012331, 0.7181670574127406, 0.47240745786319704, 0.4989637315144307], "A": [1.5150000000000001, 1.445, 1.555, 1.595, 1.61, 1.62, 1.6300000000000001, 1.645, 1.685, 0.0, 2.605, 2.735, 2.8850000000000002, 2.44, 3.125, 3.96, 4.8100000000000005, 4.965, 4.6450000000000005, 4.4750000000000005, 4.275, 4.165, 0.6900000000000001, 0.55, 0.395, 0.265, 0.85, 3.525, 2.095, 1.06, 3.74, 3.315, 1.945, 2.24, 3.395, 4.09, 1.17, 0.135, 2.995, 0.47000000000000003, 4.73, 2.67, 0.9500000000000001, 3.85, 4.215, 3.235, 2.315, 3.64, 4.555, 0.765, 4.8950000000000005, 0], "R": [1, 1, 1, 1, 1, 1, 1, 1, 0, 0, 0, 0, 0, 0, 0, 0, 0, 0, 0, 0, 0, 0, 0, 0, 0, 0, 0, 0, 0, 0, 0, 0, 0, 0, 0, 0, 0, 0, 0, 0, 0, 0, 0, 0, 0, 0, 0, 0, 0, 0, 0, 0]}