{"RTG": [15, 14, 13, 12, 11, 10, 9, 8, 7, 6, 5, 4, 3, 2, 1, 0, 0, 0, 0, 0, 0, 0, 0, 0, 0, 0, 0, 0, 0, 0, 0, 0, 0, 0, 0, 0, 0, 0, 0, 0, 0, 0, 0, 0, 0, 0, 0, 0, 0, 0, 0, 0], "S": [0, 0.5210538878624557, 1.0022667714886981, 1.1832205329391008, 1.1571444090289609, 1.2628973292464318, 0.940457295044262, 1.294516094678491, 0.3193365979811941, -1.4239948062371293, -0.6004221706752727, 0.0074048302044516555, -1.2050087939706549, 1.640461454575373, 2.2096243099566566, 2.4602044790854074, 2.6246497070519292, 2.583789023717434, 1.1718425673152988, 0.38641500747199387, -0.28174751465887515, 1.8888071569415663, 0.13840231823318014, 1.8594942356609157, 0.7810947647226019, 0.7665022349198103, 0.7468985423979649, -1.1394990942280583, 1.2607647850267172, 1.127721295153221, 0.35130374988897833, -0.5681424030680832, -0.7078722906587652, 0.6951830673805045, -0.7253309927571581, 1.0245921516336474, -0.3672731553529204, 0.9147600389067359, -0.4064917918700017, 0.42396904460622875, 0.5488342955281749, -1.1185111654206692, 0.33376010508273046, 0.7690116833676693, -1.2809619500582092, 0.08706900542463383, -0.44124323692021794, 1.2005038616307513, -2.035680965350923, 0.3146398464699526, 0.4573498151461132, 1.2198638448838093], "A": [0.755, 0.6950000000000001, 0.66, 0.61, 0.35000000000000003, 0.31, 0.385, 1.08, 1.25, 0.965, 2.095, 2.42, 1.79, 1.7550000000000001, 1.735, 1.715, 1.675, 3.275, 3.4050000000000002, 3.14, 4.245, 4.33, 4.17, 5.0, 4.84, 4.67, 3.79, 2.785, 2.67, 2.92, 0.0, 4.005, 4.545, 3.585, 2.235, 1.435, 2.57, 0.135, 4.92, 3.025, 1.985, 4.46, 4.75, 3.895, 2.305, 3.68, 3.335, 1.35, 1.1500000000000001, 1.5350000000000001, 0.495, 0], "R": [1, 1, 1, 1, 1, 1, 1, 1, 1, 1, 1, 1, 1, 1, 1, 0, 0, 0, 0, 0, 0, 0, 0, 0, 0, 0, 0, 0, 0, 0, 0, 0, 0, 0, 0, 0, 0, 0, 0, 0, 0, 0, 0, 0, 0, 0, 0, 0, 0, 0, 0, 0]}