{"RTG": [6, 5, 4, 3, 2, 1, 0, 0, 0, 0, 0, 0, 0, 0, 0, 0, 0, 0, 0, 0, 0, 0, 0, 0, 0, 0, 0, 0, 0, 0, 0, 0, 0, 0, 0, 0, 0, 0, 0, 0, 0, 0, 0, 0, 0, 0, 0, 0, 0, 0, 0, 0], "S": [0, -0.1908265540465092, -0.5805195318260895, 1.7290264375923594, 1.0768972333907842, 2.060748031034219, 2.2787485889783183, 2.648718288939445, 1.2243412031117622, 0.7997946265823738, 0.9147600389067359, -1.1442504439522712, 0.49481502529770993, 0.7143651627474831, 0.4633443805678566, -0.6404363206845495, 0.290731299743892, 0.7582537177375791, 0.8036415820234936, 0.7810947647226019, 2.084491255479688, 1.555179369689812, 0.5176853876426791, 1.2072785431808835, 1.294516094678491, 1.1694360114222457, -2.078054622311628, 0.3223835114148992, -1.488154407535072, 0.8710105674086935, 0.4379251455547883, 0.3027282790335336, 0.7417519397012445, 0.3954010906932002, -0.5681424030680832, 0.9421555065576516, -0.28687307137208434, 0.3782747663821225, 1.2704887200104722, -0.7213851175583837, 0.42396904460622875, -0.8566861004606161, -0.5915936314210155, 1.1269664878719414, 1.1637413930916065, -0.8641358306892514, 0.7690116833676693, 0.10777792340828776, -0.7057535105063594, 2.018703006539025, -0.6356053352110442, 0.2045054376024882], "A": [0.105, 0.9400000000000001, 1.7850000000000001, 1.82, 1.7650000000000001, 1.75, 1.71, 2.715, 2.84, 2.57, 2.395, 3.035, 3.23, 3.4, 3.61, 4.455, 4.665, 4.83, 5.0, 4.23, 4.155, 4.3100000000000005, 0.51, 0.385, 0.665, 1.29, 0.27, 3.865, 2.15, 0.775, 1.5050000000000001, 4.565, 1.095, 0.0, 2.245, 3.1350000000000002, 2.935, 3.315, 4.015, 4.92, 2.04, 3.73, 0.59, 2.64, 1.41, 4.75, 1.17, 3.505, 1.635, 0.19, 0.855, 0], "R": [1, 1, 1, 1, 1, 1, 0, 0, 0, 0, 0, 0, 0, 0, 0, 0, 0, 0, 0, 0, 0, 0, 0, 0, 0, 0, 0, 0, 0, 0, 0, 0, 0, 0, 0, 0, 0, 0, 0, 0, 0, 0, 0, 0, 0, 0, 0, 0, 0, 0, 0, 0]}