{"RTG": [11, 10, 9, 8, 7, 6, 5, 4, 3, 2, 1, 0, 0, 0, 0, 0, 0, 0, 0, 0, 0, 0, 0, 0, 0, 0, 0, 0, 0, 0, 0, 0, 0, 0, 0, 0, 0, 0, 0, 0, 0, 0, 0, 0, 0, 0, 0, 0, 0, 0, 0, 0], "S": [0, 0.687962179896896, 0.421746209599056, -0.5681424030680832, 0.2404961358400748, -0.34907795486734916, 0.8327877808682069, 1.1694360114222457, 1.184145623379665, 0.29901449907859046, -0.9561600736877052, 2.593288167724146, 2.6730387989219673, 1.8238428669741287, 0.45867151981736537, 0.17769761202432371, 1.1392762323358923, 0.6137687486908822, 1.260659837942881, -0.19947597225900737, 0.5754088667607283, 2.1614265129414165, 1.5186593645993924, 0.26206678582391096, -0.5225634108889254, 0.826452834105411, 1.0000009442743154, -0.6208283504421773, 1.233874684983979, -2.1696699967840307, -0.8348946779313645, 0.5317048528935276, 0.7824357235715943, 1.1400171087098125, 1.3006506431464921, -0.6404363206845495, -1.0793329670954217, 0.09060725392395028, 0.4035438731462402, -0.24919191085202425, -1.0316810346736789, 0.5519536381881391, 0.8934834654088644, 1.2126012150820673, 0.7861115957725884, -0.1285737335390223, -0.4757085314032074, -0.7740292084447152, -0.7001124557070517, -0.8754740322537258, -0.49337631073269567, 0.7299093747335014], "A": [4.99, 4.94, 0.0, 0.85, 1.0050000000000001, 0.715, 0.665, 0.625, 1.86, 2.0300000000000002, 1.72, 1.695, 1.625, 2.88, 3.0700000000000003, 2.685, 2.5500000000000003, 3.3200000000000003, 3.4450000000000003, 3.22, 4.195, 4.265, 4.105, 2.34, 4.62, 0.315, 0.195, 0.425, 1.3, 3.7600000000000002, 4.49, 4.755, 2.19, 2.775, 3.61, 3.915, 1.47, 1.135, 4.39, 2.455, 2.98, 2.25, 0.505, 4.835, 0.09, 1.205, 3.5300000000000002, 4.0, 1.94, 0.925, 4.5600000000000005, 0], "R": [1, 1, 1, 1, 1, 1, 1, 1, 1, 1, 1, 0, 0, 0, 0, 0, 0, 0, 0, 0, 0, 0, 0, 0, 0, 0, 0, 0, 0, 0, 0, 0, 0, 0, 0, 0, 0, 0, 0, 0, 0, 0, 0, 0, 0, 0, 0, 0, 0, 0, 0, 0]}