{"RTG": [12, 11, 10, 9, 8, 7, 6, 5, 4, 3, 2, 1, 0, 0, 0, 0, 0, 0, 0, 0, 0, 0, 0, 0, 0, 0, 0, 0, 0, 0, 0, 0, 0, 0, 0, 0, 0, 0, 0, 0, 0, 0, 0, 0, 0, 0, 0, 0, 0, 0, 0, 0], "S": [0, 0.32211413453554105, 0.4949049722078865, 1.0392373462346414, 1.1929647133334638, 1.1348906924437472, 1.219269979845113, 1.2805352156985943, 1.0542425639738024, -0.3935566625341845, -0.28949292123513, 0.29901449907859046, -0.9092916740966068, 2.6246497070519292, 2.6640935024130794, 1.3220304032576353, 0.4301388341903039, 0.06986426174581307, 1.1485285121397457, 0.6982589645466594, -0.6776977831069698, 0.6858565367473983, -0.7840024552976274, 1.0093963694162764, -0.2009931560051553, 0.7810947647226019, 0.7665022349198103, 0.7582537177375791, -0.6929902457178543, -2.1283174002063725, -1.0364517181494661, 2.1990799042829505, 1.620324142494948, 1.1870405829024617, 0.7065887481278916, -0.5681424030680832, 1.1484487020849217, 1.2829686885252671, 0.4035438731462402, -0.009124780770441163, 0.42396904460622875, -0.043400782201073435, -0.4570567081919362, -0.9252293777902464, 0.7690116833676693, 0.8399611402853264, 0.5674801530142803, -1.2809619500582092, -0.48797384671598903, 1.9816540052700344, 1.2457424006890583, -0.3782782412797233], "A": [0.835, 0.76, 0.6900000000000001, 0.655, 0.555, 0.455, 0.395, 0.32, 1.0, 0.12, 1.86, 2.035, 1.715, 1.69, 1.6, 2.8850000000000002, 3.08, 2.69, 2.555, 2.35, 3.3850000000000002, 3.5500000000000003, 3.255, 4.4, 5.0, 4.84, 4.665, 3.995, 1.295, 3.7800000000000002, 4.205, 4.26, 4.14, 4.55, 0.0, 2.195, 2.7800000000000002, 1.135, 1.46, 4.92, 3.1750000000000003, 3.665, 2.465, 4.75, 2.255, 2.985, 3.895, 0.215, 1.77, 3.325, 1.2, 0], "R": [1, 1, 1, 1, 1, 1, 1, 1, 1, 1, 1, 1, 0, 0, 0, 0, 0, 0, 0, 0, 0, 0, 0, 0, 0, 0, 0, 0, 0, 0, 0, 0, 0, 0, 0, 0, 0, 0, 0, 0, 0, 0, 0, 0, 0, 0, 0, 0, 0, 0, 0, 0]}