{"RTG": [2, 1, 0, 0, 0, 0, 0, 0, 0, 0, 0, 0, 0, 0, 0, 0, 0, 0, 0, 0, 0, 0, 0, 0, 0, 0, 0, 0, 0, 0, 0, 0, 0, 0, 0, 0, 0, 0, 0, 0, 0, 0, 0, 0, 0, 0, 0, 0, 0, 0, 0, 0], "S": [0, 2.486335711065681, 2.018703006539025, 2.6462676611234475, 0.979413961857978, 0.7486707964918938, 0.1748996278641049, -0.5681424030680832, -0.20383592218805494, -0.8086308259890348, 0.8560300178421365, 0.44388205005933845, 0.8164466281105316, 0.37416928039478276, 1.7165118520294746, 1.7668558624147594, 0.3905628121415768, 1.14814577970639, 1.2217589136693932, 1.0542425639738024, -0.20518968612651028, 1.1392762323358923, 1.0444516324076214, 0.2326502036687028, -0.7250333914407979, -2.019375394177136, -1.1026558432093951, -0.6356053352110442, 0.4109152650008146, -0.5613504714487526, 1.2699450427223564, -0.12888793902105405, 0.9625550854276712, 0.7554559803553068, -0.1333343676888655, -1.204898730905284, 0.42103107830772674, 1.2805352156985943, -0.4354061667458947, 0.7181670574127406, 1.1283506934188439, 0.5033711967483209, -1.4647684387382283, 2.593288167724146, -0.5821590646936314, 0.7810947647226019, -0.36042160659606265, 1.1867253408604772, 0.7131136754895187, -0.11803058692131012, 0.5681183836528795, 2.199560797986056], "A": [1.665, 1.635, 1.685, 1.825, 2.14, 2.3000000000000003, 0.0, 3.11, 3.9450000000000003, 4.795, 4.95, 4.635, 4.465, 4.255, 4.165, 0.805, 0.605, 0.47000000000000003, 0.32, 1.02, 2.685, 2.815, 2.5300000000000002, 3.5100000000000002, 1.285, 2.005, 0.19, 2.945, 3.725, 3.3000000000000003, 4.3500000000000005, 0.7000000000000001, 3.38, 1.45, 2.415, 1.1300000000000001, 0.395, 4.07, 4.555, 2.215, 3.215, 3.83, 1.72, 3.625, 5.0, 0.91, 2.615, 4.7250000000000005, 0.085, 3.02, 4.21, 0], "R": [1, 1, 0, 0, 0, 0, 0, 0, 0, 0, 0, 0, 0, 0, 0, 0, 0, 0, 0, 0, 0, 0, 0, 0, 0, 0, 0, 0, 0, 0, 0, 0, 0, 0, 0, 0, 0, 0, 0, 0, 0, 0, 0, 0, 0, 0, 0, 0, 0, 0, 0, 0]}