{"RTG": [10, 9, 8, 7, 6, 5, 4, 3, 2, 1, 0, 0, 0, 0, 0, 0, 0, 0, 0, 0, 0, 0, 0, 0, 0, 0, 0, 0, 0, 0, 0, 0, 0, 0, 0, 0, 0, 0, 0, 0, 0, 0, 0, 0, 0, 0, 0, 0, 0, 0, 0, 0], "S": [0, -0.034142590711439366, -0.5681424030680832, 0.2045054376024882, -0.5973820916024358, 0.377304667011703, 1.3644503580708482, 0.587534579924061, 1.7290264375923594, 1.9816540052700344, 2.593288167724146, 2.6730387989219673, 0.5804748080628606, -1.0754068804073755, 0.6800540626825456, -1.2326682407776417, 0.7824357235715943, 0.43333794832263955, 0.7871845460010397, -0.08895775174841293, -0.2620302510306252, 1.2473233634412009, 1.158880316031669, 0.2360780316584261, 1.0444516324076214, 1.1485285121397457, -2.078054622311628, 2.014262628658444, 0.38850455016500957, 1.8888071569415663, -0.4672195710409025, 1.099627421136071, 0.3782747663821225, 1.1988872073150763, 0.7810947647226019, 0.09060725392395028, -0.4064917918700017, 1.132872154906867, 0.438911988125878, 1.1347072427156868, 0.7468985423979649, -0.984767779832423, -0.7985100098253909, 1.2628973292464318, -0.7762990261304845, 1.1413307041700922, -0.043400782201073435, 0.5747902204568268, -0.19572881840451012, 0.6284470719106436, -0.6929902457178543, 0.7861115957725884], "A": [3.09, 0.0, 0.855, 0.9450000000000001, 0.8150000000000001, 1.805, 1.845, 1.7850000000000001, 1.77, 1.72, 1.695, 2.275, 2.45, 2.1350000000000002, 3.9, 4.755, 4.915, 4.585, 4.415, 3.45, 0.41500000000000004, 0.54, 0.265, 2.815, 2.69, 1.29, 4.18, 4.11, 4.245, 3.66, 3.265, 2.935, 0.65, 5.0, 1.47, 0.135, 2.595, 1.12, 3.345, 4.67, 3.775, 2.045, 0.35000000000000003, 3.56, 2.21, 3.1750000000000003, 4.5, 1.19, 1.555, 3.995, 4.835, 0], "R": [1, 1, 1, 1, 1, 1, 1, 1, 1, 1, 0, 0, 0, 0, 0, 0, 0, 0, 0, 0, 0, 0, 0, 0, 0, 0, 0, 0, 0, 0, 0, 0, 0, 0, 0, 0, 0, 0, 0, 0, 0, 0, 0, 0, 0, 0, 0, 0, 0, 0, 0, 0]}