{"RTG": [8, 7, 6, 5, 4, 3, 2, 1, 0, 0, 0, 0, 0, 0, 0, 0, 0, 0, 0, 0, 0, 0, 0, 0, 0, 0, 0, 0, 0, 0, 0, 0, 0, 0, 0, 0, 0, 0, 0, 0, 0, 0, 0, 0, 0, 0, 0, 0, 0, 0, 0, 0], "S": [0, -0.5856257424616661, -0.5681424030680832, 0.8814861408638388, 0.02348309645291035, 1.2696251559757619, 1.640461454575373, 2.404467632602444, 2.593288167724146, 2.6640935024130794, 1.3223751932371433, 0.4301388341903039, 1.1722023515752833, -0.9252293777902464, -0.4611514236144929, 0.6838990714313047, 0.6985273081722505, 0.5444024669777516, -0.21130216392220635, 1.2228604805951775, 1.290558467107689, 1.201293032425701, -0.3799924249980656, 0.47240745786319704, 1.099627421136071, 0.4633443805678566, -0.27455451950087434, -0.7119997492397336, -1.8790008443431394, 1.1490434588248564, 0.7810947647226019, 0.1748996278641049, -1.488154407535072, 2.186387029405289, 1.555179369689812, -0.7840024552976274, 0.27750730430012266, -0.2050297928400839, 0.42661607931867784, 0.5942894159677002, 0.826452834105411, 1.124212497936378, 1.7165118520294746, 1.1740795034056069, -0.1908265540465092, 0.12001744277458769, 1.2457424006890583, 0.8564619056302556, 0.04047799628533581, 0.6982589645466594, 0.4256092218561636, 1.2473233634412009], "A": [0.97, 0.0, 1.83, 1.875, 1.81, 1.79, 1.74, 1.72, 1.69, 2.765, 2.8850000000000002, 2.6350000000000002, 2.465, 3.7, 4.54, 4.705, 4.885, 4.36, 0.485, 0.36, 0.645, 0.225, 0.765, 3.265, 3.4, 3.125, 4.035, 1.2750000000000001, 2.205, 5.0, 2.3000000000000003, 3.865, 4.2, 4.155, 3.5500000000000003, 2.11, 1.445, 1.105, 3.0, 4.62, 0.5650000000000001, 4.255, 2.7, 0.105, 0.865, 3.325, 4.8, 1.175, 2.555, 1.53, 0.41500000000000004, 0], "R": [1, 1, 1, 1, 1, 1, 1, 1, 0, 0, 0, 0, 0, 0, 0, 0, 0, 0, 0, 0, 0, 0, 0, 0, 0, 0, 0, 0, 0, 0, 0, 0, 0, 0, 0, 0, 0, 0, 0, 0, 0, 0, 0, 0, 0, 0, 0, 0, 0, 0, 0, 0]}