{"RTG": [14, 13, 12, 11, 10, 9, 8, 7, 6, 5, 4, 3, 2, 1, 0, 0, 0, 0, 0, 0, 0, 0, 0, 0, 0, 0, 0, 0, 0, 0, 0, 0, 0, 0, 0, 0, 0, 0, 0, 0, 0, 0, 0, 0, 0, 0, 0, 0, 0, 0, 0, 0], "S": [0, 0.5444024669777516, 0.8188852879171115, 0.8313089284247416, 0.8259366669938637, 0.7181670574127406, -0.2679591565011226, -0.5681424030680832, 0.2404961358400748, -0.2543664896025655, 0.9625550854276712, 1.1929647133334638, 1.1571444090289609, 0.2053593529541412, -0.6664423878806288, 2.6730387989219673, 2.539316846348272, 2.510577190859736, 0.37011310999987346, -0.1275144827788334, 1.1740795034056069, 0.8492731788192288, -0.9899543682703261, -0.5915936314210155, 0.5392684839855656, -0.5574404173745552, -2.2113535522026915, 1.10297997475711, -0.5689652042600516, 1.2287157098589727, -0.7799098430293636, 1.099627421136071, -1.2809619500582092, 2.1880040451103517, 1.620324142494948, 1.1413307041700922, 1.2033515197286617, 0.3146398464699526, 0.3476295436147299, 0.7810947647226019, 0.14424649044003368, 1.66510693211448, 0.5804748080628606, -0.1444384360798626, 0.5891517867554916, -0.5441132825174866, -0.5550393478506724, -0.8928179219706346, -1.0269167683512421, 1.2126012150820673, -0.5281913749203656, 0.41171617023787066], "A": [4.885, 4.825, 4.775, 4.615, 4.555, 4.375, 0.0, 0.85, 1.0150000000000001, 0.7000000000000001, 0.655, 0.61, 1.865, 2.055, 1.695, 1.67, 1.73, 2.9, 3.1, 2.7, 2.565, 2.375, 3.73, 3.395, 4.0600000000000005, 1.33, 0.325, 0.20500000000000002, 0.43, 3.535, 3.265, 3.895, 4.215, 4.26, 2.21, 2.795, 1.1500000000000001, 1.5150000000000001, 5.0, 3.19, 4.16, 2.275, 0.095, 2.995, 3.6350000000000002, 2.49, 1.225, 1.96, 0.505, 0.93, 4.47, 0], "R": [1, 1, 1, 1, 1, 1, 1, 1, 1, 1, 1, 1, 1, 1, 0, 0, 0, 0, 0, 0, 0, 0, 0, 0, 0, 0, 0, 0, 0, 0, 0, 0, 0, 0, 0, 0, 0, 0, 0, 0, 0, 0, 0, 0, 0, 0, 0, 0, 0, 0, 0, 0]}