{"RTG": [8, 7, 6, 5, 4, 3, 2, 1, 0, 0, 0, 0, 0, 0, 0, 0, 0, 0, 0, 0, 0, 0, 0, 0, 0, 0, 0, 0, 0, 0, 0, 0, 0, 0, 0, 0, 0, 0, 0, 0, 0, 0, 0, 0, 0, 0, 0, 0, 0, 0, 0, 0], "S": [0, 0.9625550854276712, 0.5840020559624679, 1.1694360114222457, 1.1756294449900588, -0.05613805381416219, 0.29901449907859046, -0.9561600736877052, 2.593288167724146, 2.6730387989219673, 1.8238428669741287, 0.45867151981736537, 0.17769761202432371, 1.1392762323358923, 0.6137687486908822, 1.260659837942881, -0.19947597225900737, 0.5754088667607283, 0.7352255488802192, 0.37416928039478276, 0.9215906391411742, -0.6958626735149382, 0.7170916018157362, 0.7220419228172474, 0.7810947647226019, -0.5681424030680832, -0.5225634108889254, 1.0000009442743154, -0.6208283504421773, 1.240122479297734, -2.078054622311628, -0.4909143663015248, 0.7765038309941795, 1.1400171087098125, 1.3006506431464921, -0.45340702261723914, 0.04365670661903363, 2.199560797986056, -1.5023795661589565, -0.7104987145618867, 0.35049370059763607, -1.0316810346736789, 0.41543750807331425, 0.5519536381881391, 0.8934834654088644, -0.1285737335390223, 0.8085877969105064, 1.2198638448838093, -1.3062435570172963, -0.8754740322537258, -0.26316966470052044, 0.8219396147231978], "A": [0.7000000000000001, 0.745, 0.665, 0.62, 1.035, 1.86, 2.0300000000000002, 1.72, 1.695, 1.625, 2.88, 3.0700000000000003, 2.685, 2.5500000000000003, 3.3200000000000003, 3.4450000000000003, 3.22, 4.3, 4.465, 4.13, 3.97, 4.6850000000000005, 4.8500000000000005, 5.0, 0.0, 2.34, 0.315, 0.195, 0.42, 1.29, 3.71, 4.58, 2.19, 2.775, 0.92, 1.465, 4.21, 3.84, 3.59, 1.145, 2.455, 4.93, 2.98, 2.25, 0.09, 4.765, 0.495, 1.3900000000000001, 1.94, 4.385, 3.375, 0], "R": [1, 1, 1, 1, 1, 1, 1, 1, 0, 0, 0, 0, 0, 0, 0, 0, 0, 0, 0, 0, 0, 0, 0, 0, 0, 0, 0, 0, 0, 0, 0, 0, 0, 0, 0, 0, 0, 0, 0, 0, 0, 0, 0, 0, 0, 0, 0, 0, 0, 0, 0, 0]}