{"RTG": [28, 27, 26, 25, 24, 23, 22, 21, 20, 19, 18, 17, 16, 15, 14, 13, 12, 11, 10, 9, 8, 7, 6, 5, 4, 3, 2, 1, 0, 0, 0, 0, 0, 0, 0, 0, 0, 0, 0, 0, 0, 0, 0, 0, 0, 0, 0, 0, 0, 0, 0, 0], "S": [0, -1.8922897778740722, -0.5681424030680832, 1.0245921516336474, 0.5054056779022843, 1.1490434588248564, -0.28174751465887515, -0.7085119626694121, 0.8564619056302556, 0.5444024669777516, 0.7039863856329738, 0.6494093557430308, -0.2009931560051553, 1.1514880559381484, 0.8771817164369324, 1.1914882796809394, 1.2473233634412009, 1.3016856375865116, 0.8066810032092551, -0.7834705376033333, 1.3049009603131116, 1.2829686885252671, 1.1390065784520442, 0.45867151981736537, 0.6982589645466594, 1.7290264375923594, 1.0768972333907842, 2.060748031034219, 2.2787485889783183, 2.648718288939445, -0.10563491063426701, 2.0751036904311593, 0.7866678583339837, 1.8888071569415663, -0.9336474874188099, 1.2256976844807996, 0.10777792340828776, 0.7810947647226019, -0.14312843906774736, 0.30905408296601417, -0.4457386208748614, 0.5331467533500495, -0.6664423878806288, 0.9022883692297691, 0.591106254339909, -1.143759296187581, -0.4672195710409025, 0.8192364636416227, -1.4239948062371293, -1.4389975327009001, 1.1935643644957392, 2.4252267062251835], "A": [1.36, 0.0, 2.235, 2.2800000000000002, 2.205, 3.14, 3.9650000000000003, 4.8, 4.885, 4.695, 4.525, 4.4, 0.67, 0.71, 0.63, 0.41500000000000004, 0.375, 0.3, 3.54, 2.74, 2.7800000000000002, 2.6550000000000002, 2.88, 2.555, 1.7850000000000001, 1.82, 1.7650000000000001, 1.75, 1.71, 1.03, 4.1850000000000005, 4.125, 4.245, 3.77, 3.33, 1.17, 5.0, 0.89, 3.41, 0.14, 1.545, 2.055, 3.245, 3.0100000000000002, 2.44, 3.66, 4.605, 1.25, 3.875, 0.52, 1.6600000000000001, 0], "R": [1, 1, 1, 1, 1, 1, 1, 1, 1, 1, 1, 1, 1, 1, 1, 1, 1, 1, 1, 1, 1, 1, 1, 1, 1, 1, 1, 1, 0, 0, 0, 0, 0, 0, 0, 0, 0, 0, 0, 0, 0, 0, 0, 0, 0, 0, 0, 0, 0, 0, 0, 0]}