{"RTG": [25, 24, 23, 22, 21, 20, 19, 18, 17, 16, 15, 14, 13, 12, 11, 10, 9, 8, 7, 6, 5, 4, 3, 2, 1, 0, 0, 0, 0, 0, 0, 0, 0, 0, 0, 0, 0, 0, 0, 0, 0, 0, 0, 0, 0, 0, 0, 0, 0, 0, 0, 0], "S": [0, 0.6090386641418352, 0.290731299743892, 0.7181670574127406, 0.7170916018157362, 0.7957554899833702, 0.7665022349198103, 0.44388205005933845, -0.5681424030680832, 0.1642534074841468, 0.040343652882350874, 1.1293561077306389, 1.1971315791461121, 1.128847864961221, 1.2200896781036197, 1.2881202542280985, 1.0000009442743154, -2.2239717903468845, 1.1065611909486615, 0.9421555065576516, -0.26302149708902195, -0.16817882155834474, -0.8835498934886132, 1.1602292902251623, 1.3266242924078386, 1.0444516324076214, 2.6732740673741575, 2.583789023717434, 2.2787485889783183, 0.30905408296601417, 0.38850455016500957, -0.6399272688825074, -0.7762990261304845, 1.1380356008066348, -0.7085119626694121, 1.8888071569415663, 0.37144358779605585, -0.5519999276125631, 0.49351587614176184, -0.4615336624388271, 0.624834862100612, 0.27244383499665203, -0.8797078913319923, 2.124266822246258, 0.2847659930484283, 1.1037847808441072, -1.488154407535072, -0.4672195710409025, -0.6077964200381839, -0.4572802851966546, 0.7810947647226019, 1.1701627407828141], "A": [4.51, 4.455, 4.555, 4.6850000000000005, 4.76, 4.84, 4.95, 0.0, 0.86, 1.045, 0.675, 0.635, 0.56, 0.445, 0.39, 0.315, 1.31, 2.18, 2.245, 2.08, 3.105, 3.765, 2.695, 2.755, 2.815, 1.7, 1.675, 1.75, 3.41, 4.11, 2.485, 3.56, 3.27, 3.9650000000000003, 4.245, 1.52, 0.155, 2.965, 1.905, 4.305, 1.155, 2.365, 4.19, 3.2, 2.59, 3.865, 3.66, 0.9500000000000001, 1.43, 5.0, 3.34, 0], "R": [1, 1, 1, 1, 1, 1, 1, 1, 1, 1, 1, 1, 1, 1, 1, 1, 1, 1, 1, 1, 1, 1, 1, 1, 1, 0, 0, 0, 0, 0, 0, 0, 0, 0, 0, 0, 0, 0, 0, 0, 0, 0, 0, 0, 0, 0, 0, 0, 0, 0, 0, 0]}