{"RTG": [9, 8, 7, 6, 5, 4, 3, 2, 1, 0, 0, 0, 0, 0, 0, 0, 0, 0, 0, 0, 0, 0, 0, 0, 0, 0, 0, 0, 0, 0, 0, 0, 0, 0, 0, 0, 0, 0, 0, 0, 0, 0, 0, 0, 0, 0, 0, 0, 0, 0, 0, 0], "S": [0, -0.1275144827788334, -0.5681424030680832, 0.2404961358400748, -0.5573659080551784, 0.377304667011703, 1.550053509588688, 0.8814861408638388, 1.899839506890742, 2.13684204514209, 2.648718288939445, -0.9785792591984844, 0.8313089284247416, 0.41543750807331425, 0.8235016011496119, 0.14978629205510915, -0.17560713225483768, -0.5960565376578272, 1.2636906207954577, 1.176806974670785, 0.1500898090710972, -2.18235760737755, 1.0887396232185838, 1.1485285121397457, 1.0867645302829678, -0.44017286079018214, 0.4485587152594895, 2.1880040451103517, 1.555179369689812, 1.0765033972163964, -0.4611514236144929, 0.39342310011908804, 1.2254038456039946, 0.6842214616603056, 1.2005613140987013, 0.4035438731462402, 0.9438680768787604, -0.36679091592001095, 0.7810947647226019, 0.7096778610505728, 1.1815012598688805, -1.3287532923747882, 0.2847659930484283, -0.6772614302070163, -0.6800648534759454, 0.6494093557430308, -0.7119997492397336, -1.0323222330279518, 1.2154017406227207, -0.06805584798382577, 0.0866432673157289, 0.5273213368525247], "A": [3.1, 0.0, 0.85, 0.935, 0.8150000000000001, 1.795, 1.83, 1.7750000000000001, 1.76, 1.71, 3.9250000000000003, 4.775, 4.93, 4.61, 4.44, 2.5100000000000002, 3.485, 0.405, 0.53, 0.26, 1.335, 2.81, 2.69, 2.225, 2.335, 2.12, 4.215, 4.155, 4.285, 3.7, 2.94, 3.285, 1.56, 0.64, 1.135, 3.365, 0.13, 5.0, 4.69, 2.61, 3.81, 3.2, 3.6, 1.215, 4.525, 4.035, 2.02, 0.34, 1.455, 1.05, 2.87, 0], "R": [1, 1, 1, 1, 1, 1, 1, 1, 1, 0, 0, 0, 0, 0, 0, 0, 0, 0, 0, 0, 0, 0, 0, 0, 0, 0, 0, 0, 0, 0, 0, 0, 0, 0, 0, 0, 0, 0, 0, 0, 0, 0, 0, 0, 0, 0, 0, 0, 0, 0, 0, 0]}