{"RTG": [30, 29, 28, 27, 26, 25, 24, 23, 22, 21, 20, 19, 18, 17, 16, 15, 14, 13, 12, 11, 10, 9, 8, 7, 6, 5, 4, 3, 2, 1, 0, 0, 0, 0, 0, 0, 0, 0, 0, 0, 0, 0, 0, 0, 0, 0, 0, 0, 0, 0, 0, 0], "S": [0, -0.7202755602478425, -0.5681424030680832, 0.1642534074841468, -0.6092041357060602, 0.3680109104289028, 0.4949049722078865, 1.1832205329391008, 1.1914882796809394, -2.2383187886964397, 1.313771510494162, 1.0887396232185838, 1.2599296432649467, -0.4672195710409025, 0.5747902204568268, 0.8164466281105316, 0.7824357235715943, 0.4989637315144307, 0.0596368921205919, 0.9022883692297691, -0.24866560631437654, 1.260659837942881, 0.4633443805678566, -0.6019000811690085, -0.7213855572269114, 0.6560959005237793, 1.2881202542280985, 1.2287157098589727, 2.198622511720558, 1.6217806950522773, 2.486335711065681, 2.6462676611234475, 0.7486707964918938, 0.3327416839338406, -1.5023795661589565, 0.7810947647226019, 2.124266822246258, 0.42103107830772674, 1.314995406442874, -0.4836500766001137, 0.5674801530142803, -0.7349959441494497, 1.05823352995558, -0.7834705376033333, 1.9631888737933478, -0.1333343676888655, 1.550053509588688, 1.1867253408604772, -0.4757085314032074, -0.7011682182012821, 0.7417519397012445, 0.3321029361393006], "A": [1.925, 0.0, 0.86, 0.96, 0.8200000000000001, 0.76, 0.66, 0.63, 1.32, 2.77, 2.81, 2.725, 3.66, 4.5, 4.635, 4.755, 4.8950000000000005, 4.335, 3.245, 3.15, 3.3200000000000003, 3.4, 2.345, 4.03, 0.29, 0.39, 0.43, 1.645, 1.615, 1.665, 1.685, 2.14, 2.535, 3.84, 5.0, 4.19, 1.1300000000000001, 4.1450000000000005, 0.145, 2.985, 2.05, 2.23, 3.54, 4.24, 1.45, 1.795, 2.615, 1.205, 3.745, 4.565, 3.055, 0], "R": [1, 1, 1, 1, 1, 1, 1, 1, 1, 1, 1, 1, 1, 1, 1, 1, 1, 1, 1, 1, 1, 1, 1, 1, 1, 1, 1, 1, 1, 1, 0, 0, 0, 0, 0, 0, 0, 0, 0, 0, 0, 0, 0, 0, 0, 0, 0, 0, 0, 0, 0, 0]}