{"RTG": [19, 18, 17, 16, 15, 14, 13, 12, 11, 10, 9, 8, 7, 6, 5, 4, 3, 2, 1, 0, 0, 0, 0, 0, 0, 0, 0, 0, 0, 0, 0, 0, 0, 0, 0, 0, 0, 0, 0, 0, 0, 0, 0, 0, 0, 0, 0, 0, 0, 0, 0, 0], "S": [0, -1.4647684387382283, 0.5143621100491487, 0.35215098025751895, 0.46043837533281906, 1.0093963694162764, 1.2699450427223564, 1.1347072427156868, -0.5681424030680832, 0.2045054376024882, 0.0866432673157289, 1.1929647133334638, 1.1398863076022887, 1.2207514698396822, 1.2636906207954577, 1.10297997475711, 0.7439499693117351, -0.48797384671598903, 0.37144358779605585, 2.6194882783227276, 2.665056914615652, 1.7290264375923594, 0.7170916018157362, 0.7220419228172474, 0.5928665680352182, 0.3165938873653324, 0.7810947647226019, -0.8797078913319923, 0.7866678583339837, -0.593214709912086, -1.8790008443431394, 1.1390065784520442, 0.6137687486908822, -0.7387734467982239, -0.715299091384201, 1.3266242924078386, 1.1490434588248564, 2.1880040451103517, 0.8058072136235602, -0.6609873489373203, -0.6092041357060602, -0.4513534362588481, 0.3146398464699526, -0.7568219640141731, 0.41543750807331425, -0.428093934136053, 0.6517420719044649, -0.1444384360798626, 1.723220249425911, 0.8085877969105064, -0.7940973879101138, -0.08895775174841293], "A": [3.83, 2.97, 2.91, 3.04, 3.255, 3.3000000000000003, 3.345, 0.0, 0.855, 1.05, 0.655, 0.6, 0.465, 0.405, 0.325, 0.725, 0.215, 1.52, 1.68, 1.705, 1.7850000000000001, 4.6850000000000005, 4.8500000000000005, 4.505, 4.32, 5.0, 2.365, 4.125, 2.06, 1.2750000000000001, 2.6550000000000002, 2.5500000000000003, 3.58, 4.01, 2.755, 2.205, 4.215, 4.595, 1.92, 0.96, 3.6950000000000003, 1.1500000000000001, 1.415, 4.93, 3.465, 2.27, 0.095, 1.62, 4.765, 2.475, 4.415, 0], "R": [1, 1, 1, 1, 1, 1, 1, 1, 1, 1, 1, 1, 1, 1, 1, 1, 1, 1, 1, 0, 0, 0, 0, 0, 0, 0, 0, 0, 0, 0, 0, 0, 0, 0, 0, 0, 0, 0, 0, 0, 0, 0, 0, 0, 0, 0, 0, 0, 0, 0, 0, 0]}