{"RTG": [27, 26, 25, 24, 23, 22, 21, 20, 19, 18, 17, 16, 15, 14, 13, 12, 11, 10, 9, 8, 7, 6, 5, 4, 3, 2, 1, 0, 0, 0, 0, 0, 0, 0, 0, 0, 0, 0, 0, 0, 0, 0, 0, 0, 0, 0, 0, 0, 0, 0, 0, 0], "S": [0, 0.8124124524666402, 0.0074048302044516555, 1.050618440940789, 1.151436074096337, -1.168351323450353, -0.5681424030680832, 0.2992456858903939, -0.30250143554770165, 1.072987484673177, 1.184145623379665, 1.1348906924437472, 1.2200896781036197, 1.2881202542280985, 1.0000009442743154, 1.099627421136071, 1.2005038616307513, 0.08002013972113022, 0.9620205374516724, -0.2679591565011226, 2.1300292046727938, 2.1990799042829505, 0.7970323007868108, 0.7433692441740283, 0.44580020575484075, 0.37144358779605585, -2.2113535522026915, 2.583789023717434, 2.665056914615652, 2.060748031034219, 0.7014264433005017, 0.591106254339909, 1.1392762323358923, -1.2384763947727195, 1.0675806827655183, -0.7001124557070517, -0.6211852992102556, -0.5519999276125631, 0.7810947647226019, -0.27455451950087434, 0.3146398464699526, 0.5928665680352182, -0.3116150948341032, 0.3659378656084991, 1.3265893946558156, 0.8316743936656834, -1.2326682407776417, -0.2751600190638433, -0.45340702261723914, 1.4202812468229182, -0.7740292084447152, -0.8928179219706346], "A": [2.145, 2.095, 2.17, 2.2, 2.4, 0.0, 0.84, 1.01, 0.685, 0.625, 0.555, 0.445, 0.39, 0.315, 3.265, 3.335, 3.4250000000000003, 4.29, 4.375, 4.225, 4.205, 4.59, 4.74, 4.91, 1.52, 1.33, 1.675, 1.705, 1.7650000000000001, 2.85, 3.0100000000000002, 2.685, 3.8000000000000003, 2.585, 4.0, 3.615, 0.155, 5.0, 3.125, 1.1500000000000001, 4.505, 1.895, 2.93, 2.7600000000000002, 4.82, 3.9, 2.505, 0.92, 1.605, 3.5300000000000002, 1.225, 0], "R": [1, 1, 1, 1, 1, 1, 1, 1, 1, 1, 1, 1, 1, 1, 1, 1, 1, 1, 1, 1, 1, 1, 1, 1, 1, 1, 1, 0, 0, 0, 0, 0, 0, 0, 0, 0, 0, 0, 0, 0, 0, 0, 0, 0, 0, 0, 0, 0, 0, 0, 0, 0]}