{"RTG": [10, 9, 8, 7, 6, 5, 4, 3, 2, 1, 0, 0, 0, 0, 0, 0, 0, 0, 0, 0, 0, 0, 0, 0, 0, 0, 0, 0, 0, 0, 0, 0, 0, 0, 0, 0, 0, 0, 0, 0, 0, 0, 0, 0, 0, 0, 0, 0, 0, 0, 0, 0], "S": [0, 0.4014163575618112, 0.7008456084275234, 1.1031253948915591, 1.1988872073150763, -0.6077964200381839, 1.1737062158429918, 0.29901449907859046, 1.640461454575373, 1.899839506890742, 2.5551020877188306, 2.6732740673741575, 0.9858819527773454, -1.0785053980520602, 0.6068916248446233, 0.8429601913364685, 0.5392684839855656, 0.12372982621026657, -0.6592004082044743, 0.2454218611888777, 0.7468985423979649, 0.7861115957725884, 0.7810947647226019, 2.1646963807230764, 1.4381036978079742, 0.8479373402835767, -0.5681424030680832, 1.3006506431464921, 1.133107637799685, 0.35893135363273554, -2.1283174002063725, 0.8066810032092551, -1.5129641137469552, 1.233874684983979, -0.6049491287165064, 0.7417519397012445, 0.6137687486908822, 0.16883208745421255, 0.43977288007454873, -0.7001124557070517, 0.42396904460622875, -0.6286623709632781, -0.5613504714487526, 1.2126012150820673, 1.2752776432954898, -0.8566861004606161, 0.7690116833676693, 0.5800560575903002, -0.11157989388860974, 0.7456394742923096, -0.11355670144341846, -0.7940973879101138], "A": [0.795, 0.73, 0.68, 0.65, 0.9500000000000001, 1.815, 1.86, 1.79, 1.7750000000000001, 1.725, 1.7, 2.24, 2.3850000000000002, 2.13, 3.24, 3.395, 3.075, 3.605, 4.45, 4.67, 4.835, 5.0, 4.22, 4.15, 4.295, 0.0, 2.775, 2.66, 2.9050000000000002, 1.295, 0.3, 3.855, 0.425, 0.165, 4.565, 2.5500000000000003, 1.48, 1.115, 4.0, 4.92, 3.49, 3.725, 0.505, 3.31, 2.04, 4.75, 2.99, 1.185, 1.565, 0.075, 2.475, 0], "R": [1, 1, 1, 1, 1, 1, 1, 1, 1, 1, 0, 0, 0, 0, 0, 0, 0, 0, 0, 0, 0, 0, 0, 0, 0, 0, 0, 0, 0, 0, 0, 0, 0, 0, 0, 0, 0, 0, 0, 0, 0, 0, 0, 0, 0, 0, 0, 0, 0, 0, 0, 0]}