{"RTG": [9, 8, 7, 6, 5, 4, 3, 2, 1, 0, 0, 0, 0, 0, 0, 0, 0, 0, 0, 0, 0, 0, 0, 0, 0, 0, 0, 0, 0, 0, 0, 0, 0, 0, 0, 0, 0, 0, 0, 0, 0, 0, 0, 0, 0, 0, 0, 0, 0, 0, 0, 0], "S": [0, 0.5781725177034593, 0.2560876713757903, 1.2265483993932222, 1.6217806950522773, 1.8238428669741287, 2.018703006539025, 2.198622511720558, 2.356485375892664, 2.539316846348272, 2.6732740673741575, -0.5681424030680832, 1.1637413930916065, 1.313771510494162, 0.3496659885000683, -0.7940973879101138, 0.5754088667607283, 0.5392684839855656, -0.7104987145618867, 0.14978629205510915, 0.7259718516629005, 0.7450548739706984, 0.7810947647226019, 2.124266822246258, 0.5188737380858635, 1.8063011458935552, 0.8771817164369324, 1.128847864961221, 1.2552709899027514, 0.3223835114148992, -0.03201196311671608, 0.9720001096732416, 0.41313196293813004, 0.5804748080628606, -1.4376841077764138, 0.06986426174581307, -0.9092916740966068, 0.7417519397012445, -0.5765074546122056, -0.4457386208748614, -0.43538446450642626, 1.2752776432954898, 1.2228604805951775, -0.7486598192425545, 1.189694727779941, 0.4179323833926717, -0.4513534362588481, 0.40772630398627313, -0.8797078913319923, 0.7957554899833702, -0.07443101875082657, -0.6609873489373203], "A": [1.55, 1.495, 1.595, 1.615, 1.625, 1.635, 1.645, 1.655, 1.67, 1.7, 0.0, 2.64, 2.77, 2.915, 2.475, 3.22, 3.395, 3.59, 4.44, 4.68, 4.845, 5.0, 4.19, 4.115, 4.25, 0.71, 0.56, 0.41000000000000003, 0.27, 0.88, 2.16, 1.1, 2.275, 3.825, 3.08, 2.035, 4.565, 1.21, 0.14, 0.995, 3.31, 0.485, 3.955, 2.705, 4.925, 3.6950000000000003, 0.79, 2.365, 4.76, 4.345, 1.92, 0], "R": [1, 1, 1, 1, 1, 1, 1, 1, 1, 0, 0, 0, 0, 0, 0, 0, 0, 0, 0, 0, 0, 0, 0, 0, 0, 0, 0, 0, 0, 0, 0, 0, 0, 0, 0, 0, 0, 0, 0, 0, 0, 0, 0, 0, 0, 0, 0, 0, 0, 0, 0, 0]}