{"RTG": [24, 23, 22, 21, 20, 19, 18, 17, 16, 15, 14, 13, 12, 11, 10, 9, 8, 7, 6, 5, 4, 3, 2, 1, 0, 0, 0, 0, 0, 0, 0, 0, 0, 0, 0, 0, 0, 0, 0, 0, 0, 0, 0, 0, 0, 0, 0, 0, 0, 0, 0, 0], "S": [0, -1.1394990942280583, -0.5681424030680832, 0.1642534074841468, -0.6092041357060602, 0.3680109104289028, 0.4949049722078865, 1.1832205329391008, 1.1914882796809394, -2.2383187886964397, 1.0814212867534516, 1.0245921516336474, -0.4345148689017537, 0.8095437992284806, 0.7318721648963916, 0.5928665680352182, 0.5444024669777516, -0.07443101875082657, 0.7810947647226019, 0.591106254339909, -0.28687307137208434, 0.37011310999987346, 1.132872154906867, 1.154923932830813, -0.6399272688825074, 2.6732740673741575, 2.583789023717434, 2.2787485889783183, -0.3210934574237214, 0.6560959005237793, 0.025247930055477295, 1.2473233634412009, -0.6404363206845495, 1.275078842405209, 0.3971961720618536, -0.5519999276125631, -0.7260747810041374, 0.42103107830772674, 2.1880040451103517, -0.3881858065598431, 1.3006506431464921, 1.7165118520294746, 1.2198638448838093, 0.8429601913364685, -0.6019000811690085, -0.5765074546122056, -0.4513534362588481, -0.28307668106601713, 0.8494306260888944, 0.8219396147231978, -0.11355670144341846, 0.7535780975912624], "A": [3.79, 0.0, 0.86, 0.96, 0.8200000000000001, 0.76, 0.66, 0.63, 1.32, 2.1750000000000003, 2.235, 2.07, 4.64, 4.735, 4.505, 4.885, 4.345, 5.0, 3.0100000000000002, 3.1350000000000002, 2.9, 2.595, 2.645, 2.485, 1.7, 1.675, 1.75, 3.455, 0.29, 4.095, 0.41500000000000004, 3.61, 3.305, 1.5250000000000001, 0.155, 3.96, 1.1300000000000001, 4.215, 1.9000000000000001, 2.775, 4.255, 0.495, 3.24, 2.345, 1.21, 3.6950000000000003, 1.44, 4.8100000000000005, 3.375, 0.075, 4.57, 0], "R": [1, 1, 1, 1, 1, 1, 1, 1, 1, 1, 1, 1, 1, 1, 1, 1, 1, 1, 1, 1, 1, 1, 1, 1, 0, 0, 0, 0, 0, 0, 0, 0, 0, 0, 0, 0, 0, 0, 0, 0, 0, 0, 0, 0, 0, 0, 0, 0, 0, 0, 0, 0]}