{"RTG": [28, 27, 26, 25, 24, 23, 22, 21, 20, 19, 18, 17, 16, 15, 14, 13, 12, 11, 10, 9, 8, 7, 6, 5, 4, 3, 2, 1, 0, 0, 0, 0, 0, 0, 0, 0, 0, 0, 0, 0, 0, 0, 0, 0, 0, 0, 0, 0, 0, 0, 0, 0], "S": [0, -0.598610461628525, 0.1738487017905306, 0.27244383499665203, -1.4239948062371293, 0.4327458304589763, 0.7439499693117351, 1.1293561077306389, 1.2005613140987013, 1.2230482233664581, 1.2247109249108254, 0.529575855818755, 0.7817142987958644, -1.0370239909719803, 1.151436074096337, 0.9022883692297691, 1.2005038616307513, 0.5392684839855656, 1.275078842405209, 1.5186593645993924, 0.7352255488802192, 1.8063011458935552, 2.1300292046727938, 2.186387029405289, 0.7810947647226019, 0.6977617291854273, 0.7259718516629005, 0.7997946265823738, 1.1740795034056069, 2.665056914615652, 2.6194882783227276, 1.9816540052700344, -0.9336474874188099, 0.5950547331054502, 0.3971961720618536, -0.5681424030680832, 1.0675806827655183, 0.7181670574127406, -0.8754740322537258, -0.6772614302070163, -0.8865485997154794, -0.19932815225345174, 1.0542425639738024, -0.1275144827788334, 0.8205579041063652, -0.7568219640141731, 0.35130374988897833, -0.2751600190638433, -0.1285737335390223, 0.4462543804591722, 0.421746209599056, -0.44151905624948234], "A": [0.2, 1.06, 1.155, 1.25, 1.125, 0.725, 0.675, 0.64, 0.48, 0.435, 2.125, 2.2600000000000002, 2.38, 2.2, 3.245, 3.335, 3.395, 3.305, 4.265, 4.3, 4.25, 4.225, 4.2, 5.0, 4.855, 4.68, 2.84, 2.7, 1.705, 1.68, 1.77, 3.77, 3.005, 1.5250000000000001, 0.0, 2.585, 4.555, 1.94, 3.6, 3.935, 0.895, 0.32, 3.1, 4.7700000000000005, 1.415, 2.92, 2.505, 0.09, 4.4750000000000005, 4.94, 3.685, 0], "R": [1, 1, 1, 1, 1, 1, 1, 1, 1, 1, 1, 1, 1, 1, 1, 1, 1, 1, 1, 1, 1, 1, 1, 1, 1, 1, 1, 1, 0, 0, 0, 0, 0, 0, 0, 0, 0, 0, 0, 0, 0, 0, 0, 0, 0, 0, 0, 0, 0, 0, 0, 0]}