{"RTG": [9, 8, 7, 6, 5, 4, 3, 2, 1, 0, 0, 0, 0, 0, 0, 0, 0, 0, 0, 0, 0, 0, 0, 0, 0, 0, 0, 0, 0, 0, 0, 0, 0, 0, 0, 0, 0, 0, 0, 0, 0, 0, 0, 0, 0, 0, 0, 0, 0, 0, 0, 0], "S": [0, -0.24866560631437654, -0.5681424030680832, 0.27208023610146237, -0.49337631073269567, 0.384592971877546, 1.550053509588688, 0.8814861408638388, 1.899839506890742, 2.13684204514209, 2.648718288939445, -0.68423059871148, 0.8036415820234936, 0.6452690930094037, 0.7697164372501104, 0.5317048528935276, 0.7352255488802192, 0.1308494504699903, 1.313771510494162, 0.40577549456587986, 1.129227959703775, -0.7811408998812415, 1.2805352156985943, 1.2008932538035024, -0.017882150725342393, -2.2113535522026915, 0.9421555065576516, 0.529575855818755, 1.8594942356609157, 1.1701627407828141, -0.9374506081177982, -0.8835498934886132, 0.6284470719106436, 1.1914882796809394, 0.42103107830772674, 0.38850455016500957, 0.08002013972113022, 0.5681183836528795, 2.1300292046727938, -0.32750870905583246, 0.7652276639764811, 1.0567075262404362, 0.44580020575484075, -1.4664759182334537, -0.5765074546122056, -0.9561600736877052, -0.4672195710409025, 2.539316846348272, 0.7558657355637947, -0.2050297928400839, 1.183550878322407, 0.040343652882350874], "A": [3.15, 0.0, 0.845, 0.925, 0.81, 1.795, 1.83, 1.7750000000000001, 1.76, 1.71, 3.985, 4.83, 4.985, 4.66, 4.49, 4.3, 2.525, 2.77, 2.89, 2.665, 3.555, 0.395, 0.515, 0.25, 1.33, 2.245, 2.125, 4.17, 3.34, 2.37, 3.765, 1.555, 0.63, 1.1300000000000001, 4.11, 3.4250000000000003, 3.02, 4.225, 0.125, 4.575, 3.2600000000000002, 4.91, 3.87, 1.21, 2.0300000000000002, 3.66, 1.67, 4.745, 1.445, 0.335, 1.045, 0], "R": [1, 1, 1, 1, 1, 1, 1, 1, 1, 0, 0, 0, 0, 0, 0, 0, 0, 0, 0, 0, 0, 0, 0, 0, 0, 0, 0, 0, 0, 0, 0, 0, 0, 0, 0, 0, 0, 0, 0, 0, 0, 0, 0, 0, 0, 0, 0, 0, 0, 0, 0, 0]}