{"RTG": [29, 28, 27, 26, 25, 24, 23, 22, 21, 20, 19, 18, 17, 16, 15, 14, 13, 12, 11, 10, 9, 8, 7, 6, 5, 4, 3, 2, 1, 0, 0, 0, 0, 0, 0, 0, 0, 0, 0, 0, 0, 0, 0, 0, 0, 0, 0, 0, 0, 0, 0, 0], "S": [0, 0.20124723393830407, -1.1958523683721816, 0.3476295436147299, -0.5681424030680832, -1.1442504439522712, 1.0567075262404362, 1.275078842405209, 1.0942090702771463, 2.1646963807230764, 1.8063011458935552, 2.1614265129414165, 0.7810947647226019, 0.6977617291854273, 0.7259718516629005, 1.072987484673177, 1.124212497936378, 1.2473233634412009, 0.7332462169914621, 0.32211413453554105, -1.054315683292044, 0.9496061264010378, 0.4508392748499579, 1.1392762323358923, -0.7880611165295308, 0.6951830673805045, 0.13123823407706264, 1.024040463667378, 2.2787485889783183, 2.5551020877188306, 2.6732740673741575, 1.1065611909486615, -0.7762990261304845, -0.7762351625212653, -0.5807826452226514, 0.016953564100676687, -0.032732204163866366, 0.7817142987958644, 0.14978629205510915, -0.5805195318260895, 0.8205579041063652, -0.17397932286250575, 1.221849818761846, -0.5574404173745552, -0.4672195710409025, -0.2751600190638433, 0.5210538878624557, 0.421746209599056, 0.29901449907859046, -1.5129641137469552, 1.3265893946558156, -0.3210934574237214], "A": [1.485, 1.395, 1.5150000000000001, 0.0, 2.395, 3.2600000000000002, 3.305, 3.35, 4.22, 4.25, 4.195, 5.0, 4.855, 4.68, 0.685, 0.5650000000000001, 0.41500000000000004, 0.295, 0.835, 1.965, 2.825, 2.955, 2.685, 3.755, 4.545, 1.055, 2.58, 1.75, 1.725, 1.7, 2.18, 3.56, 3.95, 0.16, 3.085, 1.18, 2.2600000000000002, 4.44, 0.9400000000000001, 4.7700000000000005, 2.085, 0.49, 4.0600000000000005, 3.66, 2.505, 0.755, 4.94, 1.86, 3.855, 2.7600000000000002, 3.455, 0], "R": [1, 1, 1, 1, 1, 1, 1, 1, 1, 1, 1, 1, 1, 1, 1, 1, 1, 1, 1, 1, 1, 1, 1, 1, 1, 1, 1, 1, 1, 0, 0, 0, 0, 0, 0, 0, 0, 0, 0, 0, 0, 0, 0, 0, 0, 0, 0, 0, 0, 0, 0, 0]}