{"RTG": [18, 17, 16, 15, 14, 13, 12, 11, 10, 9, 8, 7, 6, 5, 4, 3, 2, 1, 0, 0, 0, 0, 0, 0, 0, 0, 0, 0, 0, 0, 0, 0, 0, 0, 0, 0, 0, 0, 0, 0, 0, 0, 0, 0, 0, 0, 0, 0, 0, 0, 0, 0], "S": [0, 0.6137687486908822, 1.1712103381729184, 1.1722023515752833, -0.5681424030680832, 0.2045054376024882, 0.040343652882350874, 1.1832205329391008, 1.1756294449900588, 1.2008932538035024, 1.219269979845113, 1.2978622792095647, 0.8758965088053228, 0.6203485783512641, -0.7250333914407979, -0.23905034826659827, 1.899839506890742, 2.3438345106132012, 2.5551020877188306, 2.6732740673741575, -0.1333343676888655, -0.26302149708902195, 0.7810947647226019, 0.7665022349198103, 0.7582537177375791, -0.7762351625212653, -0.034142590711439366, -1.320838392830492, 0.3857365692963434, 1.2254038456039946, 0.5054056779022843, 1.8594942356609157, 0.26206678582391096, 2.0286591678260097, -0.7011682182012821, 0.6951830673805045, 0.8848719625808373, -0.4064917918700017, -0.9952350182638754, 1.2341595925880817, 1.1400171087098125, 0.21347584363378308, 0.42396904460622875, 0.7456394742923096, -0.5628831503192052, -0.611716481250362, 0.7690116833676693, -1.1442504439522712, 0.38008632231324074, -1.5157966450157259, 0.5800560575903002, 0.37416928039478276], "A": [2.5500000000000003, 2.605, 2.6350000000000002, 0.0, 0.855, 1.045, 0.66, 0.62, 0.515, 0.455, 0.365, 0.305, 0.74, 3.5100000000000002, 4.365, 1.7750000000000001, 1.745, 1.725, 1.7, 1.45, 2.08, 5.0, 4.84, 4.665, 3.95, 3.09, 1.245, 2.895, 3.285, 2.2800000000000002, 4.17, 4.105, 4.235, 3.745, 4.545, 3.37, 0.135, 1.955, 2.79, 2.19, 3.1950000000000003, 4.92, 1.565, 3.63, 0.9550000000000001, 4.75, 2.395, 1.1400000000000001, 3.85, 2.99, 4.465, 0], "R": [1, 1, 1, 1, 1, 1, 1, 1, 1, 1, 1, 1, 1, 1, 1, 1, 1, 1, 0, 0, 0, 0, 0, 0, 0, 0, 0, 0, 0, 0, 0, 0, 0, 0, 0, 0, 0, 0, 0, 0, 0, 0, 0, 0, 0, 0, 0, 0, 0, 0, 0, 0]}