{"RTG": [16, 15, 14, 13, 12, 11, 10, 9, 8, 7, 6, 5, 4, 3, 2, 1, 0, 0, 0, 0, 0, 0, 0, 0, 0, 0, 0, 0, 0, 0, 0, 0, 0, 0, 0, 0, 0, 0, 0, 0, 0, 0, 0, 0, 0, 0, 0, 0, 0, 0, 0, 0], "S": [0, -0.26836271666857353, -0.5681424030680832, 0.2045054376024882, -0.5973820916024358, 0.377304667011703, -0.1445968462172942, -0.6929902457178543, 0.7450548739706984, 0.4989637315144307, 0.8560300178421365, 0.7039863856329738, 0.7065887481278916, 0.290731299743892, 2.2807160561275923, 1.723220249425911, 2.539316846348272, 2.6640935024130794, 1.3266242924078386, 1.1722023515752833, 0.37011310999987346, -0.7762990261304845, 1.2473233634412009, 1.158880316031669, 0.2360780316584261, -2.1283174002063725, -0.9561600736877052, 2.0286591678260097, 1.8594942356609157, -0.37205149742952043, 1.0942090702771463, -0.984767779832423, 1.1988872073150763, 1.1400171087098125, 0.5243572241097797, 0.3165938873653324, -0.06490318263147667, 0.29901449907859046, -0.4064917918700017, 0.438911988125878, 0.7810947647226019, -0.28307668106601713, 1.1380356008066348, -1.3684260504266743, -0.44919934217062807, 1.2628973292464318, 1.1602292902251623, 0.529575855818755, -0.19572881840451012, 0.025247930055477295, 0.8327877808682069, -1.1987220633160474], "A": [2.325, 0.0, 0.855, 0.9450000000000001, 0.8150000000000001, 3.165, 3.995, 4.845, 4.8950000000000005, 4.795, 4.695, 4.55, 4.455, 1.6500000000000001, 1.62, 1.67, 1.69, 2.755, 2.6350000000000002, 2.9, 3.56, 0.41500000000000004, 0.54, 0.265, 1.295, 2.0300000000000002, 4.235, 4.17, 2.5, 3.35, 3.775, 0.65, 2.19, 3.0300000000000002, 4.32, 3.435, 1.86, 0.135, 1.12, 5.0, 1.44, 3.27, 3.8850000000000002, 3.67, 0.35000000000000003, 2.695, 2.125, 1.19, 4.095, 0.715, 2.41, 0], "R": [1, 1, 1, 1, 1, 1, 1, 1, 1, 1, 1, 1, 1, 1, 1, 1, 0, 0, 0, 0, 0, 0, 0, 0, 0, 0, 0, 0, 0, 0, 0, 0, 0, 0, 0, 0, 0, 0, 0, 0, 0, 0, 0, 0, 0, 0, 0, 0, 0, 0, 0, 0]}