{"RTG": [16, 15, 14, 13, 12, 11, 10, 9, 8, 7, 6, 5, 4, 3, 2, 1, 0, 0, 0, 0, 0, 0, 0, 0, 0, 0, 0, 0, 0, 0, 0, 0, 0, 0, 0, 0, 0, 0, 0, 0, 0, 0, 0, 0, 0, 0, 0, 0, 0, 0, 0, 0], "S": [0, 1.1380356008066348, 0.7143651627474831, 1.2699450427223564, -0.7657231146818407, -0.5681424030680832, 0.2045054376024882, 0.0866432673157289, 1.1929647133334638, 1.1398863076022887, 1.2207514698396822, 1.2636906207954577, 1.10297997475711, 0.7439499693117351, -0.48797384671598903, 0.37144358779605585, 2.6194882783227276, 2.665056914615652, 1.7290264375923594, -0.2679591565011226, -0.46555971502504534, 0.7810947647226019, 0.7665022349198103, 0.7582537177375791, -0.7085119626694121, 0.7486707964918938, -1.1146936334141972, 0.6517420719044649, 0.7997946265823738, 1.189694727779941, -1.8790008443431394, 2.014262628658444, 0.6520050202483836, 1.9631888737933478, -0.8835498934886132, 0.5800560575903002, 0.6951830673805045, 1.187614098414235, 0.42396904460622875, -0.6092041357060602, -0.5091648528801574, -0.8797078913319923, 0.3146398464699526, 0.06986426174581307, -0.7568219640141731, 0.7690116833676693, -0.1444384360798626, -1.4664759182334537, -0.14944533764382856, 0.15531055956049092, 0.41171617023787066, 1.151436074096337], "A": [3.27, 3.23, 3.3000000000000003, 3.525, 0.0, 0.855, 1.05, 0.655, 0.6, 0.465, 0.405, 0.325, 0.725, 0.215, 1.52, 1.68, 1.705, 1.7850000000000001, 4.375, 2.495, 5.0, 4.84, 4.665, 3.9650000000000003, 2.14, 2.0, 2.27, 2.84, 2.705, 1.2750000000000001, 4.18, 4.12, 4.24, 3.765, 2.99, 4.545, 2.62, 4.92, 0.96, 3.645, 2.365, 1.1500000000000001, 3.08, 1.415, 4.75, 0.095, 3.87, 1.885, 3.42, 4.47, 2.2, 0], "R": [1, 1, 1, 1, 1, 1, 1, 1, 1, 1, 1, 1, 1, 1, 1, 1, 0, 0, 0, 0, 0, 0, 0, 0, 0, 0, 0, 0, 0, 0, 0, 0, 0, 0, 0, 0, 0, 0, 0, 0, 0, 0, 0, 0, 0, 0, 0, 0, 0, 0, 0, 0]}