{"RTG": [29, 28, 27, 26, 25, 24, 23, 22, 21, 20, 19, 18, 17, 16, 15, 14, 13, 12, 11, 10, 9, 8, 7, 6, 5, 4, 3, 2, 1, 0, 0, 0, 0, 0, 0, 0, 0, 0, 0, 0, 0, 0, 0, 0, 0, 0, 0, 0, 0, 0, 0, 0], "S": [0, 0.3327416839338406, -0.9816023194918702, 0.7769529835142928, 0.9730814183255039, 1.132872154906867, 0.7997946265823738, 0.39342310011908804, 1.050618440940789, 0.3643491653233505, 1.1413307041700922, -0.5681424030680832, 0.2992456858903939, -0.30250143554770165, 1.072987484673177, 1.184145623379665, 1.1348906924437472, 1.2200896781036197, 1.2881202542280985, 1.0000009442743154, -0.984767779832423, 0.8164466281105316, 0.7433692441740283, 0.5747902204568268, 0.5209078855902575, 0.13840231823318014, 0.493019990916102, -1.1958523683721816, 2.2807160561275923, 2.6194882783227276, 2.665056914615652, 1.2256976844807996, 0.3573440360234566, -0.3764877984809053, 0.025247930055477295, 0.7810947647226019, -0.032732204163866366, -0.7762351625212653, -0.3116150948341032, -0.5519999276125631, -0.6016781995881259, 2.199560797986056, 0.17769761202432371, 1.8063011458935552, -1.7985319445633705, 0.3954010906932002, 1.3266242924078386, -1.1224606128920358, -1.488154407535072, 0.8418830957241761, 1.1718425673152988, 1.7290264375923594], "A": [2.535, 2.46, 2.56, 2.575, 2.595, 2.84, 2.94, 2.17, 2.115, 2.21, 0.0, 0.84, 1.01, 0.685, 0.625, 0.555, 0.445, 0.39, 0.315, 3.775, 4.635, 4.74, 4.5, 4.89, 4.33, 1.54, 1.395, 1.6500000000000001, 1.68, 1.705, 3.33, 3.205, 3.46, 4.095, 5.0, 1.18, 3.95, 1.895, 0.155, 3.62, 4.21, 3.0700000000000003, 4.25, 1.27, 1.095, 2.755, 1.99, 3.865, 4.815, 3.275, 1.7850000000000001, 0], "R": [1, 1, 1, 1, 1, 1, 1, 1, 1, 1, 1, 1, 1, 1, 1, 1, 1, 1, 1, 1, 1, 1, 1, 1, 1, 1, 1, 1, 1, 0, 0, 0, 0, 0, 0, 0, 0, 0, 0, 0, 0, 0, 0, 0, 0, 0, 0, 0, 0, 0, 0, 0]}