{"RTG": [33, 32, 31, 30, 29, 28, 27, 26, 25, 24, 23, 22, 21, 20, 19, 18, 17, 16, 15, 14, 13, 12, 11, 10, 9, 8, 7, 6, 5, 4, 3, 2, 1, 0, 0, 0, 0, 0, 0, 0, 0, 0, 0, 0, 0, 0, 0, 0, 0, 0, 0, 0], "S": [0, 0.1308494504699903, -1.2050087939706549, 0.6982589645466594, 0.9730814183255039, 1.132872154906867, 0.3643491653233505, -1.0269167683512421, 1.1283506934188439, 0.9421555065576516, 0.3782747663821225, -0.034142590711439366, -0.5681424030680832, 0.2045054376024882, 0.040343652882350874, 1.1694360114222457, 1.184145623379665, 1.176806974670785, 1.219837753571638, 1.294516094678491, 1.0542425639738024, -2.201677621553729, -1.182399402186969, 0.7558657355637947, 0.6977617291854273, 0.8132786627774347, 0.4777299050634701, 0.7810947647226019, 1.190400491309068, 2.1300292046727938, 2.1990799042829505, -0.4758467683438055, 2.198622511720558, 2.583789023717434, 2.6732740673741575, -0.4438624640970557, 1.1718425673152988, 1.0887396232185838, -0.5519999276125631, 0.2847659930484283, 1.4579884778504881, -0.5574404173745552, 0.9985969048852414, 0.27244383499665203, 0.09060725392395028, -1.0364517181494661, 0.4534819021847498, 0.4166613326088767, -0.7387734467982239, -0.611716481250362, 1.3153844260682281, -0.2009931560051553], "A": [2.525, 2.42, 2.555, 2.575, 2.595, 2.115, 1.96, 2.215, 2.245, 2.935, 3.09, 0.0, 0.855, 1.045, 0.665, 0.625, 0.53, 0.46, 0.385, 0.32, 1.305, 3.9050000000000002, 4.745, 4.855, 4.6000000000000005, 4.48, 5.0, 4.28, 4.225, 4.205, 3.47, 1.645, 1.675, 1.7, 3.6750000000000003, 3.275, 2.81, 0.155, 3.2, 1.8, 4.0600000000000005, 3.36, 1.155, 1.47, 3.7800000000000002, 0.77, 4.9350000000000005, 3.58, 0.9550000000000001, 2.745, 4.4, 0], "R": [1, 1, 1, 1, 1, 1, 1, 1, 1, 1, 1, 1, 1, 1, 1, 1, 1, 1, 1, 1, 1, 1, 1, 1, 1, 1, 1, 1, 1, 1, 1, 1, 1, 0, 0, 0, 0, 0, 0, 0, 0, 0, 0, 0, 0, 0, 0, 0, 0, 0, 0, 0]}