{"RTG": [19, 18, 17, 16, 15, 14, 13, 12, 11, 10, 9, 8, 7, 6, 5, 4, 3, 2, 1, 0, 0, 0, 0, 0, 0, 0, 0, 0, 0, 0, 0, 0, 0, 0, 0, 0, 0, 0, 0, 0, 0, 0, 0, 0, 0, 0, 0, 0, 0, 0, 0, 0], "S": [0, 0.2847659930484283, -0.2575596417689937, 0.9022883692297691, 1.1380356008066348, 1.2699450427223564, -0.19947597225900737, 0.49351587614176184, -0.5681424030680832, 0.2045054376024882, 0.0866432673157289, 1.1929647133334638, 1.1398863076022887, 1.2207514698396822, 1.2636906207954577, 1.10297997475711, 0.7439499693117351, -0.48797384671598903, 0.37144358779605585, 2.6194882783227276, 2.665056914615652, 1.7290264375923594, 0.624834862100612, 0.4777299050634701, 0.7866678583339837, -0.7260747810041374, 0.7259718516629005, 0.7220419228172474, 0.7810947647226019, -1.0785053980520602, 1.189694727779941, 1.132872154906867, -0.5157422423457501, -1.8790008443431394, -0.5344493610789871, 0.9978997859167429, 1.1283506934188439, 0.7871845460010397, 2.199560797986056, -0.6609873489373203, -1.5023795661589565, -0.6592004082044743, -0.6092041357060602, -0.17560713225483768, 0.3146398464699526, -0.7568219640141731, 0.41543750807331425, 0.5054056779022843, -0.1444384360798626, 0.8085877969105064, 1.723220249425911, 0.40577549456587986], "A": [3.2, 3.12, 3.245, 3.27, 3.3000000000000003, 3.4450000000000003, 2.965, 0.0, 0.855, 1.05, 0.655, 0.6, 0.465, 0.405, 0.325, 0.725, 0.215, 1.52, 1.68, 1.705, 1.7850000000000001, 4.305, 4.48, 4.125, 3.96, 4.68, 4.8500000000000005, 5.0, 2.3850000000000002, 2.705, 2.595, 2.065, 1.2750000000000001, 3.72, 2.82, 2.215, 4.585, 4.21, 1.92, 3.84, 3.605, 0.96, 2.5100000000000002, 1.1500000000000001, 1.415, 4.93, 2.2800000000000002, 0.095, 4.765, 1.62, 2.89, 0], "R": [1, 1, 1, 1, 1, 1, 1, 1, 1, 1, 1, 1, 1, 1, 1, 1, 1, 1, 1, 0, 0, 0, 0, 0, 0, 0, 0, 0, 0, 0, 0, 0, 0, 0, 0, 0, 0, 0, 0, 0, 0, 0, 0, 0, 0, 0, 0, 0, 0, 0, 0, 0]}