{"RTG": [16, 15, 14, 13, 12, 11, 10, 9, 8, 7, 6, 5, 4, 3, 2, 1, 0, 0, 0, 0, 0, 0, 0, 0, 0, 0, 0, 0, 0, 0, 0, 0, 0, 0, 0, 0, 0, 0, 0, 0, 0, 0, 0, 0, 0, 0, 0, 0, 0, 0, 0, 0], "S": [0, 0.3321029361393006, -0.2844192542658805, 0.5821843027492473, 0.5143621100491487, 0.08002013972113022, -0.5441132825174866, -0.5681424030680832, 0.2404961358400748, -0.43538446450642626, 0.6594579003937963, 1.1293561077306389, 1.2005613140987013, 0.6852842044098775, -0.9952350182638754, 2.13684204514209, 2.4602044790854074, 2.6246497070519292, 2.6194882783227276, 0.4777299050634701, 0.7582537177375791, 0.8036415820234936, 0.7810947647226019, 1.190400491309068, 1.4381036978079742, -0.7213851175583837, -1.1127621184986758, 1.1460939208731853, -0.5320126392908179, 1.2247109249108254, -2.1696699967840307, 1.1602292902251623, 1.151436074096337, -1.3287532923747882, 1.1712103381729184, 0.4268874504834266, 1.2699450427223564, -0.2679591565011226, 0.7652276639764811, 0.1321564168933086, 0.18863804225015912, 1.1686108490458247, 0.42103107830772674, 0.42396904460622875, 2.199560797986056, -0.7799098430293636, 1.1935643644957392, -0.1444384360798626, -1.1310010417772167, 0.7690116833676693, -0.3782782412797233, 0.3327416839338406], "A": [3.055, 3.13, 3.015, 2.97, 3.4250000000000003, 3.6350000000000002, 0.0, 0.85, 0.995, 0.735, 0.675, 0.64, 1.84, 1.955, 1.76, 1.735, 1.715, 1.68, 4.48, 4.665, 4.83, 5.0, 4.28, 4.15, 4.015, 2.445, 0.33, 0.21, 0.435, 1.3, 2.695, 2.2, 3.81, 2.605, 2.285, 3.3000000000000003, 4.375, 4.575, 1.475, 2.105, 2.8000000000000003, 1.1300000000000001, 4.92, 4.21, 3.535, 0.52, 0.095, 3.91, 4.75, 1.2, 2.535, 0], "R": [1, 1, 1, 1, 1, 1, 1, 1, 1, 1, 1, 1, 1, 1, 1, 1, 0, 0, 0, 0, 0, 0, 0, 0, 0, 0, 0, 0, 0, 0, 0, 0, 0, 0, 0, 0, 0, 0, 0, 0, 0, 0, 0, 0, 0, 0, 0, 0, 0, 0, 0, 0]}