{"RTG": [7, 6, 5, 4, 3, 2, 1, 0, 0, 0, 0, 0, 0, 0, 0, 0, 0, 0, 0, 0, 0, 0, 0, 0, 0, 0, 0, 0, 0, 0, 0, 0, 0, 0, 0, 0, 0, 0, 0, 0, 0, 0, 0, 0, 0, 0, 0, 0, 0, 0, 0, 0], "S": [0, -0.32750870905583246, -0.6092041357060602, 1.3644503580708482, 0.587534579924061, 1.7290264375923594, 1.9816540052700344, 2.593288167724146, 2.6730387989219673, 0.5804748080628606, -1.0754068804073755, 0.6800540626825456, 1.275078842405209, 0.00646266035523254, 0.07785300854845761, 1.190400491309068, -0.130551393865645, 1.555179369689812, -0.7251050469638722, 0.7810947647226019, 0.7665022349198103, 0.7468985423979649, 1.1678514241253621, 1.2636906207954577, 1.0392373462346414, 0.9978997859167429, 0.4302381124583138, 1.1392762323358923, -2.019375394177136, -0.5109588790481822, 0.6560959005237793, 0.3959299450209885, 0.7299093747335014, -0.5681424030680832, 0.04365670661903363, -1.5129641137469552, -0.7387734467982239, 0.42661607931867784, 1.1037847808441072, 0.28265279438418606, 0.42396904460622875, 2.1880040451103517, -0.7985100098253909, 1.1571444090289609, 0.7690116833676693, 1.1413307041700922, -0.032732204163866366, -0.5320126392908179, 0.5781725177034593, 1.3266242924078386, 0.9985969048852414, -0.03201196311671608], "A": [0.125, 0.96, 1.805, 1.845, 1.7850000000000001, 1.77, 1.72, 1.695, 2.275, 2.45, 2.1350000000000002, 3.305, 3.43, 3.185, 4.28, 4.41, 4.155, 4.0200000000000005, 5.0, 4.84, 4.67, 0.535, 0.405, 0.6900000000000001, 2.82, 2.95, 2.685, 1.285, 3.715, 0.29, 0.8, 4.5600000000000005, 0.0, 1.465, 3.855, 3.58, 1.105, 2.59, 3.06, 4.92, 4.215, 2.045, 0.61, 4.75, 2.21, 1.18, 0.21, 1.55, 2.755, 3.36, 0.88, 0], "R": [1, 1, 1, 1, 1, 1, 1, 0, 0, 0, 0, 0, 0, 0, 0, 0, 0, 0, 0, 0, 0, 0, 0, 0, 0, 0, 0, 0, 0, 0, 0, 0, 0, 0, 0, 0, 0, 0, 0, 0, 0, 0, 0, 0, 0, 0, 0, 0, 0, 0, 0, 0]}