{"RTG": [11, 10, 9, 8, 7, 6, 5, 4, 3, 2, 1, 0, 0, 0, 0, 0, 0, 0, 0, 0, 0, 0, 0, 0, 0, 0, 0, 0, 0, 0, 0, 0, 0, 0, 0, 0, 0, 0, 0, 0, 0, 0, 0, 0, 0, 0, 0, 0, 0, 0, 0, 0], "S": [0, 1.2228604805951775, 1.2200896781036197, 1.1228239058413378, 1.290558467107689, 0.7332462169914621, 0.4155245705262251, -0.5973820916024358, 1.640461454575373, 0.979413961857978, 1.9816540052700344, 2.2096243099566566, 2.648718288939445, 1.2423047404347072, 0.7500898340417048, 1.024040463667378, -1.1987220633160474, 0.4215588852672501, 0.9022883692297691, 0.4633443805678566, -0.5821590646936314, 0.41171617023787066, 0.7582537177375791, 0.8036415820234936, 0.7810947647226019, 1.5186593645993924, 1.555179369689812, -0.7213851175583837, -2.201677621553729, -0.5681424030680832, 0.9242571415201947, -1.2849974428615545, 0.4256092218561636, 0.42661607931867784, 0.8934834654088644, -0.24866560631437654, -0.21130216392220635, 0.7535780975912624, 0.4109152650008146, -0.36679091592001095, 0.42396904460622875, -0.7349959441494497, -0.7250333914407979, 1.0022667714886981, 1.154923932830813, 1.260659837942881, 2.199560797986056, -0.11157989388860974, 2.4252267062251835, -1.1310010417772167, -0.4572802851966546, 0.7690116833676693], "A": [0.485, 0.445, 0.585, 0.36, 0.295, 0.785, 0.9450000000000001, 1.79, 1.825, 1.77, 1.7550000000000001, 1.71, 2.72, 2.845, 2.58, 2.41, 3.045, 3.245, 3.4, 3.625, 4.47, 4.665, 4.83, 5.0, 4.265, 4.155, 4.015, 1.305, 0.0, 2.1550000000000002, 3.805, 1.53, 1.105, 2.25, 3.15, 4.36, 4.57, 2.945, 0.13, 4.92, 2.05, 3.5100000000000002, 0.6950000000000001, 2.645, 3.3200000000000003, 4.21, 1.185, 1.6600000000000001, 3.91, 1.43, 4.75, 0], "R": [1, 1, 1, 1, 1, 1, 1, 1, 1, 1, 1, 0, 0, 0, 0, 0, 0, 0, 0, 0, 0, 0, 0, 0, 0, 0, 0, 0, 0, 0, 0, 0, 0, 0, 0, 0, 0, 0, 0, 0, 0, 0, 0, 0, 0, 0, 0, 0, 0, 0, 0, 0]}