{"RTG": [4, 3, 2, 1, 0, 0, 0, 0, 0, 0, 0, 0, 0, 0, 0, 0, 0, 0, 0, 0, 0, 0, 0, 0, 0, 0, 0, 0, 0, 0, 0, 0, 0, 0, 0, 0, 0, 0, 0, 0, 0, 0, 0, 0, 0, 0, 0, 0, 0, 0, 0, 0], "S": [0, 1.7290264375923594, 1.0768972333907842, 2.060748031034219, 2.2787485889783183, 2.648718288939445, -0.5681424030680832, 1.2243412031117622, 0.7997946265823738, 0.9147600389067359, -1.1442504439522712, 0.49481502529770993, 0.7143651627474831, 0.4633443805678566, -0.6404363206845495, 0.290731299743892, 0.7582537177375791, 0.8036415820234936, 0.7810947647226019, 2.084491255479688, 1.555179369689812, 0.5176853876426791, 0.3409349855768263, 1.184145623379665, 1.2198638448838093, 1.2154017406227207, -0.48797384671598903, 0.13123823407706264, -2.1283174002063725, -1.488154407535072, 0.8710105674086935, 0.3249895437356506, 0.7417519397012445, 0.7881508443671758, 0.9421555065576516, -0.28687307137208434, 0.3782747663821225, -0.6077964200381839, 1.2704887200104722, 1.2473233634412009, -0.7213851175583837, 0.42396904460622875, -0.8566861004606161, -0.5915936314210155, 0.27244383499665203, 1.1637413930916065, -0.1444384360798626, 1.723220249425911, 0.7690116833676693, -0.7057535105063594, -0.8641358306892514, -0.6399272688825074], "A": [1.7850000000000001, 1.82, 1.7650000000000001, 1.75, 1.71, 0.0, 2.715, 2.84, 2.57, 2.395, 3.035, 3.23, 3.4, 3.61, 4.455, 4.665, 4.83, 5.0, 4.23, 4.155, 4.3100000000000005, 0.8300000000000001, 0.625, 0.495, 0.34, 0.215, 1.055, 1.295, 3.865, 2.15, 1.51, 4.565, 0.72, 2.245, 3.1350000000000002, 2.935, 0.9500000000000001, 3.315, 0.41500000000000004, 4.015, 4.92, 2.04, 3.73, 1.155, 2.64, 0.095, 1.62, 4.75, 3.505, 1.41, 2.485, 0], "R": [1, 1, 1, 1, 0, 0, 0, 0, 0, 0, 0, 0, 0, 0, 0, 0, 0, 0, 0, 0, 0, 0, 0, 0, 0, 0, 0, 0, 0, 0, 0, 0, 0, 0, 0, 0, 0, 0, 0, 0, 0, 0, 0, 0, 0, 0, 0, 0, 0, 0, 0, 0]}