{"RTG": [10, 9, 8, 7, 6, 5, 4, 3, 2, 1, 0, 0, 0, 0, 0, 0, 0, 0, 0, 0, 0, 0, 0, 0, 0, 0, 0, 0, 0, 0, 0, 0, 0, 0, 0, 0, 0, 0, 0, 0, 0, 0, 0, 0, 0, 0, 0, 0, 0, 0, 0, 0], "S": [0, 0.6284470719106436, 0.280033209144718, 1.3220304032576353, 1.723220249425911, 1.9226645203488157, 2.1109965038009197, 2.2807160561275923, 2.4252267062251835, 2.583789023717434, -0.5681424030680832, 2.6732740673741575, 1.154923932830813, 1.3006506431464921, 0.35682762061356665, -0.7197448335686071, 0.2847659930484283, 0.2318331862051065, -0.5091648528801574, 0.5317048528935276, 0.7468985423979649, 0.7665022349198103, 0.7810947647226019, 0.8479373402835767, 1.0554799424175512, -0.68423059871148, 0.8771817164369324, 1.128847864961221, 1.2552709899027514, 0.3223835114148992, -0.03201196311671608, 1.0141390956092324, 0.5054056779022843, 0.42661607931867784, -0.7985100098253909, 0.23093654685116718, -1.2849974428615545, -0.6800648534759454, -0.4457386208748614, -0.3935566625341845, -0.7548756490013011, 1.2752776432954898, -0.24919191085202425, 2.199560797986056, 1.2228604805951775, 0.7824357235715943, 1.2066195172364638, 0.40772630398627313, 0.41543750807331425, 0.7765038309941795, -0.9374506081177982, -0.7758314779013478], "A": [1.555, 1.5, 1.6, 1.62, 1.6300000000000001, 1.6400000000000001, 1.6500000000000001, 1.6600000000000001, 1.675, 0.0, 1.7, 2.645, 2.775, 2.9250000000000003, 2.48, 3.2, 3.415, 3.645, 4.49, 4.67, 4.84, 5.0, 4.295, 4.135, 3.985, 0.71, 0.56, 0.41000000000000003, 0.27, 0.88, 2.165, 2.2800000000000002, 1.105, 2.045, 3.065, 3.805, 1.215, 0.14, 1.0, 3.52, 3.31, 4.39, 4.21, 0.485, 4.755, 2.71, 0.79, 4.93, 4.58, 2.37, 1.93, 0], "R": [1, 1, 1, 1, 1, 1, 1, 1, 1, 1, 0, 0, 0, 0, 0, 0, 0, 0, 0, 0, 0, 0, 0, 0, 0, 0, 0, 0, 0, 0, 0, 0, 0, 0, 0, 0, 0, 0, 0, 0, 0, 0, 0, 0, 0, 0, 0, 0, 0, 0, 0, 0]}