{"RTG": [25, 24, 23, 22, 21, 20, 19, 18, 17, 16, 15, 14, 13, 12, 11, 10, 9, 8, 7, 6, 5, 4, 3, 2, 1, 0, 0, 0, 0, 0, 0, 0, 0, 0, 0, 0, 0, 0, 0, 0, 0, 0, 0, 0, 0, 0, 0, 0, 0, 0, 0, 0], "S": [0, -0.7799098430293636, -0.5681424030680832, 0.1642534074841468, -0.6092041357060602, 0.3680109104289028, 0.4949049722078865, 1.1832205329391008, 1.1914882796809394, -2.2383187886964397, 1.0814212867534516, 1.0245921516336474, -0.4345148689017537, -0.2695911284410121, 0.4301388341903039, 0.49481502529770993, 0.14424649044003368, 1.2066195172364638, 1.127721295153221, 1.3223751932371433, 0.6982589645466594, 0.7810947647226019, 0.5209078855902575, 0.7170916018157362, 0.7765038309941795, -0.7085119626694121, 2.6730387989219673, 2.593288167724146, 2.1109965038009197, 0.6560959005237793, 2.014262628658444, 0.6520050202483836, 1.9631888737933478, -0.8835498934886132, 1.2473233634412009, 1.0942090702771463, -1.1442504439522712, 0.02348309645291035, -0.5519999276125631, 0.42103107830772674, 0.23008588075507877, 0.8478622810701648, 0.08002013972113022, 0.5317048528935276, -0.47945674206180294, 1.2198638448838093, 1.1718425673152988, -1.4664759182334537, -0.4757085314032074, -1.054315683292044, -0.11355670144341846, 0.5143621100491487], "A": [3.535, 0.0, 0.86, 0.96, 0.8200000000000001, 0.76, 0.66, 0.63, 1.32, 2.1750000000000003, 2.235, 2.07, 4.38, 2.8850000000000002, 3.035, 3.19, 2.71, 2.67, 2.765, 2.555, 5.0, 4.89, 4.6850000000000005, 4.58, 3.9650000000000003, 1.695, 1.72, 1.6400000000000001, 0.29, 4.18, 4.12, 4.24, 3.765, 0.41500000000000004, 3.35, 2.395, 1.875, 0.155, 1.1300000000000001, 1.49, 4.785, 3.4250000000000003, 4.49, 3.6550000000000002, 0.495, 3.275, 3.87, 1.205, 1.965, 0.075, 2.97, 0], "R": [1, 1, 1, 1, 1, 1, 1, 1, 1, 1, 1, 1, 1, 1, 1, 1, 1, 1, 1, 1, 1, 1, 1, 1, 1, 0, 0, 0, 0, 0, 0, 0, 0, 0, 0, 0, 0, 0, 0, 0, 0, 0, 0, 0, 0, 0, 0, 0, 0, 0, 0, 0]}