{"RTG": [4, 3, 2, 1, 0, 0, 0, 0, 0, 0, 0, 0, 0, 0, 0, 0, 0, 0, 0, 0, 0, 0, 0, 0, 0, 0, 0, 0, 0, 0, 0, 0, 0, 0, 0, 0, 0, 0, 0, 0, 0, 0, 0, 0, 0, 0, 0, 0, 0, 0, 0, 0], "S": [0, 0.4903847194743459, 1.640461454575373, 1.9816540052700344, 2.2096243099566566, 2.6246497070519292, 0.1321564168933086, 0.16895881349534878, -0.5281913749203656, -0.5681424030680832, 1.2766244561205646, 0.6543334699031734, 1.132872154906867, -1.1684325326578182, 0.17769761202432371, 1.2704887200104722, -0.1336677750241096, 0.5033711967483209, 0.8479373402835767, 0.2454218611888777, 1.1870405829024617, -0.7001124557070517, 0.7002211277137405, 0.6466991670257178, 1.2207514698396822, 1.1269664878719414, 1.0000009442743154, 0.7439499693117351, 0.7810947647226019, -0.5109588790481822, 1.050618440940789, -0.6430356987022964, -2.2362571854591744, 2.6194882783227276, -0.35007698439985496, 0.718905993062926, 0.7871845460010397, 0.21421182414513124, -1.512229542652904, -0.7253309927571581, 0.4721344441138844, 2.1880040451103517, 1.2881202542280985, 0.377304667011703, 1.133107637799685, 0.8478622810701648, -0.11803058692131012, 0.6369849008242138, 0.028266080697662052, 0.8848719625808373, 1.1929647133334638, 0.4307974516011793], "A": [1.85, 1.79, 1.77, 1.7550000000000001, 1.715, 1.475, 1.165, 0.93, 0.0, 2.73, 2.855, 2.595, 2.435, 3.0700000000000003, 3.315, 3.44, 3.215, 4.295, 4.45, 4.14, 4.0, 4.7, 4.865, 0.465, 0.59, 0.315, 0.725, 5.0, 3.715, 2.17, 0.185, 1.315, 1.68, 2.075, 2.265, 4.585, 1.065, 3.845, 3.585, 2.96, 4.215, 0.39, 0.8150000000000001, 2.66, 4.785, 0.085, 4.5200000000000005, 2.52, 3.37, 0.655, 4.945, 0], "R": [1, 1, 1, 1, 0, 0, 0, 0, 0, 0, 0, 0, 0, 0, 0, 0, 0, 0, 0, 0, 0, 0, 0, 0, 0, 0, 0, 0, 0, 0, 0, 0, 0, 0, 0, 0, 0, 0, 0, 0, 0, 0, 0, 0, 0, 0, 0, 0, 0, 0, 0, 0]}