{"RTG": [25, 24, 23, 22, 21, 20, 19, 18, 17, 16, 15, 14, 13, 12, 11, 10, 9, 8, 7, 6, 5, 4, 3, 2, 1, 0, 0, 0, 0, 0, 0, 0, 0, 0, 0, 0, 0, 0, 0, 0, 0, 0, 0, 0, 0, 0, 0, 0, 0, 0, 0, 0], "S": [0, -0.8865485997154794, -0.5681424030680832, 0.1642534074841468, -0.6092041357060602, 0.3680109104289028, 0.4949049722078865, 1.1832205329391008, 1.1914882796809394, -2.2383187886964397, 1.0814212867534516, 1.0245921516336474, -0.4345148689017537, 0.8405098459569589, 0.5946153418392212, 0.7582537177375791, 0.6494093557430308, -0.26316966470052044, 0.12372982621026657, 1.2450646428424186, 1.2256976844807996, -0.1336677750241096, 0.7014264433005017, 1.2918036410372127, 1.1485285121397457, -0.17560713225483768, 2.6730387989219673, 2.593288167724146, 2.1109965038009197, 0.6560959005237793, -0.4513534362588481, 1.7668558624147594, 0.025247930055477295, 2.0286591678260097, 1.2473233634412009, 0.7810947647226019, 0.1134268335735682, -0.5519999276125631, 0.42103107830772674, -0.9899543682703261, 0.23008588075507877, 0.5143621100491487, -1.3287532923747882, -0.7387734467982239, 1.2198638448838093, 0.015058671514919365, -0.4757085314032074, 1.132872154906867, -1.0269167683512421, 0.7970323007868108, -0.11355670144341846, 0.8479373402835767], "A": [3.935, 0.0, 0.86, 0.96, 0.8200000000000001, 0.76, 0.66, 0.63, 1.32, 2.1750000000000003, 2.235, 2.07, 4.78, 4.875, 4.665, 4.525, 4.385, 3.075, 3.29, 3.33, 3.44, 2.85, 2.735, 2.69, 2.5100000000000002, 1.695, 1.72, 1.6400000000000001, 0.29, 3.6950000000000003, 4.165, 4.095, 4.235, 0.41500000000000004, 5.0, 1.87, 0.155, 1.1300000000000001, 2.375, 1.49, 2.97, 3.81, 3.58, 0.495, 3.18, 1.205, 2.595, 1.96, 4.59, 0.075, 4.295, 0], "R": [1, 1, 1, 1, 1, 1, 1, 1, 1, 1, 1, 1, 1, 1, 1, 1, 1, 1, 1, 1, 1, 1, 1, 1, 1, 0, 0, 0, 0, 0, 0, 0, 0, 0, 0, 0, 0, 0, 0, 0, 0, 0, 0, 0, 0, 0, 0, 0, 0, 0, 0, 0]}