{"RTG": [30, 29, 28, 27, 26, 25, 24, 23, 22, 21, 20, 19, 18, 17, 16, 15, 14, 13, 12, 11, 10, 9, 8, 7, 6, 5, 4, 3, 2, 1, 0, 0, 0, 0, 0, 0, 0, 0, 0, 0, 0, 0, 0, 0, 0, 0, 0, 0, 0, 0, 0, 0], "S": [0, 0.6136213460770834, 1.2005038616307513, 1.275078842405209, -0.5681424030680832, 0.2045054376024882, 0.0866432673157289, 1.1929647133334638, 1.1398863076022887, 1.2207514698396822, 1.2636906207954577, 1.0542425639738024, 0.7439499693117351, -0.5689652042600516, -1.1958523683721816, 0.8399611402853264, -0.7495170589353438, 1.1260754615276558, -1.0615730161681003, 1.620324142494948, 0.8479373402835767, 1.9631888737933478, 2.1300292046727938, 0.8259366669938637, 0.7824357235715943, 0.4179323833926717, 0.849990625769365, 0.5340475232331015, 1.1392762323358923, 1.024040463667378, -1.1394990942280583, 2.665056914615652, 2.6194882783227276, 2.060748031034219, -0.2575596417689937, -0.3782782412797233, -0.6874175835325607, -0.6592004082044743, 0.5928665680352182, 0.7456394742923096, 0.7810947647226019, -0.611716481250362, -0.5550393478506724, -0.14944533764382856, -1.3264683727487805, 0.8036415820234936, -0.1285737335390223, 0.35893135363273554, -0.7413584525528033, -2.1283174002063725, 0.14065031128985822, 1.3266242924078386], "A": [3.39, 3.335, 3.305, 0.0, 0.855, 1.05, 0.655, 0.6, 0.465, 0.405, 0.32, 0.725, 0.20500000000000002, 1.395, 2.255, 2.355, 2.185, 2.015, 4.26, 4.295, 4.24, 4.225, 4.615, 4.755, 4.925, 2.835, 2.975, 2.685, 2.58, 3.79, 1.705, 1.68, 1.7650000000000001, 3.12, 1.2, 3.99, 3.605, 4.505, 1.565, 5.0, 0.9550000000000001, 2.49, 1.885, 3.89, 4.83, 0.09, 2.9050000000000002, 3.515, 1.295, 4.1, 2.755, 0], "R": [1, 1, 1, 1, 1, 1, 1, 1, 1, 1, 1, 1, 1, 1, 1, 1, 1, 1, 1, 1, 1, 1, 1, 1, 1, 1, 1, 1, 1, 1, 0, 0, 0, 0, 0, 0, 0, 0, 0, 0, 0, 0, 0, 0, 0, 0, 0, 0, 0, 0, 0, 0]}