{"RTG": [20, 19, 18, 17, 16, 15, 14, 13, 12, 11, 10, 9, 8, 7, 6, 5, 4, 3, 2, 1, 0, 0, 0, 0, 0, 0, 0, 0, 0, 0, 0, 0, 0, 0, 0, 0, 0, 0, 0, 0, 0, 0, 0, 0, 0, 0, 0, 0, 0, 0, 0, 0], "S": [0, -0.09834637685729146, 0.3193365979811941, 0.27244383499665203, -0.5651519821379951, -1.1026558432093951, 0.609313522152387, 0.3496659885000683, 1.0887396232185838, 1.2829686885252671, 0.016953564100676687, -0.8865485997154794, 0.8560300178421365, 0.4989637315144307, 0.7259718516629005, 0.6369849008242138, -0.2695911284410121, -0.6833665323328018, 0.8854292108061834, 0.16883208745421255, 2.486335711065681, 2.6640935024130794, 2.4602044790854074, 1.1199013749972255, 0.9625550854276712, 1.2247109249108254, -1.1442504439522712, -0.5681424030680832, 1.7668558624147594, 0.025247930055477295, 2.084491255479688, -0.5613504714487526, 1.2450646428424186, -2.2300291363965816, 1.0675806827655183, 1.1484487020849217, 0.384592971877546, 0.7810947647226019, 0.8848719625808373, 1.2628973292464318, 0.6517420719044649, 0.2053593529541412, 0.2847659930484283, -0.25355152682405413, -0.6016781995881259, 1.1390065784520442, -1.4864591883310811, 0.8058072136235602, 0.3643491653233505, 1.1971315791461121, -0.37205149742952043, 0.9620205374516724], "A": [0.245, 1.08, 1.155, 0.975, 2.005, 2.86, 2.915, 2.81, 2.7800000000000002, 3.085, 3.935, 4.795, 4.8950000000000005, 4.68, 4.5200000000000005, 4.38, 3.5, 1.575, 1.48, 1.665, 1.69, 1.735, 0.5750000000000001, 0.7000000000000001, 0.435, 2.395, 0.0, 4.165, 4.095, 4.23, 3.725, 3.29, 1.325, 2.585, 2.195, 0.81, 5.0, 3.37, 0.35000000000000003, 2.27, 1.865, 3.2, 0.115, 3.62, 2.6550000000000002, 3.835, 4.595, 2.115, 0.635, 2.5, 4.29, 0], "R": [1, 1, 1, 1, 1, 1, 1, 1, 1, 1, 1, 1, 1, 1, 1, 1, 1, 1, 1, 1, 0, 0, 0, 0, 0, 0, 0, 0, 0, 0, 0, 0, 0, 0, 0, 0, 0, 0, 0, 0, 0, 0, 0, 0, 0, 0, 0, 0, 0, 0, 0, 0]}