{"RTG": [24, 23, 22, 21, 20, 19, 18, 17, 16, 15, 14, 13, 12, 11, 10, 9, 8, 7, 6, 5, 4, 3, 2, 1, 0, 0, 0, 0, 0, 0, 0, 0, 0, 0, 0, 0, 0, 0, 0, 0, 0, 0, 0, 0, 0, 0, 0, 0, 0, 0, 0, 0], "S": [0, -0.19572881840451012, -0.5681424030680832, -0.9971860540038541, 0.45867151981736537, 0.4109152650008146, 1.2829686885252671, 1.3153844260682281, -0.034142590711439366, -0.8086308259890348, 0.8564619056302556, 0.47891439095336297, 0.7170916018157362, 0.6369849008242138, -0.2695911284410121, 1.14814577970639, 1.1514880559381484, 0.40772630398627313, 1.2226063038826296, 1.2636906207954577, 1.0000009442743154, 1.04671108121588, 0.3249895437356506, 2.356485375892664, 2.583789023717434, 2.6732740673741575, -0.7413584525528033, -1.1142781305849165, -0.43538446450642626, 1.7668558624147594, 2.0286591678260097, 1.2699450427223564, -0.5915936314210155, -2.143210685552774, -0.6238152741688394, 1.1490434588248564, 0.9730814183255039, 0.7554559803553068, 0.29901449907859046, 0.7810947647226019, 0.4304544603542519, -0.4354061667458947, 0.7486707964918938, 0.3954010906932002, -1.4864591883310811, -0.5821590646936314, -0.37205149742952043, 0.8132786627774347, -0.08708410671312418, 0.4268874504834266, -0.11299887448909537, 1.1464646165049321], "A": [1.19, 0.0, 2.025, 2.88, 2.945, 2.7800000000000002, 2.745, 3.09, 3.9450000000000003, 4.8, 4.9, 4.6850000000000005, 4.5200000000000005, 4.38, 0.605, 0.67, 0.79, 0.47500000000000003, 0.405, 0.315, 1.585, 1.51, 1.655, 1.675, 1.7, 3.515, 2.39, 0.995, 4.165, 4.235, 3.3000000000000003, 3.73, 1.34, 0.17, 2.205, 2.575, 3.38, 1.86, 5.0, 3.21, 4.07, 2.14, 1.095, 3.835, 3.625, 2.5, 4.6000000000000005, 0.885, 2.285, 0.08, 2.65, 0], "R": [1, 1, 1, 1, 1, 1, 1, 1, 1, 1, 1, 1, 1, 1, 1, 1, 1, 1, 1, 1, 1, 1, 1, 1, 0, 0, 0, 0, 0, 0, 0, 0, 0, 0, 0, 0, 0, 0, 0, 0, 0, 0, 0, 0, 0, 0, 0, 0, 0, 0, 0, 0]}