{"RTG": [24, 23, 22, 21, 20, 19, 18, 17, 16, 15, 14, 13, 12, 11, 10, 9, 8, 7, 6, 5, 4, 3, 2, 1, 0, 0, 0, 0, 0, 0, 0, 0, 0, 0, 0, 0, 0, 0, 0, 0, 0, 0, 0, 0, 0, 0, 0, 0, 0, 0, 0, 0], "S": [0, -1.5129641137469552, -0.5681424030680832, 0.1642534074841468, -0.6092041357060602, 0.3680109104289028, 0.4949049722078865, 1.1832205329391008, 1.1914882796809394, -2.2383187886964397, 1.0814212867534516, 1.0245921516336474, -0.4345148689017537, 0.6985273081722505, 0.8418830957241761, 0.4166613326088767, 0.6951830673805045, 0.002822489698097361, 0.46043837533281906, 0.07785300854845761, 0.3857365692963434, 1.2066195172364638, 1.127721295153221, 1.3223751932371433, 0.6137687486908822, 2.6730387989219673, 2.593288167724146, 2.1109965038009197, -0.6286623709632781, 0.6560959005237793, 1.66510693211448, -0.3605851279422107, 1.9631888737933478, 1.2473233634412009, -0.4672195710409025, 1.2256976844807996, 0.1134268335735682, -0.5519999276125631, -1.1442504439522712, 0.42103107830772674, 0.23008588075507877, 0.7810947647226019, 1.2198638448838093, 0.41465958780389967, 0.5392684839855656, -0.7433870189333005, -0.4757085314032074, 0.8250163897131615, -1.054315683292044, -0.7085119626694121, -0.16817882155834474, -0.11355670144341846], "A": [3.855, 0.0, 0.86, 0.96, 0.8200000000000001, 0.76, 0.66, 0.63, 1.32, 2.1750000000000003, 2.235, 2.07, 4.705, 4.815, 4.9350000000000005, 4.545, 4.425, 3.04, 3.185, 2.895, 2.71, 2.67, 2.765, 2.5500000000000003, 1.695, 1.72, 1.6400000000000001, 3.49, 0.29, 4.16, 4.075, 4.24, 0.41500000000000004, 3.66, 3.33, 1.87, 0.155, 2.395, 1.1300000000000001, 1.49, 5.0, 0.495, 4.315, 3.395, 3.75, 1.205, 4.625, 1.965, 3.9650000000000003, 3.105, 0.075, 0], "R": [1, 1, 1, 1, 1, 1, 1, 1, 1, 1, 1, 1, 1, 1, 1, 1, 1, 1, 1, 1, 1, 1, 1, 1, 0, 0, 0, 0, 0, 0, 0, 0, 0, 0, 0, 0, 0, 0, 0, 0, 0, 0, 0, 0, 0, 0, 0, 0, 0, 0, 0, 0]}