{"RTG": [21, 20, 19, 18, 17, 16, 15, 14, 13, 12, 11, 10, 9, 8, 7, 6, 5, 4, 3, 2, 1, 0, 0, 0, 0, 0, 0, 0, 0, 0, 0, 0, 0, 0, 0, 0, 0, 0, 0, 0, 0, 0, 0, 0, 0, 0, 0, 0, 0, 0, 0, 0], "S": [0, 0.6543334699031734, 1.1686108490458247, 1.3223751932371433, 1.1392762323358923, -0.074182758754499, -0.5681424030680832, 0.2992456858903939, -0.2543664896025655, 1.1514880559381484, 1.1398863076022887, 1.2230482233664581, 1.2552709899027514, 1.0000009442743154, -0.4909143663015248, 0.7065887481278916, 0.7468985423979649, 0.8418830957241761, 0.41543750807331425, -0.1681685232451838, 2.060748031034219, 2.4602044790854074, 2.648718288939445, 2.486335711065681, -1.0615730161681003, 1.2699450427223564, 0.15531055956049092, -0.043400782201073435, -0.5574404173745552, -2.1696699967840307, 0.4268874504834266, -0.6238152741688394, -1.3684260504266743, 2.084491255479688, 2.014262628658444, 1.0814212867534516, -0.7609918060846543, 0.16883208745421255, 0.5243572241097797, 0.4035438731462402, -1.168351323450353, 0.7810947647226019, 0.4949049722078865, -0.3881858065598431, 0.624834862100612, 0.7558657355637947, -1.1897812690263538, -0.11299887448909537, -0.9737435211646027, 1.132872154906867, -0.5281913749203656, 0.27750730430012266], "A": [2.855, 2.8000000000000003, 2.765, 2.685, 2.515, 0.0, 0.84, 1.0150000000000001, 0.67, 0.6, 0.48, 0.41000000000000003, 0.315, 3.71, 4.55, 4.67, 4.815, 4.93, 4.405, 1.7650000000000001, 1.735, 1.71, 1.665, 2.015, 3.3000000000000003, 3.42, 3.1750000000000003, 4.0600000000000005, 1.3, 2.285, 0.17, 3.8850000000000002, 4.23, 4.18, 2.1750000000000003, 3.5700000000000003, 1.48, 3.0300000000000002, 1.135, 2.4, 5.0, 0.76, 1.9000000000000001, 4.305, 4.745, 3.795, 0.08, 1.405, 2.595, 0.93, 2.11, 0], "R": [1, 1, 1, 1, 1, 1, 1, 1, 1, 1, 1, 1, 1, 1, 1, 1, 1, 1, 1, 1, 1, 0, 0, 0, 0, 0, 0, 0, 0, 0, 0, 0, 0, 0, 0, 0, 0, 0, 0, 0, 0, 0, 0, 0, 0, 0, 0, 0, 0, 0, 0, 0]}