{"RTG": [28, 27, 26, 25, 24, 23, 22, 21, 20, 19, 18, 17, 16, 15, 14, 13, 12, 11, 10, 9, 8, 7, 6, 5, 4, 3, 2, 1, 0, 0, 0, 0, 0, 0, 0, 0, 0, 0, 0, 0, 0, 0, 0, 0, 0, 0, 0, 0, 0, 0, 0, 0], "S": [0, 0.10777792340828776, 0.13123823407706264, -0.49337631073269567, 0.42661607931867784, 1.184145623379665, 1.1228239058413378, 1.0022667714886981, 1.2247109249108254, 1.294516094678491, 0.8758965088053228, -1.0323222330279518, 0.6543334699031734, 0.5519536381881391, 1.2066195172364638, 1.1464646165049321, -0.074182758754499, -0.28174751465887515, -0.7085119626694121, 0.8564619056302556, 0.47891439095336297, 0.7170916018157362, 0.6369849008242138, -0.26316966470052044, -0.7848058643362025, 1.4202812468229182, 2.1109965038009197, 2.4252267062251835, 2.583789023717434, 2.6732740673741575, -0.5681424030680832, 0.5054056779022843, -1.3062435570172963, 1.9421985709844345, 2.0286591678260097, 1.2005038616307513, -0.7880611165295308, -0.5193532046837243, 0.1134268335735682, 1.050618440940789, 0.2318331862051065, 0.7810947647226019, 0.9578542139492628, -1.1442504439522712, -0.18412100953310084, 0.384592971877546, -1.5129641137469552, -0.49352352380335235, 0.8132786627774347, -2.019375394177136, 0.37860667503134976, 0.18863804225015912], "A": [1.17, 1.055, 0.925, 1.105, 0.625, 0.585, 0.6950000000000001, 0.435, 0.385, 0.305, 2.02, 2.855, 2.98, 2.71, 2.65, 2.515, 3.14, 3.9650000000000003, 4.8, 4.9, 4.6850000000000005, 4.5200000000000005, 4.385, 3.545, 1.605, 1.6400000000000001, 1.6600000000000001, 1.675, 1.7, 0.0, 2.2800000000000002, 1.3900000000000001, 4.175, 4.235, 3.335, 3.755, 0.15, 1.87, 2.17, 3.415, 5.0, 3.25, 2.395, 4.085, 0.81, 3.855, 3.65, 4.6000000000000005, 1.285, 3.0500000000000003, 2.105, 0], "R": [1, 1, 1, 1, 1, 1, 1, 1, 1, 1, 1, 1, 1, 1, 1, 1, 1, 1, 1, 1, 1, 1, 1, 1, 1, 1, 1, 1, 0, 0, 0, 0, 0, 0, 0, 0, 0, 0, 0, 0, 0, 0, 0, 0, 0, 0, 0, 0, 0, 0, 0, 0]}