{"RTG": [8, 7, 6, 5, 4, 3, 2, 1, 0, 0, 0, 0, 0, 0, 0, 0, 0, 0, 0, 0, 0, 0, 0, 0, 0, 0, 0, 0, 0, 0, 0, 0, 0, 0, 0, 0, 0, 0, 0, 0, 0, 0, 0, 0, 0, 0, 0, 0, 0, 0, 0, 0], "S": [0, 1.2005613140987013, 1.1398863076022887, 0.8327877808682069, 1.2552709899027514, 1.2978622792095647, 0.49295855336629363, 0.6842214616603056, 2.6194882783227276, 2.665056914615652, 1.2696251559757619, 1.154923932830813, 1.3006506431464921, 0.35130374988897833, -0.7197448335686071, 0.5754088667607283, 0.5392684839855656, -0.7104987145618867, 0.14978629205510915, 0.7259718516629005, 0.7450548739706984, 0.7810947647226019, 2.124266822246258, 0.5188737380858635, 1.8063011458935552, 0.4327458304589763, -2.1696699967840307, -0.5651519821379951, 0.529575855818755, -0.5681424030680832, -1.4376841077764138, 0.6517420719044649, 0.06986426174581307, -1.1185111654206692, 0.7417519397012445, -0.36679091592001095, 0.27208023610146237, 1.2752776432954898, -0.8169671187903633, -0.7486598192425545, 0.4179323833926717, -0.28307668106601713, 1.2066195172364638, -0.4513534362588481, 0.7957554899833702, 1.1484487020849217, -0.07443101875082657, -0.28478069236999004, 0.5942894159677002, -0.6286623709632781, 2.404467632602444, 0.9147600389067359], "A": [0.64, 0.6, 0.715, 0.41000000000000003, 0.365, 0.28, 1.56, 1.68, 1.705, 1.81, 2.645, 2.775, 2.92, 2.48, 3.22, 3.395, 3.59, 4.44, 4.68, 4.845, 5.0, 4.19, 4.115, 4.25, 1.125, 1.3, 0.975, 2.125, 0.0, 3.825, 2.27, 3.08, 1.985, 4.565, 0.13, 0.845, 3.31, 2.36, 3.955, 4.925, 1.44, 2.71, 3.6950000000000003, 4.76, 2.195, 4.345, 1.195, 3.0, 3.49, 1.74, 2.57, 0], "R": [1, 1, 1, 1, 1, 1, 1, 1, 0, 0, 0, 0, 0, 0, 0, 0, 0, 0, 0, 0, 0, 0, 0, 0, 0, 0, 0, 0, 0, 0, 0, 0, 0, 0, 0, 0, 0, 0, 0, 0, 0, 0, 0, 0, 0, 0, 0, 0, 0, 0, 0, 0]}