{"RTG": [15, 14, 13, 12, 11, 10, 9, 8, 7, 6, 5, 4, 3, 2, 1, 0, 0, 0, 0, 0, 0, 0, 0, 0, 0, 0, 0, 0, 0, 0, 0, 0, 0, 0, 0, 0, 0, 0, 0, 0, 0, 0, 0, 0, 0, 0, 0, 0, 0, 0, 0, 0], "S": [0, -0.09101694669670529, -0.5681424030680832, 0.2404961358400748, -0.5573659080551784, 0.377304667011703, -0.28174751465887515, -0.6841722909757619, 0.8036415820234936, 0.5690923241108877, 0.8405098459569589, 0.8250163897131615, 0.7417519397012445, -0.1681685232451838, 2.198622511720558, 2.583789023717434, 2.6732740673741575, -0.7202755602478425, 1.2243412031117622, 1.1037847808441072, 0.5668338030505861, -0.7840024552976274, 1.2636906207954577, 1.176806974670785, 0.1500898090710972, -2.019375394177136, 2.186387029405289, 1.314995406442874, 1.620324142494948, -1.0364517181494661, 1.2005038616307513, 0.6800540626825456, -0.8626716533395865, 1.201293032425701, 0.5800560575903002, 0.2318331862051065, 0.04365670661903363, -0.36679091592001095, 0.43977288007454873, 0.7810947647226019, 0.9578542139492628, 1.1283506934188439, 1.640461454575373, -0.4570567081919362, 1.1390065784520442, -1.3684260504266743, 1.2154017406227207, -0.8566861004606161, -0.11157989388860974, 1.2033515197286617, 0.8771817164369324, -1.1958523683721816], "A": [2.315, 0.0, 0.85, 0.935, 0.8150000000000001, 3.14, 3.98, 4.83, 4.88, 4.78, 4.625, 4.565, 4.405, 1.645, 1.675, 1.7, 1.925, 2.715, 2.59, 2.865, 3.5500000000000003, 0.405, 0.53, 0.26, 1.285, 4.2, 4.1450000000000005, 4.26, 3.7800000000000002, 3.335, 2.1350000000000002, 2.47, 0.645, 2.99, 3.415, 1.465, 0.13, 1.115, 5.0, 3.25, 2.215, 1.79, 3.665, 2.6550000000000002, 3.8850000000000002, 0.34, 2.04, 1.185, 2.795, 0.71, 1.395, 0], "R": [1, 1, 1, 1, 1, 1, 1, 1, 1, 1, 1, 1, 1, 1, 1, 0, 0, 0, 0, 0, 0, 0, 0, 0, 0, 0, 0, 0, 0, 0, 0, 0, 0, 0, 0, 0, 0, 0, 0, 0, 0, 0, 0, 0, 0, 0, 0, 0, 0, 0, 0, 0]}