{"RTG": [19, 18, 17, 16, 15, 14, 13, 12, 11, 10, 9, 8, 7, 6, 5, 4, 3, 2, 1, 0, 0, 0, 0, 0, 0, 0, 0, 0, 0, 0, 0, 0, 0, 0, 0, 0, 0, 0, 0, 0, 0, 0, 0, 0, 0, 0, 0, 0, 0, 0, 0, 0], "S": [0, 1.1464646165049321, 1.1815012598688805, 0.1308494504699903, -0.5681424030680832, 0.2045054376024882, 0.040343652882350874, 1.1832205329391008, 1.1756294449900588, 1.2008932538035024, 1.219269979845113, 1.2978622792095647, 0.8758965088053228, 0.6203485783512641, -0.7548756490013011, -0.2679591565011226, 2.060748031034219, 1.550053509588688, 2.3438345106132012, 2.5551020877188306, 2.6732740673741575, 0.7810947647226019, 0.7665022349198103, 0.7582537177375791, -0.7260747810041374, -0.08257389710244357, -2.1696699967840307, 1.1484487020849217, -0.17397932286250575, 0.08706900542463383, 0.3857365692963434, 1.2450646428424186, 2.014262628658444, 0.6520050202483836, 1.9631888737933478, -0.8348946779313645, 0.6951830673805045, 0.8219396147231978, 0.16883208745421255, -0.4064917918700017, 1.2341595925880817, 0.2847659930484283, 0.3146398464699526, 0.42396904460622875, -0.5091648528801574, 0.7690116833676693, 0.5891517867554916, -0.6077964200381839, -1.488154407535072, -1.1095620561736692, -1.186524735350794, 0.41171617023787066], "A": [2.65, 2.61, 2.525, 0.0, 0.855, 1.045, 0.66, 0.62, 0.515, 0.455, 0.365, 0.305, 0.74, 3.52, 4.375, 1.7650000000000001, 1.795, 1.745, 1.725, 1.7, 5.0, 4.84, 4.665, 3.96, 3.095, 1.3, 2.195, 2.085, 2.305, 2.895, 3.29, 4.18, 4.12, 4.24, 3.7600000000000002, 4.545, 3.375, 1.48, 0.135, 2.79, 3.2, 1.1500000000000001, 4.92, 3.645, 4.75, 2.995, 0.9500000000000001, 3.865, 1.98, 2.4050000000000002, 4.47, 0], "R": [1, 1, 1, 1, 1, 1, 1, 1, 1, 1, 1, 1, 1, 1, 1, 1, 1, 1, 1, 0, 0, 0, 0, 0, 0, 0, 0, 0, 0, 0, 0, 0, 0, 0, 0, 0, 0, 0, 0, 0, 0, 0, 0, 0, 0, 0, 0, 0, 0, 0, 0, 0]}