{"RTG": [19, 18, 17, 16, 15, 14, 13, 12, 11, 10, 9, 8, 7, 6, 5, 4, 3, 2, 1, 0, 0, 0, 0, 0, 0, 0, 0, 0, 0, 0, 0, 0, 0, 0, 0, 0, 0, 0, 0, 0, 0, 0, 0, 0, 0, 0, 0, 0, 0, 0, 0, 0], "S": [0, 0.5273213368525247, 1.0887396232185838, 1.3006506431464921, 1.2766244561205646, 0.015058671514919365, -0.5960565376578272, -0.5681424030680832, 0.2992456858903939, -0.2543664896025655, 1.1293561077306389, 1.14814577970639, 1.221849818761846, 1.240122479297734, 1.10297997475711, -0.4371655090445092, 0.587534579924061, -1.0957773882808306, 2.2787485889783183, 2.5551020877188306, 2.6732740673741575, 0.3249895437356506, 0.13840231823318014, 0.7652276639764811, 0.7318721648963916, 0.43333794832263955, -0.3605851279422107, -0.9374506081177982, -1.1394990942280583, -1.7985319445633705, 1.1065611909486615, 0.33376010508273046, 1.260659837942881, 0.5241625713457142, 0.7810947647226019, 0.46043837533281906, 2.1990799042829505, -0.5441132825174866, -0.9311057892287455, 0.27750730430012266, 0.42103107830772674, 1.723220249425911, 1.7668558624147594, -1.0846614795250824, 0.6858565367473983, 0.8418830957241761, 0.718905993062926, -0.1444384360798626, 0.4949049722078865, 1.1867253408604772, 0.791505350158265, -0.5281913749203656], "A": [2.87, 2.81, 2.775, 2.73, 3.18, 3.485, 0.0, 0.84, 1.0150000000000001, 0.675, 0.605, 0.49, 0.42, 0.325, 0.22, 1.845, 1.975, 1.75, 1.725, 1.7, 1.51, 4.33, 4.575, 4.735, 4.915, 4.075, 2.37, 3.79, 1.27, 2.18, 4.46, 3.3200000000000003, 2.545, 5.0, 3.04, 4.205, 3.6350000000000002, 3.93, 2.11, 1.1300000000000001, 1.62, 4.165, 1.4000000000000001, 3.3850000000000002, 4.815, 2.265, 0.095, 0.76, 2.615, 4.65, 0.93, 0], "R": [1, 1, 1, 1, 1, 1, 1, 1, 1, 1, 1, 1, 1, 1, 1, 1, 1, 1, 1, 0, 0, 0, 0, 0, 0, 0, 0, 0, 0, 0, 0, 0, 0, 0, 0, 0, 0, 0, 0, 0, 0, 0, 0, 0, 0, 0, 0, 0, 0, 0, 0, 0]}