{"RTG": [17, 16, 15, 14, 13, 12, 11, 10, 9, 8, 7, 6, 5, 4, 3, 2, 1, 0, 0, 0, 0, 0, 0, 0, 0, 0, 0, 0, 0, 0, 0, 0, 0, 0, 0, 0, 0, 0, 0, 0, 0, 0, 0, 0, 0, 0, 0, 0, 0, 0, 0, 0], "S": [0, -0.17560713225483768, -0.5681424030680832, 0.2404961358400748, -0.5573659080551784, 0.377304667011703, 1.1701627407828141, 0.7554559803553068, 1.2752776432954898, 1.8888071569415663, 1.3027192822091056, 2.1300292046727938, 2.186387029405289, 0.8164466281105316, 0.8405098459569589, 0.4307974516011793, 2.4602044790854074, 2.060748031034219, 2.648718288939445, 2.486335711065681, -1.0615730161681003, 0.4301388341903039, 0.28265279438418606, 1.2636906207954577, 1.176806974670785, 0.1500898090710972, -0.984767779832423, -2.078054622311628, 1.2243412031117622, 0.4268874504834266, 0.6090386641418352, 1.2005613140987013, -0.7486598192425545, -0.6944213635994284, 1.1795391579642154, 1.0814212867534516, 0.1321564168933086, 0.43977288007454873, -0.36679091592001095, -0.1445968462172942, 0.672534868209102, -1.1142781305849165, 0.5143621100491487, -0.3881858065598431, 0.7810947647226019, 1.2154017406227207, -0.11157989388860974, -0.6434383622202263, 1.2341595925880817, -0.44151905624948234, 0.10058988888118321, 0.6284470719106436], "A": [2.5100000000000002, 0.0, 0.85, 0.935, 0.8150000000000001, 3.34, 3.38, 3.31, 4.245, 4.275, 4.225, 4.2, 4.635, 4.78, 4.945, 1.735, 1.7650000000000001, 1.71, 1.665, 2.015, 2.8850000000000002, 3.06, 0.405, 0.53, 0.26, 3.775, 1.29, 2.715, 2.285, 4.51, 0.64, 3.955, 3.595, 2.63, 2.1750000000000003, 1.475, 1.115, 0.13, 3.165, 4.86, 2.39, 2.97, 1.9000000000000001, 5.0, 0.34, 1.185, 4.05, 2.79, 3.685, 4.4350000000000005, 1.555, 0], "R": [1, 1, 1, 1, 1, 1, 1, 1, 1, 1, 1, 1, 1, 1, 1, 1, 1, 0, 0, 0, 0, 0, 0, 0, 0, 0, 0, 0, 0, 0, 0, 0, 0, 0, 0, 0, 0, 0, 0, 0, 0, 0, 0, 0, 0, 0, 0, 0, 0, 0, 0, 0]}