{"RTG": [7, 6, 5, 4, 3, 2, 1, 0, 0, 0, 0, 0, 0, 0, 0, 0, 0, 0, 0, 0, 0, 0, 0, 0, 0, 0, 0, 0, 0, 0, 0, 0, 0, 0, 0, 0, 0, 0, 0, 0, 0, 0, 0, 0, 0, 0, 0, 0, 0, 0, 0, 0], "S": [0, -0.6004221706752727, -0.5681424030680832, 0.979413961857978, 0.1134268335735682, 1.3644503580708482, 1.7290264375923594, 2.4602044790854074, 2.6246497070519292, 0.9858819527773454, -1.0785053980520602, 0.6068916248446233, 0.8429601913364685, 0.5392684839855656, 0.12372982621026657, -0.6592004082044743, 0.2454218611888777, 0.7468985423979649, 0.7861115957725884, 0.7810947647226019, 2.1646963807230764, 1.4381036978079742, 0.9620205374516724, 1.2230482233664581, 1.14814577970639, 1.10297997475711, 0.5840020559624679, 1.3006506431464921, 1.133107637799685, 0.37011310999987346, -2.201677621553729, -0.6208283504421773, -1.5129641137469552, 0.7417519397012445, 0.3249895437356506, 0.43977288007454873, 0.6137687486908822, 1.2722439051238437, -0.7001124557070517, 0.42396904460622875, -0.6286623709632781, 0.27208023610146237, -0.5613504714487526, 1.2752776432954898, 0.7690116833676693, 0.5800560575903002, -0.19572881840451012, 1.723220249425911, -0.1285737335390223, -0.7349959441494497, -0.6527118419102764, -0.7940973879101138], "A": [0.965, 0.0, 1.825, 1.87, 1.805, 1.7850000000000001, 1.735, 1.715, 2.24, 2.3850000000000002, 2.13, 3.24, 3.395, 3.075, 3.605, 4.45, 4.67, 4.835, 5.0, 4.22, 4.15, 4.29, 0.48, 0.605, 0.325, 0.745, 2.775, 2.66, 2.9, 1.305, 0.195, 3.855, 4.565, 1.51, 1.115, 2.5500000000000003, 0.4, 4.0, 4.92, 3.49, 0.845, 3.725, 3.31, 4.75, 2.99, 1.19, 1.62, 0.09, 2.05, 1.42, 2.475, 0], "R": [1, 1, 1, 1, 1, 1, 1, 0, 0, 0, 0, 0, 0, 0, 0, 0, 0, 0, 0, 0, 0, 0, 0, 0, 0, 0, 0, 0, 0, 0, 0, 0, 0, 0, 0, 0, 0, 0, 0, 0, 0, 0, 0, 0, 0, 0, 0, 0, 0, 0, 0, 0]}