{"RTG": [27, 26, 25, 24, 23, 22, 21, 20, 19, 18, 17, 16, 15, 14, 13, 12, 11, 10, 9, 8, 7, 6, 5, 4, 3, 2, 1, 0, 0, 0, 0, 0, 0, 0, 0, 0, 0, 0, 0, 0, 0, 0, 0, 0, 0, 0, 0, 0, 0, 0, 0, 0], "S": [0, 1.3266242924078386, 1.2243412031117622, 0.9978997859167429, -0.5681424030680832, 0.2045054376024882, 0.0866432673157289, 1.1929647133334638, 1.1327279928260916, 1.219269979845113, 1.294516094678491, 0.8758965088053228, -2.078054622311628, -0.44919934217062807, 0.6369849008242138, 0.8011459087892528, 0.8313089284247416, 0.47891439095336297, -0.21130216392220635, -1.0615730161681003, 0.9022883692297691, -0.24866560631437654, 1.2457424006890583, 0.2318331862051065, -1.0754068804073755, -0.7213851175583837, 2.486335711065681, 2.018703006539025, 2.6462676611234475, 2.4602044790854074, 1.0245921516336474, 2.1614265129414165, 1.314995406442874, -1.4864591883310811, -0.5519999276125631, 0.5519536381881391, 0.7810947647226019, 1.8063011458935552, 0.8710105674086935, -0.7811408998812415, -0.2050297928400839, 0.5210538878624557, 0.1134268335735682, 1.024040463667378, 0.3146398464699526, -0.26836271666857353, -0.6077964200381839, 0.37860667503134976, 0.6989865678173576, -0.9785792591984844, -0.11355670144341846, 0.2454218611888777], "A": [2.755, 2.715, 2.82, 0.0, 0.855, 1.05, 0.655, 0.595, 0.455, 0.385, 0.305, 1.29, 3.67, 4.5200000000000005, 4.6450000000000005, 4.775, 4.9, 4.36, 2.015, 3.245, 3.15, 3.325, 3.415, 2.45, 4.015, 1.665, 1.635, 1.685, 1.735, 2.235, 4.195, 4.1450000000000005, 3.835, 0.155, 2.98, 5.0, 4.25, 2.15, 3.555, 1.445, 0.755, 1.87, 2.58, 1.1500000000000001, 2.325, 0.9500000000000001, 3.0500000000000003, 4.71, 3.9250000000000003, 0.075, 4.45, 0], "R": [1, 1, 1, 1, 1, 1, 1, 1, 1, 1, 1, 1, 1, 1, 1, 1, 1, 1, 1, 1, 1, 1, 1, 1, 1, 1, 1, 0, 0, 0, 0, 0, 0, 0, 0, 0, 0, 0, 0, 0, 0, 0, 0, 0, 0, 0, 0, 0, 0, 0, 0, 0]}