{"RTG": [26, 25, 24, 23, 22, 21, 20, 19, 18, 17, 16, 15, 14, 13, 12, 11, 10, 9, 8, 7, 6, 5, 4, 3, 2, 1, 0, 0, 0, 0, 0, 0, 0, 0, 0, 0, 0, 0, 0, 0, 0, 0, 0, 0, 0, 0, 0, 0, 0, 0, 0, 0], "S": [0, -0.526117465012331, -0.5681424030680832, 0.1642534074841468, -0.6092041357060602, 0.3680109104289028, 0.4949049722078865, 1.1832205329391008, 1.1914882796809394, -2.2383187886964397, 1.0814212867534516, 1.0245921516336474, -0.4345148689017537, 0.4777299050634701, 0.826452834105411, 0.7131136754895187, 0.5690923241108877, 0.7810947647226019, 0.7352255488802192, 2.124266822246258, 1.66510693211448, 2.199560797986056, 0.39342310011908804, -0.2844192542658805, 1.3265893946558156, 1.1464646165049321, -0.46555971502504534, 2.6732740673741575, 2.583789023717434, 2.2787485889783183, 0.6560959005237793, 0.7554559803553068, -1.5129641137469552, 1.2473233634412009, -0.6286623709632781, 1.1718425673152988, 0.3971961720618536, -0.5519999276125631, 0.42103107830772674, -0.3881858065598431, 0.7500898340417048, -0.8797078913319923, 1.2198638448838093, -0.6841722909757619, -0.6250762041214045, 0.49481502529770993, -0.5765074546122056, 0.8542846964258753, -0.28307668106601713, 1.024040463667378, 0.7065887481278916, -0.11355670144341846], "A": [3.64, 0.0, 0.86, 0.96, 0.8200000000000001, 0.76, 0.66, 0.63, 1.32, 2.1750000000000003, 2.235, 2.07, 4.48, 4.62, 4.7250000000000005, 4.88, 5.0, 4.3, 4.19, 4.16, 4.21, 2.94, 3.13, 2.7600000000000002, 2.65, 2.495, 1.7, 1.675, 1.75, 0.29, 3.38, 3.855, 0.41500000000000004, 3.49, 3.275, 1.5250000000000001, 0.155, 1.1300000000000001, 1.9000000000000001, 2.845, 2.365, 0.495, 3.98, 3.735, 3.035, 1.21, 4.805, 1.44, 2.58, 4.55, 0.075, 0], "R": [1, 1, 1, 1, 1, 1, 1, 1, 1, 1, 1, 1, 1, 1, 1, 1, 1, 1, 1, 1, 1, 1, 1, 1, 1, 1, 0, 0, 0, 0, 0, 0, 0, 0, 0, 0, 0, 0, 0, 0, 0, 0, 0, 0, 0, 0, 0, 0, 0, 0, 0, 0]}