{"RTG": [7, 6, 5, 4, 3, 2, 1, 0, 0, 0, 0, 0, 0, 0, 0, 0, 0, 0, 0, 0, 0, 0, 0, 0, 0, 0, 0, 0, 0, 0, 0, 0, 0, 0, 0, 0, 0, 0, 0, 0, 0, 0, 0, 0, 0, 0, 0, 0, 0, 0, 0, 0], "S": [0, 1.4202812468229182, 0.8127354545276446, 1.8238428669741287, 2.018703006539025, 2.198622511720558, 2.356485375892664, 2.486335711065681, 2.6732740673741575, -1.7120879587304418, -0.5681424030680832, 1.1795391579642154, 1.3265893946558156, 0.35893135363273554, -0.9252293777902464, 0.21347584363378308, 0.15531055956049092, -0.4570567081919362, 0.5928665680352182, 0.7259718516629005, 0.6977617291854273, 0.41465958780389967, 0.7810947647226019, 0.38850455016500957, 1.184145623379665, 1.2198638448838093, 1.2154017406227207, 0.4254157691859527, -0.5320126392908179, -0.9785792591984844, 0.7486707964918938, -0.5651519821379951, 0.718905993062926, 0.3321029361393006, -1.1026558432093951, 2.199560797986056, -0.7799098430293636, 1.2752776432954898, 1.2473233634412009, -1.1897812690263538, 0.42661607931867784, 0.7970323007868108, 1.1602292902251623, 0.8313089284247416, 0.9625550854276712, -0.6776977831069698, -0.1444384360798626, 1.8888071569415663, -0.03201196311671608, -1.7182524106449804, 2.6730387989219673, 0.421746209599056], "A": [1.605, 1.57, 1.625, 1.635, 1.645, 1.655, 1.665, 1.7, 1.2650000000000001, 0.0, 2.63, 2.7600000000000002, 2.9050000000000002, 2.465, 3.1950000000000003, 3.42, 3.665, 4.505, 4.68, 4.855, 4.315, 5.0, 4.11, 0.625, 0.495, 0.34, 0.78, 0.21, 3.9250000000000003, 2.14, 0.975, 2.265, 3.055, 2.005, 4.21, 3.535, 3.31, 0.41500000000000004, 3.795, 1.105, 4.59, 2.695, 4.775, 0.7000000000000001, 2.35, 0.095, 4.245, 0.88, 1.37, 1.695, 4.94, 0], "R": [1, 1, 1, 1, 1, 1, 1, 0, 0, 0, 0, 0, 0, 0, 0, 0, 0, 0, 0, 0, 0, 0, 0, 0, 0, 0, 0, 0, 0, 0, 0, 0, 0, 0, 0, 0, 0, 0, 0, 0, 0, 0, 0, 0, 0, 0, 0, 0, 0, 0, 0, 0]}