{"RTG": [24, 23, 22, 21, 20, 19, 18, 17, 16, 15, 14, 13, 12, 11, 10, 9, 8, 7, 6, 5, 4, 3, 2, 1, 0, 0, 0, 0, 0, 0, 0, 0, 0, 0, 0, 0, 0, 0, 0, 0, 0, 0, 0, 0, 0, 0, 0, 0, 0, 0, 0, 0], "S": [0, -1.0882046889653323, -0.5681424030680832, 0.1642534074841468, -0.6092041357060602, 0.3680109104289028, 0.4949049722078865, 1.1832205329391008, 1.1914882796809394, -2.2383187886964397, 1.0814212867534516, 1.0245921516336474, -0.4345148689017537, 0.8164466281105316, 0.7216939239772742, 0.5928665680352182, 0.5444024669777516, -0.011464620116161107, 0.7810947647226019, 0.591106254339909, 0.4301388341903039, -0.22095008144629988, 1.127721295153221, 1.1867253408604772, 0.3327416839338406, 2.6732740673741575, 2.583789023717434, 2.2787485889783183, -0.3210934574237214, 0.6560959005237793, -0.08326043425258514, 1.2473233634412009, -0.6404363206845495, 0.3971961720618536, 1.2752776432954898, -0.5519999276125631, -0.7762351625212653, 0.42103107830772674, 2.1880040451103517, -0.3881858065598431, -0.9899543682703261, 1.2607647850267172, 1.9421985709844345, 1.2198638448838093, 0.9578542139492628, -0.5765074546122056, 0.8494306260888944, -0.28307668106601713, -0.4513534362588481, 0.05135519972342358, -0.11355670144341846, 0.7554559803553068], "A": [3.785, 0.0, 0.86, 0.96, 0.8200000000000001, 0.76, 0.66, 0.63, 1.32, 2.1750000000000003, 2.235, 2.07, 4.635, 4.73, 4.505, 4.885, 4.34, 5.0, 3.0100000000000002, 2.8850000000000002, 3.1550000000000002, 2.67, 2.615, 2.535, 1.7, 1.675, 1.75, 3.455, 0.29, 4.09, 0.41500000000000004, 3.61, 1.5250000000000001, 3.31, 0.155, 3.95, 1.1300000000000001, 4.215, 1.9000000000000001, 2.375, 2.785, 4.175, 0.495, 3.25, 1.21, 4.8100000000000005, 1.44, 3.6950000000000003, 4.43, 0.075, 3.38, 0], "R": [1, 1, 1, 1, 1, 1, 1, 1, 1, 1, 1, 1, 1, 1, 1, 1, 1, 1, 1, 1, 1, 1, 1, 1, 0, 0, 0, 0, 0, 0, 0, 0, 0, 0, 0, 0, 0, 0, 0, 0, 0, 0, 0, 0, 0, 0, 0, 0, 0, 0, 0, 0]}