{"RTG": [25, 24, 23, 22, 21, 20, 19, 18, 17, 16, 15, 14, 13, 12, 11, 10, 9, 8, 7, 6, 5, 4, 3, 2, 1, 0, 0, 0, 0, 0, 0, 0, 0, 0, 0, 0, 0, 0, 0, 0, 0, 0, 0, 0, 0, 0, 0, 0, 0, 0, 0, 0], "S": [0, 1.66510693211448, 0.7866678583339837, 1.9421985709844345, 2.124266822246258, -0.6592004082044743, -0.5681424030680832, 0.27208023610146237, 0.0866432673157289, 1.2005613140987013, 1.185463162109889, 1.2992127756900016, 0.2360780316584261, -2.2362571854591744, 1.0814212867534516, 0.26116185121244917, -0.7349959441494497, 0.7810947647226019, 0.6977617291854273, 0.7259718516629005, 0.6612033019948327, 0.4302381124583138, -0.2844192542658805, 1.3006506431464921, 1.129227959703775, 0.1308494504699903, 2.6462676611234475, 2.648718288939445, 1.4202812468229182, 0.9985969048852414, -1.4864591883310811, 0.783357385465521, -0.3764877984809053, 1.099627421136071, -0.130551393865645, 0.6594579003937963, -0.36679091592001095, 0.22387517807153576, 0.609313522152387, -1.204898730905284, 0.8205579041063652, 0.09060725392395028, -0.5109588790481822, -0.5973820916024358, 1.2192840698341836, -0.8275862870460531, -0.7762351625212653, 0.46043837533281906, 0.421746209599056, 0.8132786627774347, 1.1551915578798113, 1.05823352995558], "A": [4.16, 4.125, 4.175, 4.19, 3.605, 0.0, 0.845, 1.05, 0.64, 0.525, 0.38, 0.265, 1.315, 2.1750000000000003, 2.295, 2.05, 5.0, 4.855, 4.68, 4.53, 2.95, 3.13, 2.775, 2.665, 2.525, 1.685, 1.71, 1.605, 3.36, 3.835, 1.835, 3.46, 3.265, 4.41, 0.735, 0.13, 1.16, 2.86, 2.415, 4.7700000000000005, 1.47, 3.715, 0.9450000000000001, 0.45, 1.935, 3.95, 3.04, 4.94, 4.6000000000000005, 2.6, 2.23, 0], "R": [1, 1, 1, 1, 1, 1, 1, 1, 1, 1, 1, 1, 1, 1, 1, 1, 1, 1, 1, 1, 1, 1, 1, 1, 1, 0, 0, 0, 0, 0, 0, 0, 0, 0, 0, 0, 0, 0, 0, 0, 0, 0, 0, 0, 0, 0, 0, 0, 0, 0, 0, 0]}