{"RTG": [16, 15, 14, 13, 12, 11, 10, 9, 8, 7, 6, 5, 4, 3, 2, 1, 0, 0, 0, 0, 0, 0, 0, 0, 0, 0, 0, 0, 0, 0, 0, 0, 0, 0, 0, 0, 0, 0, 0, 0, 0, 0, 0, 0, 0, 0, 0, 0, 0, 0, 0, 0], "S": [0, 0.028266080697662052, -0.6019000811690085, 1.1551915578798113, 1.1795391579642154, -0.5681424030680832, 0.32211413453554105, -0.3935566625341845, 1.072987484673177, 1.1756294449900588, 1.142098306587714, 1.2192840698341836, 1.2881202542280985, 1.0000009442743154, -0.7057535105063594, -0.21130216392220635, 2.6194882783227276, 2.665056914615652, 1.9816540052700344, 0.20124723393830407, 0.7810947647226019, 0.7665022349198103, 0.7582537177375791, -0.8086308259890348, 0.06986426174581307, -0.4345148689017537, -1.6203663406350275, 1.1380356008066348, 0.45867151981736537, 0.6612033019948327, -0.5613504714487526, 1.66510693211448, -0.08326043425258514, 2.084491255479688, 0.9985969048852414, -0.5519999276125631, -0.7202755602478425, 1.1490434588248564, 1.3006506431464921, 0.438911988125878, 1.1345633600572884, 0.42396904460622875, 0.015058671514919365, -1.4647684387382283, -0.6016781995881259, 0.7690116833676693, 0.5519536381881391, -1.414747719560874, 0.718905993062926, 0.290731299743892, -0.36042160659606265, -0.11355670144341846], "A": [2.52, 2.345, 2.6, 2.63, 0.0, 0.835, 1.0, 0.685, 0.62, 0.55, 0.45, 0.39, 0.315, 3.505, 4.36, 1.68, 1.705, 1.77, 1.485, 5.0, 4.84, 4.665, 3.9450000000000003, 3.08, 2.07, 1.26, 3.27, 2.88, 4.53, 3.725, 4.16, 4.09, 4.23, 3.36, 0.155, 1.925, 2.205, 2.775, 1.12, 1.59, 4.92, 3.18, 3.83, 3.62, 4.75, 2.98, 1.385, 2.265, 4.455, 0.91, 0.075, 0], "R": [1, 1, 1, 1, 1, 1, 1, 1, 1, 1, 1, 1, 1, 1, 1, 1, 0, 0, 0, 0, 0, 0, 0, 0, 0, 0, 0, 0, 0, 0, 0, 0, 0, 0, 0, 0, 0, 0, 0, 0, 0, 0, 0, 0, 0, 0, 0, 0, 0, 0, 0, 0]}