{"RTG": [27, 26, 25, 24, 23, 22, 21, 20, 19, 18, 17, 16, 15, 14, 13, 12, 11, 10, 9, 8, 7, 6, 5, 4, 3, 2, 1, 0, 0, 0, 0, 0, 0, 0, 0, 0, 0, 0, 0, 0, 0, 0, 0, 0, 0, 0, 0, 0, 0, 0, 0, 0], "S": [0, -1.0754068804073755, -0.5681424030680832, 0.1642534074841468, -0.6092041357060602, 0.3680109104289028, 0.4949049722078865, 1.1832205329391008, 1.1914882796809394, -2.2383187886964397, 1.2699450427223564, 1.1701627407828141, 0.7801908353249076, 2.1990799042829505, 2.0286591678260097, 1.7668558624147594, 0.7810947647226019, 0.6977617291854273, 0.7360187314858049, 0.6726275675323473, -0.2319763522557701, 0.7997946265823738, 1.189694727779941, -0.5915936314210155, 0.6560959005237793, 0.8124124524666402, 2.1109965038009197, 2.6194882783227276, 2.665056914615652, 0.5942894159677002, 0.7817142987958644, 1.2473233634412009, -0.7848058643362025, -1.1310010417772167, 1.1815012598688805, -0.5519999276125631, 0.42103107830772674, -0.9561600736877052, -0.044221530445518326, 0.16883208745421255, -0.08257389710244357, 0.8085877969105064, 1.2198638448838093, -0.7251050469638722, 0.3496659885000683, 1.8155548068888594, -0.526117465012331, -0.6019000811690085, -0.4757085314032074, 0.421746209599056, -0.1336677750241096, 0.5241625713457142], "A": [2.45, 0.0, 0.86, 0.96, 0.8200000000000001, 0.76, 0.66, 0.63, 1.32, 3.3000000000000003, 3.34, 3.235, 4.205, 4.235, 4.165, 5.0, 4.855, 4.675, 4.535, 1.8900000000000001, 2.84, 2.705, 3.73, 0.29, 2.145, 1.6400000000000001, 1.68, 1.705, 3.0, 2.2600000000000002, 0.41500000000000004, 3.545, 3.91, 2.61, 0.155, 1.1300000000000001, 2.0300000000000002, 4.42, 1.48, 3.095, 4.765, 0.495, 4.0200000000000005, 2.915, 1.78, 3.64, 2.345, 1.205, 4.94, 3.44, 2.545, 0], "R": [1, 1, 1, 1, 1, 1, 1, 1, 1, 1, 1, 1, 1, 1, 1, 1, 1, 1, 1, 1, 1, 1, 1, 1, 1, 1, 1, 0, 0, 0, 0, 0, 0, 0, 0, 0, 0, 0, 0, 0, 0, 0, 0, 0, 0, 0, 0, 0, 0, 0, 0, 0]}