{"RTG": [30, 29, 28, 27, 26, 25, 24, 23, 22, 21, 20, 19, 18, 17, 16, 15, 14, 13, 12, 11, 10, 9, 8, 7, 6, 5, 4, 3, 2, 1, 0, 0, 0, 0, 0, 0, 0, 0, 0, 0, 0, 0, 0, 0, 0, 0, 0, 0, 0, 0, 0, 0], "S": [0, -0.44017286079018214, -0.5681424030680832, 0.07219968659936347, -0.3935566625341845, 0.3959299450209885, 0.6203485783512641, 1.1031253948915591, 1.1988872073150763, -0.4757085314032074, 0.07785300854845761, 0.15531055956049092, -0.5628831503192052, 0.39342310011908804, 1.2607647850267172, 1.3153844260682281, 1.129227959703775, 0.43020799552765826, 0.5061761088750564, 0.8216524061744304, 0.7558657355637947, 0.5209078855902575, 0.5176853876426791, 1.66510693211448, 0.7866678583339837, 1.9421985709844345, 2.0751036904311593, 2.186387029405289, 1.9816540052700344, 0.979413961857978, 2.5551020877188306, 2.6732740673741575, 0.6284470719106436, 0.6560959005237793, -1.5157966450157259, 0.18863804225015912, 1.2473233634412009, 0.7810947647226019, -1.7182524106449804, -0.5519999276125631, 1.275078842405209, 1.1413307041700922, 0.3321029361393006, 1.2198638448838093, -1.1185111654206692, 0.43558581507364647, -0.7740292084447152, -0.661659592454025, -1.1127621184986758, 0.7299093747335014, 2.2807160561275923, -0.7762351625212653], "A": [2.335, 0.0, 0.87, 1.0, 0.8, 0.74, 0.68, 0.65, 1.205, 3.185, 3.42, 3.63, 2.94, 2.785, 2.745, 2.665, 2.54, 4.485, 4.63, 4.745, 4.89, 4.3100000000000005, 4.16, 4.125, 4.175, 4.1850000000000005, 4.2, 1.77, 1.825, 1.725, 1.7, 1.555, 0.29, 3.85, 2.105, 0.41500000000000004, 5.0, 1.37, 0.155, 3.305, 2.21, 3.055, 0.495, 1.985, 1.11, 3.5300000000000002, 3.74, 2.445, 4.5600000000000005, 1.6500000000000001, 3.95, 0], "R": [1, 1, 1, 1, 1, 1, 1, 1, 1, 1, 1, 1, 1, 1, 1, 1, 1, 1, 1, 1, 1, 1, 1, 1, 1, 1, 1, 1, 1, 1, 0, 0, 0, 0, 0, 0, 0, 0, 0, 0, 0, 0, 0, 0, 0, 0, 0, 0, 0, 0, 0, 0]}