{"RTG": [33, 32, 31, 30, 29, 28, 27, 26, 25, 24, 23, 22, 21, 20, 19, 18, 17, 16, 15, 14, 13, 12, 11, 10, 9, 8, 7, 6, 5, 4, 3, 2, 1, 0, 0, 0, 0, 0, 0, 0, 0, 0, 0, 0, 0, 0, 0, 0, 0, 0, 0, 0], "S": [0, 1.2607647850267172, 1.3153844260682281, 1.127721295153221, 0.35130374988897833, 0.028266080697662052, -0.5681424030680832, 0.2045054376024882, 0.0866432673157289, 1.1929647133334638, 1.1327279928260916, 1.219837753571638, 1.2805352156985943, 0.940457295044262, 0.7008456084275234, -2.143210685552774, -0.8835498934886132, 0.8250163897131615, 0.7216939239772742, 0.5317048528935276, 0.5209078855902575, 0.5176853876426791, 1.66510693211448, 0.7866678583339837, 1.9421985709844345, 2.0751036904311593, 2.186387029405289, -0.9194276956093578, 1.2457424006890583, 0.5033711967483209, -0.19947597225900737, 0.8934834654088644, 2.356485375892664, 2.6194882783227276, 2.665056914615652, 0.6800540626825456, 0.7810947647226019, -0.5807826452226514, -0.9374506081177982, 0.23093654685116718, -0.6404363206845495, -1.182399402186969, 0.10777792340828776, 0.280033209144718, 1.1737062158429918, -0.611716481250362, 0.8494306260888944, -0.6664423878806288, -0.28174751465887515, 0.7181670574127406, -0.11355670144341846, -0.7740292084447152], "A": [2.785, 2.745, 2.67, 2.92, 2.52, 0.0, 0.855, 1.05, 0.655, 0.595, 0.46, 0.395, 0.31, 0.73, 1.34, 3.765, 4.625, 4.73, 4.49, 4.89, 4.3100000000000005, 4.16, 4.125, 4.175, 4.1850000000000005, 4.2, 1.945, 3.325, 3.215, 3.4450000000000003, 2.25, 1.655, 1.68, 1.705, 2.1350000000000002, 5.0, 0.16, 2.37, 3.065, 3.61, 3.9050000000000002, 1.17, 1.5, 1.815, 0.9550000000000001, 4.8100000000000005, 2.055, 3.14, 4.555, 0.075, 3.5300000000000002, 0], "R": [1, 1, 1, 1, 1, 1, 1, 1, 1, 1, 1, 1, 1, 1, 1, 1, 1, 1, 1, 1, 1, 1, 1, 1, 1, 1, 1, 1, 1, 1, 1, 1, 1, 0, 0, 0, 0, 0, 0, 0, 0, 0, 0, 0, 0, 0, 0, 0, 0, 0, 0, 0]}