{"RTG": [20, 19, 18, 17, 16, 15, 14, 13, 12, 11, 10, 9, 8, 7, 6, 5, 4, 3, 2, 1, 0, 0, 0, 0, 0, 0, 0, 0, 0, 0, 0, 0, 0, 0, 0, 0, 0, 0, 0, 0, 0, 0, 0, 0, 0, 0, 0, 0, 0, 0, 0, 0], "S": [0, 0.21347584363378308, -0.16817882155834474, 1.0093963694162764, 1.2009822841548368, 0.3659378656084991, 1.260659837942881, -0.6286623709632781, -0.5681424030680832, 0.2045054376024882, 0.0866432673157289, 1.1929647133334638, 1.14814577970639, 1.2226063038826296, 1.2473233634412009, 1.10297997475711, 0.7439499693117351, -0.3799924249980656, 0.3941168188128473, -1.0849883657686858, 2.510577190859736, 2.665056914615652, 2.4252267062251835, -0.07443101875082657, 0.7810947647226019, 0.7665022349198103, 0.7582537177375791, 0.2326502036687028, -0.7486598192425545, -0.26836271666857353, -2.2239717903468845, 1.2423047404347072, 0.6494093557430308, -0.6250762041214045, 1.66510693211448, -0.08326043425258514, 2.1300292046727938, 1.1302751163004074, 1.1065611909486615, 0.2560876713757903, 1.1849486762474712, 0.27244383499665203, 0.7824357235715943, -1.5023795661589565, -0.5821590646936314, -0.6077964200381839, 0.9858819527773454, 0.41543750807331425, -0.1444384360798626, 0.19826562714405405, -0.7568219640141731, -1.1684325326578182], "A": [3.1950000000000003, 3.105, 3.255, 3.2800000000000002, 2.93, 3.3200000000000003, 3.49, 0.0, 0.855, 1.05, 0.655, 0.605, 0.47500000000000003, 0.41500000000000004, 0.325, 0.725, 0.225, 1.855, 2.0100000000000002, 1.73, 1.705, 1.6600000000000001, 4.345, 5.0, 4.84, 4.665, 2.5300000000000002, 3.955, 2.325, 1.31, 2.72, 4.525, 3.735, 4.16, 4.09, 4.225, 2.805, 2.18, 1.495, 2.625, 1.155, 4.755, 3.84, 3.625, 0.9500000000000001, 2.24, 4.93, 0.095, 4.445, 1.415, 2.435, 0], "R": [1, 1, 1, 1, 1, 1, 1, 1, 1, 1, 1, 1, 1, 1, 1, 1, 1, 1, 1, 1, 0, 0, 0, 0, 0, 0, 0, 0, 0, 0, 0, 0, 0, 0, 0, 0, 0, 0, 0, 0, 0, 0, 0, 0, 0, 0, 0, 0, 0, 0, 0, 0]}