{"RTG": [11, 10, 9, 8, 7, 6, 5, 4, 3, 2, 1, 0, 0, 0, 0, 0, 0, 0, 0, 0, 0, 0, 0, 0, 0, 0, 0, 0, 0, 0, 0, 0, 0, 0, 0, 0, 0, 0, 0, 0, 0, 0, 0, 0, 0, 0, 0, 0, 0, 0, 0, 0], "S": [0, 1.2230482233664581, 1.2218576619033426, 1.1204461855443508, 1.2790399283068352, 0.5757938005403606, 0.4155245705262251, -0.5973820916024358, 1.4579884778504881, 0.783357385465521, 1.8155548068888594, 2.060748031034219, 2.6246497070519292, 2.6194882783227276, -0.9252293777902464, 1.2704887200104722, -0.1336677750241096, 0.21347584363378308, 0.9620205374516724, 0.10058988888118321, 1.314995406442874, -0.7078722906587652, 0.7810947647226019, 0.7665022349198103, 0.7468985423979649, 0.849990625769365, 1.1740795034056069, -1.8790008443431394, 1.0814212867534516, -0.5681424030680832, -0.5344493610789871, 0.5054056779022843, 0.5674801530142803, -0.35007698439985496, 0.7417519397012445, 1.1712103381729184, 0.3954010906932002, -0.06805584798382577, -0.7253309927571581, -1.5129641137469552, 2.1880040451103517, -0.32750870905583246, 1.0392373462346414, 0.42396904460622875, 0.06986426174581307, 0.7824357235715943, 0.10777792340828776, 0.35893135363273554, 0.493019990916102, -0.8797078913319923, 0.8848719625808373, 0.12001744277458769], "A": [0.48, 0.44, 0.58, 0.355, 0.28500000000000003, 0.785, 0.9450000000000001, 1.8, 1.835, 1.78, 1.7650000000000001, 1.715, 1.68, 2.465, 3.315, 3.44, 3.1950000000000003, 4.29, 4.4350000000000005, 4.1450000000000005, 4.005, 5.0, 4.84, 4.67, 2.835, 2.7, 1.2750000000000001, 2.1750000000000003, 0.0, 3.72, 2.2800000000000002, 2.985, 2.075, 4.565, 2.605, 1.095, 1.455, 3.585, 3.855, 4.215, 0.125, 0.6900000000000001, 4.92, 3.08, 4.755, 1.17, 2.9050000000000002, 1.54, 2.365, 3.37, 0.865, 0], "R": [1, 1, 1, 1, 1, 1, 1, 1, 1, 1, 1, 0, 0, 0, 0, 0, 0, 0, 0, 0, 0, 0, 0, 0, 0, 0, 0, 0, 0, 0, 0, 0, 0, 0, 0, 0, 0, 0, 0, 0, 0, 0, 0, 0, 0, 0, 0, 0, 0, 0, 0, 0]}