{"RTG": [26, 25, 24, 23, 22, 21, 20, 19, 18, 17, 16, 15, 14, 13, 12, 11, 10, 9, 8, 7, 6, 5, 4, 3, 2, 1, 0, 0, 0, 0, 0, 0, 0, 0, 0, 0, 0, 0, 0, 0, 0, 0, 0, 0, 0, 0, 0, 0, 0, 0, 0, 0], "S": [0, 0.6520050202483836, -0.5010243947417435, 1.1870405829024617, 1.4381036978079742, 1.555179369689812, 1.66510693211448, 2.1614265129414165, -0.5681424030680832, 0.27208023610146237, 0.0866432673157289, 1.1971315791461121, 1.1935643644957392, 1.3016856375865116, 0.1500898090710972, -2.2362571854591744, 1.0814212867534516, 0.26116185121244917, -0.7349959441494497, -0.26899053000129997, 0.7810947647226019, 0.6977617291854273, 0.7259718516629005, 1.2766244561205646, 0.849990625769365, 1.1712103381729184, -0.7840024552976274, 2.6462676611234475, 2.648718288939445, 1.4202812468229182, 0.6838990714313047, -0.7197448335686071, 1.2005038616307513, -0.8348946779313645, 0.5340475232331015, 0.783357385465521, 0.7008456084275234, 0.2318331862051065, -0.36679091592001095, 0.22387517807153576, 0.19826562714405405, 0.9578542139492628, 0.8205579041063652, 0.09060725392395028, -0.5973820916024358, 1.2200896781036197, -0.4672195710409025, -0.8275862870460531, 1.129227959703775, -1.4664759182334537, 0.37860667503134976, 0.421746209599056], "A": [4.12, 4.065, 4.14, 4.15, 4.155, 4.16, 4.195, 0.0, 0.845, 1.05, 0.635, 0.52, 0.375, 0.26, 1.315, 2.1750000000000003, 2.295, 2.05, 3.145, 5.0, 4.855, 4.68, 2.73, 2.835, 2.605, 3.5500000000000003, 1.685, 1.71, 1.605, 4.54, 2.48, 3.335, 3.7600000000000002, 2.975, 1.835, 0.73, 3.415, 0.13, 1.16, 4.445, 3.25, 4.7700000000000005, 1.47, 0.9450000000000001, 0.445, 3.66, 1.935, 2.665, 3.87, 3.0500000000000003, 4.94, 0], "R": [1, 1, 1, 1, 1, 1, 1, 1, 1, 1, 1, 1, 1, 1, 1, 1, 1, 1, 1, 1, 1, 1, 1, 1, 1, 1, 0, 0, 0, 0, 0, 0, 0, 0, 0, 0, 0, 0, 0, 0, 0, 0, 0, 0, 0, 0, 0, 0, 0, 0, 0, 0]}