{"RTG": [13, 12, 11, 10, 9, 8, 7, 6, 5, 4, 3, 2, 1, 0, 0, 0, 0, 0, 0, 0, 0, 0, 0, 0, 0, 0, 0, 0, 0, 0, 0, 0, 0, 0, 0, 0, 0, 0, 0, 0, 0, 0, 0, 0, 0, 0, 0, 0, 0, 0, 0, 0], "S": [0, 0.5821843027492473, 0.4721344441138844, -0.034142590711439366, -0.5681424030680832, 0.2404961358400748, -0.43538446450642626, 0.6594579003937963, 1.1293561077306389, 1.2005613140987013, 0.6852842044098775, -0.9952350182638754, 2.13684204514209, 2.4602044790854074, 2.6246497070519292, 2.6194882783227276, -0.7762351625212653, 0.8564619056302556, 0.44388205005933845, 0.8095437992284806, 0.37416928039478276, 1.620324142494948, 1.7668558624147594, -1.0754068804073755, -0.7740292084447152, 1.1460939208731853, -0.5320126392908179, 1.2247109249108254, -2.1696699967840307, 1.189694727779941, 1.151436074096337, -0.6250762041214045, 1.2457424006890583, 1.1867253408604772, 0.34532270229374284, -0.17456529408862, 0.4633443805678566, 0.27750730430012266, 0.09060725392395028, 0.42103107830772674, 1.0887396232185838, 0.7299093747335014, 0.8429601913364685, -0.4354061667458947, -1.5023795661589565, 0.7810947647226019, 1.1935643644957392, -0.5441132825174866, -0.1444384360798626, 0.7216939239772742, 0.5241625713457142, 2.199560797986056], "A": [3.015, 2.96, 3.09, 0.0, 0.85, 0.995, 0.735, 0.675, 0.64, 1.84, 1.955, 1.76, 1.735, 1.715, 1.68, 3.95, 4.8, 4.95, 4.64, 4.465, 4.26, 4.165, 2.45, 3.5300000000000002, 0.33, 0.21, 0.435, 1.3, 2.705, 2.2, 3.735, 3.325, 2.615, 2.29, 4.355, 3.4, 2.11, 1.47, 1.1300000000000001, 2.81, 4.5600000000000005, 3.24, 4.07, 3.84, 5.0, 0.52, 3.6350000000000002, 0.095, 4.73, 2.545, 4.21, 0], "R": [1, 1, 1, 1, 1, 1, 1, 1, 1, 1, 1, 1, 1, 0, 0, 0, 0, 0, 0, 0, 0, 0, 0, 0, 0, 0, 0, 0, 0, 0, 0, 0, 0, 0, 0, 0, 0, 0, 0, 0, 0, 0, 0, 0, 0, 0, 0, 0, 0, 0, 0, 0]}