{"RTG": [10, 9, 8, 7, 6, 5, 4, 3, 2, 1, 0, 0, 0, 0, 0, 0, 0, 0, 0, 0, 0, 0, 0, 0, 0, 0, 0, 0, 0, 0, 0, 0, 0, 0, 0, 0, 0, 0, 0, 0, 0, 0, 0, 0, 0, 0, 0, 0, 0, 0, 0, 0], "S": [0, -0.23905034826659827, -0.5681424030680832, 0.2045054376024882, -0.5973820916024358, 0.377304667011703, 1.3644503580708482, 0.587534579924061, 1.7290264375923594, 1.9816540052700344, 2.593288167724146, 2.6730387989219673, 0.5804748080628606, -1.0754068804073755, 0.6800540626825456, 1.275078842405209, 0.00646266035523254, 0.07785300854845761, 0.7810947647226019, 0.7665022349198103, 0.7582537177375791, -1.1310010417772167, 1.2473233634412009, 1.158880316031669, 0.2360780316584261, 0.9978997859167429, 0.4302381124583138, 1.1392762323358923, -2.078054622311628, 1.66510693211448, -0.2767185250323555, 2.084491255479688, -0.4438624640970557, 0.6951830673805045, 1.1988872073150763, 0.09060725392395028, -0.4064917918700017, 1.1037847808441072, 0.438911988125878, -0.7762990261304845, 0.28265279438418606, 0.42396904460622875, -1.1394990942280583, -0.7985100098253909, 0.7690116833676693, 1.2628973292464318, 1.1413307041700922, 0.37416928039478276, -0.19572881840451012, 1.3266242924078386, 0.6284470719106436, 0.9985969048852414], "A": [4.365, 0.0, 0.855, 0.9450000000000001, 0.8150000000000001, 1.805, 1.845, 1.7850000000000001, 1.77, 1.72, 1.695, 2.275, 2.45, 2.1350000000000002, 3.305, 3.43, 3.185, 5.0, 4.84, 4.665, 3.91, 0.41500000000000004, 0.54, 0.265, 2.82, 2.95, 2.685, 1.29, 4.16, 4.08, 4.23, 3.6750000000000003, 4.545, 0.65, 1.47, 0.135, 2.59, 1.12, 3.56, 3.06, 4.92, 3.79, 2.045, 4.75, 0.35000000000000003, 2.21, 4.465, 1.19, 2.755, 1.555, 3.36, 0], "R": [1, 1, 1, 1, 1, 1, 1, 1, 1, 1, 0, 0, 0, 0, 0, 0, 0, 0, 0, 0, 0, 0, 0, 0, 0, 0, 0, 0, 0, 0, 0, 0, 0, 0, 0, 0, 0, 0, 0, 0, 0, 0, 0, 0, 0, 0, 0, 0, 0, 0, 0, 0]}