{"RTG": [22, 21, 20, 19, 18, 17, 16, 15, 14, 13, 12, 11, 10, 9, 8, 7, 6, 5, 4, 3, 2, 1, 0, 0, 0, 0, 0, 0, 0, 0, 0, 0, 0, 0, 0, 0, 0, 0, 0, 0, 0, 0, 0, 0, 0, 0, 0, 0, 0, 0, 0, 0], "S": [0, -0.7657231146818407, -0.5681424030680832, 0.1642534074841468, -0.6092041357060602, 0.3680109104289028, 0.4949049722078865, 1.1832205329391008, 1.1914882796809394, -2.2383187886964397, 1.0814212867534516, 1.0245921516336474, -0.4345148689017537, -0.25787601304066904, 0.7810947647226019, 0.47891439095336297, 0.45867151981736537, 0.5488342955281749, -0.043400782201073435, 1.189694727779941, 1.129227959703775, 0.1308494504699903, -0.7260747810041374, 2.6730387989219673, 2.593288167724146, 2.1109965038009197, 0.780918615055049, 0.6560959005237793, 1.9421985709844345, 0.38850455016500957, 2.0286591678260097, -0.8348946779313645, 1.2473233634412009, 0.6838990714313047, 1.1701627407828141, 0.1134268335735682, -0.5519999276125631, 0.42103107830772674, 0.8205579041063652, -1.0785053980520602, 0.23008588075507877, 0.2318331862051065, -0.49352352380335235, 1.2198638448838093, 1.099627421136071, 1.2033515197286617, -1.488154407535072, -0.4757085314032074, 0.37416928039478276, -1.054315683292044, -0.11355670144341846, -0.6527118419102764], "A": [3.525, 0.0, 0.86, 0.96, 0.8200000000000001, 0.76, 0.66, 0.63, 1.32, 2.1750000000000003, 2.235, 2.07, 4.37, 5.0, 4.9, 2.88, 3.025, 3.1750000000000003, 2.705, 2.665, 2.525, 3.96, 1.695, 1.72, 1.6400000000000001, 4.655, 0.29, 4.175, 4.11, 4.235, 3.7600000000000002, 0.41500000000000004, 4.54, 3.34, 1.87, 0.155, 1.1300000000000001, 4.7700000000000005, 2.3850000000000002, 1.49, 3.415, 3.65, 0.495, 3.265, 2.795, 3.865, 1.205, 4.465, 1.965, 0.075, 1.42, 0], "R": [1, 1, 1, 1, 1, 1, 1, 1, 1, 1, 1, 1, 1, 1, 1, 1, 1, 1, 1, 1, 1, 1, 0, 0, 0, 0, 0, 0, 0, 0, 0, 0, 0, 0, 0, 0, 0, 0, 0, 0, 0, 0, 0, 0, 0, 0, 0, 0, 0, 0, 0, 0]}