{"RTG": [29, 28, 27, 26, 25, 24, 23, 22, 21, 20, 19, 18, 17, 16, 15, 14, 13, 12, 11, 10, 9, 8, 7, 6, 5, 4, 3, 2, 1, 0, 0, 0, 0, 0, 0, 0, 0, 0, 0, 0, 0, 0, 0, 0, 0, 0, 0, 0, 0, 0, 0, 0], "S": [0, -2.094189764657218, -0.5681424030680832, 1.1101488684181469, 0.7817142987958644, 1.1260754615276558, -0.27455451950087434, -0.7486598192425545, 0.8564619056302556, 0.5444024669777516, 0.7002211277137405, 0.6494093557430308, -0.1681685232451838, 1.1694360114222457, 1.184145623379665, 1.176806974670785, 1.219837753571638, 1.294516094678491, 1.0000009442743154, 0.40772630398627313, 1.2599296432649467, 1.1326765301622912, 1.2033515197286617, 0.35215098025751895, 0.43020799552765826, -0.7657231146818407, 2.060748031034219, 1.550053509588688, 2.3438345106132012, 2.5551020877188306, 2.6732740673741575, 0.040343652882350874, 2.014262628658444, 1.8888071569415663, 1.2704887200104722, -0.661659592454025, -0.5193532046837243, 0.7810947647226019, 0.5392684839855656, 0.10777792340828776, -0.08326043425258514, -0.49337631073269567, -0.9561600736877052, -1.1990031471571372, 0.7143651627474831, 0.3027282790335336, -1.512229542652904, -0.5441132825174866, 0.8192364636416227, 0.5821843027492473, -1.320838392830492, -0.11967095207937627], "A": [1.345, 0.0, 2.22, 2.2600000000000002, 2.185, 3.125, 3.955, 4.8, 4.885, 4.7, 4.525, 4.405, 0.665, 0.625, 0.53, 0.46, 0.385, 0.315, 0.79, 2.725, 2.68, 2.795, 2.91, 2.54, 3.525, 1.7650000000000001, 1.795, 1.745, 1.725, 1.7, 1.045, 4.18, 4.245, 3.315, 3.74, 0.15, 5.0, 3.395, 1.17, 4.09, 0.925, 2.0300000000000002, 2.4250000000000003, 3.23, 1.5050000000000001, 3.845, 3.6350000000000002, 4.605, 3.015, 1.245, 0.07, 0], "R": [1, 1, 1, 1, 1, 1, 1, 1, 1, 1, 1, 1, 1, 1, 1, 1, 1, 1, 1, 1, 1, 1, 1, 1, 1, 1, 1, 1, 1, 0, 0, 0, 0, 0, 0, 0, 0, 0, 0, 0, 0, 0, 0, 0, 0, 0, 0, 0, 0, 0, 0, 0]}