{"RTG": [27, 26, 25, 24, 23, 22, 21, 20, 19, 18, 17, 16, 15, 14, 13, 12, 11, 10, 9, 8, 7, 6, 5, 4, 3, 2, 1, 0, 0, 0, 0, 0, 0, 0, 0, 0, 0, 0, 0, 0, 0, 0, 0, 0, 0, 0, 0, 0, 0, 0, 0, 0], "S": [0, -1.1987220633160474, -0.5681424030680832, 0.1642534074841468, -0.6092041357060602, 0.3680109104289028, 0.4949049722078865, 1.1832205329391008, 1.1914882796809394, -2.2383187886964397, 1.0567075262404362, 1.2457424006890583, 0.6858565367473983, 2.0286591678260097, 1.5186593645993924, 2.1880040451103517, 0.7810947647226019, 0.6977617291854273, 0.7259718516629005, 0.1134268335735682, 0.7997946265823738, 0.5519536381881391, 1.1485285121397457, -1.1394990942280583, -0.17397932286250575, 2.4252267062251835, 1.9226645203488157, 2.6194882783227276, 2.648718288939445, 0.6560959005237793, 0.6838990714313047, 1.2473233634412009, -0.715299091384201, 1.0675806827655183, -0.6944213635994284, 1.05823352995558, -0.5519999276125631, -0.16817882155834474, 0.42103107830772674, 0.19826562714405405, 0.8205579041063652, 1.2198638448838093, -0.06805584798382577, 0.1748996278641049, -1.2326682407776417, -1.1095620561736692, 1.3223751932371433, -0.6833665323328018, -0.4757085314032074, 0.6520050202483836, 0.421746209599056, -0.4513534362588481], "A": [2.41, 0.0, 0.86, 0.96, 0.8200000000000001, 0.76, 0.66, 0.63, 1.32, 3.2600000000000002, 3.325, 3.3850000000000002, 4.235, 4.265, 4.215, 5.0, 4.855, 4.68, 1.87, 2.84, 2.98, 2.69, 3.79, 2.085, 1.6600000000000001, 1.6300000000000001, 1.68, 1.71, 0.29, 4.54, 0.41500000000000004, 4.01, 2.585, 3.595, 2.23, 0.155, 3.105, 1.1300000000000001, 4.445, 4.7700000000000005, 0.495, 1.455, 2.3000000000000003, 3.9, 1.98, 2.765, 3.5, 1.205, 4.12, 4.94, 3.6950000000000003, 0], "R": [1, 1, 1, 1, 1, 1, 1, 1, 1, 1, 1, 1, 1, 1, 1, 1, 1, 1, 1, 1, 1, 1, 1, 1, 1, 1, 1, 0, 0, 0, 0, 0, 0, 0, 0, 0, 0, 0, 0, 0, 0, 0, 0, 0, 0, 0, 0, 0, 0, 0, 0, 0]}