{"RTG": [1, 0, 0, 0, 0, 0, 0, 0, 0, 0, 0, 0, 0, 0, 0, 0, 0, 0, 0, 0, 0, 0, 0, 0, 0, 0, 0, 0, 0, 0, 0, 0, 0, 0, 0, 0, 0, 0, 0, 0, 0, 0, 0, 0, 0, 0, 0, 0, 0, 0, 0, 0], "S": [0, 2.593288167724146, 2.6640935024130794, 1.9226645203488157, -0.5681424030680832, 1.024040463667378, 1.2423047404347072, 0.5668338030505861, -1.1987220633160474, 0.06986426174581307, 0.8848719625808373, -0.7548756490013011, 0.9578542139492628, -0.2679591565011226, 0.3905628121415768, 1.14814577970639, 1.2217589136693932, 1.0542425639738024, -0.20518968612651028, 0.7810947647226019, 0.7665022349198103, 0.7582537177375791, -0.7085119626694121, -0.9092916740966068, -2.1283174002063725, -0.6356053352110442, 2.014262628658444, 0.6520050202483836, 1.9631888737933478, -0.8835498934886132, 0.6951830673805045, 1.1283506934188439, 0.3941168188128473, 0.9625550854276712, 0.09060725392395028, 0.5143621100491487, 0.4035438731462402, 1.1464646165049321, 1.2805352156985943, 0.42396904460622875, 0.8124124524666402, -0.5091648528801574, 0.7690116833676693, -0.36042160659606265, -1.4664759182334537, -0.043400782201073435, 0.1748996278641049, -0.11803058692131012, 0.41171617023787066, -1.1958523683721816, -0.8275862870460531, 1.2341595925880817], "A": [1.72, 1.69, 1.6300000000000001, 0.0, 2.58, 2.72, 2.865, 2.41, 3.08, 3.37, 3.52, 3.25, 4.375, 0.805, 0.605, 0.47000000000000003, 0.32, 1.02, 5.0, 4.84, 4.665, 3.9650000000000003, 2.035, 1.295, 0.19, 4.18, 4.12, 4.24, 3.765, 4.545, 2.215, 1.855, 0.7000000000000001, 1.47, 2.97, 1.135, 2.65, 0.395, 4.92, 2.145, 3.645, 4.75, 0.91, 3.87, 3.1750000000000003, 2.3000000000000003, 0.085, 4.47, 1.395, 1.935, 2.79, 0], "R": [1, 0, 0, 0, 0, 0, 0, 0, 0, 0, 0, 0, 0, 0, 0, 0, 0, 0, 0, 0, 0, 0, 0, 0, 0, 0, 0, 0, 0, 0, 0, 0, 0, 0, 0, 0, 0, 0, 0, 0, 0, 0, 0, 0, 0, 0, 0, 0, 0, 0, 0, 0]}