{"RTG": [26, 25, 24, 23, 22, 21, 20, 19, 18, 17, 16, 15, 14, 13, 12, 11, 10, 9, 8, 7, 6, 5, 4, 3, 2, 1, 0, 0, 0, 0, 0, 0, 0, 0, 0, 0, 0, 0, 0, 0, 0, 0, 0, 0, 0, 0, 0, 0, 0, 0, 0, 0], "S": [0, 0.8494306260888944, 0.8085877969105064, 0.47891439095336297, 0.7970323007868108, 0.6494093557430308, 0.3165938873653324, 1.7668558624147594, 0.9215906391411742, 2.014262628658444, 2.1614265129414165, -0.5681424030680832, 0.27208023610146237, 0.0866432673157289, 1.1971315791461121, 1.1935643644957392, 1.3016856375865116, 0.1500898090710972, -2.2362571854591744, 1.0814212867534516, 0.26116185121244917, -0.7349959441494497, -0.26899053000129997, -0.6592004082044743, 1.2766244561205646, 0.849990625769365, 1.1712103381729184, 2.6462676611234475, 2.648718288939445, 1.4202812468229182, 0.9438680768787604, -1.4647684387382283, -0.7197448335686071, 0.5340475232331015, 0.783357385465521, -0.3764877984809053, 1.1380356008066348, 0.7008456084275234, -0.36679091592001095, 0.7810947647226019, 0.22387517807153576, 0.09060725392395028, -0.5109588790481822, -0.5973820916024358, 1.2200896781036197, -0.8275862870460531, -0.7762351625212653, 1.129227959703775, 0.37860667503134976, 1.05823352995558, 0.10058988888118321, 0.7360187314858049], "A": [4.8100000000000005, 4.765, 4.9, 4.59, 4.525, 4.32, 4.165, 4.13, 4.18, 4.195, 0.0, 0.845, 1.05, 0.635, 0.52, 0.375, 0.26, 1.315, 2.1750000000000003, 2.295, 2.05, 3.145, 3.605, 2.73, 2.835, 2.605, 1.685, 1.71, 1.605, 3.365, 3.83, 2.48, 2.975, 1.835, 3.46, 3.27, 0.73, 0.13, 5.0, 1.16, 1.47, 3.715, 0.9450000000000001, 0.445, 1.935, 3.95, 2.665, 3.0500000000000003, 2.23, 4.4350000000000005, 4.675, 0], "R": [1, 1, 1, 1, 1, 1, 1, 1, 1, 1, 1, 1, 1, 1, 1, 1, 1, 1, 1, 1, 1, 1, 1, 1, 1, 1, 0, 0, 0, 0, 0, 0, 0, 0, 0, 0, 0, 0, 0, 0, 0, 0, 0, 0, 0, 0, 0, 0, 0, 0, 0, 0]}