{"RTG": [27, 26, 25, 24, 23, 22, 21, 20, 19, 18, 17, 16, 15, 14, 13, 12, 11, 10, 9, 8, 7, 6, 5, 4, 3, 2, 1, 0, 0, 0, 0, 0, 0, 0, 0, 0, 0, 0, 0, 0, 0, 0, 0, 0, 0, 0, 0, 0, 0, 0, 0, 0], "S": [0, -0.2695911284410121, -0.5681424030680832, 0.07219968659936347, -0.3935566625341845, 0.3959299450209885, 0.6203485783512641, 1.1031253948915591, 1.1988872073150763, -0.4757085314032074, -0.6664423878806288, 0.35215098025751895, 0.17769761202432371, 1.3049009603131116, 1.1740795034056069, 1.2607647850267172, -0.2751600190638433, 1.0567075262404362, 1.1701627407828141, -0.06490318263147667, 0.7810947647226019, 0.5209078855902575, 0.7170916018157362, 0.7765038309941795, -0.9785792591984844, 1.8238428669741287, 2.4252267062251835, 2.6194882783227276, 2.648718288939445, 0.6560959005237793, 0.4268874504834266, 1.7668558624147594, -0.08326043425258514, 2.0286591678260097, -0.4611514236144929, 1.2473233634412009, -1.414747719560874, -0.5519999276125631, -0.3116150948341032, 1.1260754615276558, -0.7387734467982239, 0.8478622810701648, 1.2198638448838093, -1.3287532923747882, 0.43558581507364647, -1.1442504439522712, 0.5317048528935276, -0.1861306929802691, 1.132872154906867, 0.16883208745421255, -0.11355670144341846, 1.3644503580708482], "A": [4.38, 0.0, 0.87, 1.0, 0.8, 0.74, 0.68, 0.65, 1.205, 2.055, 2.91, 3.0700000000000003, 2.74, 2.7, 2.785, 2.505, 3.2600000000000002, 3.34, 3.435, 5.0, 4.89, 4.6850000000000005, 4.58, 3.9250000000000003, 1.625, 1.6600000000000001, 1.68, 1.71, 0.29, 2.285, 4.165, 4.09, 4.235, 3.7, 0.41500000000000004, 1.385, 0.155, 1.895, 2.185, 3.58, 4.785, 0.495, 3.81, 1.11, 2.395, 4.49, 3.16, 2.595, 1.48, 0.075, 1.805, 0], "R": [1, 1, 1, 1, 1, 1, 1, 1, 1, 1, 1, 1, 1, 1, 1, 1, 1, 1, 1, 1, 1, 1, 1, 1, 1, 1, 1, 0, 0, 0, 0, 0, 0, 0, 0, 0, 0, 0, 0, 0, 0, 0, 0, 0, 0, 0, 0, 0, 0, 0, 0, 0]}