{"RTG": [10, 9, 8, 7, 6, 5, 4, 3, 2, 1, 0, 0, 0, 0, 0, 0, 0, 0, 0, 0, 0, 0, 0, 0, 0, 0, 0, 0, 0, 0, 0, 0, 0, 0, 0, 0, 0, 0, 0, 0, 0, 0, 0, 0, 0, 0, 0, 0, 0, 0, 0, 0], "S": [0, 0.4534819021847498, 0.920655627807069, 1.1694360114222457, 1.184145623379665, -0.5651519821379951, 0.8814861408638388, -0.5980416703876035, 1.899839506890742, 2.2096243099566566, 2.404467632602444, 2.665056914615652, -0.8169671187903633, 0.4304544603542519, 0.38641500747199387, 0.591106254339909, 0.9001162474095208, 1.1288287176578806, -0.6404363206845495, 0.290731299743892, 0.7582537177375791, 0.8036415820234936, 0.7810947647226019, 2.084491255479688, 1.555179369689812, 0.5176853876426791, -0.5681424030680832, -2.1696699967840307, 0.8066810032092551, -1.4664759182334537, 0.6982589645466594, -0.6433226681011133, 1.2473233634412009, 0.8710105674086935, 0.7417519397012445, 0.2560876713757903, 0.438911988125878, -0.20383592218805494, 1.2752776432954898, 1.0245921516336474, 0.42396904460622875, -0.7213851175583837, 0.3496659885000683, -0.5915936314210155, 1.3153844260682281, 1.2198638448838093, 0.7690116833676693, -0.7057535105063594, -0.593214709912086, -0.8626716533395865, -0.8641358306892514, -0.08708410671312418], "A": [0.77, 0.705, 0.665, 0.625, 0.975, 1.83, 1.915, 1.7750000000000001, 1.7550000000000001, 1.74, 1.705, 2.36, 3.21, 3.4050000000000002, 3.0100000000000002, 2.83, 2.6750000000000003, 3.61, 4.455, 4.665, 4.83, 5.0, 4.23, 4.155, 4.3100000000000005, 0.0, 1.3, 0.3, 3.87, 2.555, 0.18, 0.41500000000000004, 2.15, 4.565, 1.495, 1.12, 3.11, 3.31, 2.235, 4.92, 4.015, 2.915, 3.73, 2.745, 0.495, 4.75, 3.505, 2.06, 2.47, 1.41, 0.885, 0], "R": [1, 1, 1, 1, 1, 1, 1, 1, 1, 1, 0, 0, 0, 0, 0, 0, 0, 0, 0, 0, 0, 0, 0, 0, 0, 0, 0, 0, 0, 0, 0, 0, 0, 0, 0, 0, 0, 0, 0, 0, 0, 0, 0, 0, 0, 0, 0, 0, 0, 0, 0, 0]}