{"RTG": [28, 27, 26, 25, 24, 23, 22, 21, 20, 19, 18, 17, 16, 15, 14, 13, 12, 11, 10, 9, 8, 7, 6, 5, 4, 3, 2, 1, 0, 0, 0, 0, 0, 0, 0, 0, 0, 0, 0, 0, 0, 0, 0, 0, 0, 0, 0, 0, 0, 0, 0, 0], "S": [0, 0.21421182414513124, -0.5651519821379951, 0.42661607931867784, 0.10777792340828776, -0.5681424030680832, -0.9561600736877052, 0.45867151981736537, 0.4109152650008146, 1.2829686885252671, 1.3153844260682281, -0.034142590711439366, -0.8086308259890348, 0.8564619056302556, 0.47891439095336297, 0.7170916018157362, 0.6369849008242138, -0.2695911284410121, 1.2198638448838093, 1.2218576619033426, 1.1460939208731853, 1.1269664878719414, -0.3169393062321038, 1.2992127756900016, 0.7881508443671758, -0.7413584525528033, 1.5204906701516285, 2.198622511720558, 2.486335711065681, 2.6462676611234475, -1.1142781305849165, 1.7668558624147594, 2.0286591678260097, 1.2699450427223564, -0.5915936314210155, -1.3062435570172963, 1.1413307041700922, 0.9730814183255039, 0.7554559803553068, 0.7810947647226019, 0.29901449907859046, 0.35607588040206334, 0.4304544603542519, -0.4354061667458947, 0.8124124524666402, -1.4864591883310811, -0.5821590646936314, -0.37205149742952043, 0.8132786627774347, -0.1444384360798626, -2.078054622311628, 0.34532270229374284], "A": [1.065, 0.975, 1.105, 1.17, 0.0, 2.0300000000000002, 2.88, 2.945, 2.7800000000000002, 2.745, 3.09, 3.9450000000000003, 4.8, 4.9, 4.6850000000000005, 4.5200000000000005, 4.38, 0.495, 0.44, 0.33, 0.59, 0.23, 0.38, 0.72, 3.515, 1.61, 1.645, 1.665, 1.685, 2.39, 4.165, 4.235, 3.3000000000000003, 3.73, 1.3900000000000001, 2.21, 2.575, 3.38, 5.0, 1.86, 0.8250000000000001, 3.21, 4.07, 2.145, 3.835, 3.625, 2.5, 4.6000000000000005, 0.095, 1.29, 2.29, 0], "R": [1, 1, 1, 1, 1, 1, 1, 1, 1, 1, 1, 1, 1, 1, 1, 1, 1, 1, 1, 1, 1, 1, 1, 1, 1, 1, 1, 1, 0, 0, 0, 0, 0, 0, 0, 0, 0, 0, 0, 0, 0, 0, 0, 0, 0, 0, 0, 0, 0, 0, 0, 0]}