{"RTG": [6, 5, 4, 3, 2, 1, 0, 0, 0, 0, 0, 0, 0, 0, 0, 0, 0, 0, 0, 0, 0, 0, 0, 0, 0, 0, 0, 0, 0, 0, 0, 0, 0, 0, 0, 0, 0, 0, 0, 0, 0, 0, 0, 0, 0, 0, 0, 0, 0, 0, 0, 0], "S": [0, -0.5573659080551784, -0.5681424030680832, 1.899839506890742, 1.3644503580708482, 2.2096243099566566, 2.404467632602444, 2.665056914615652, 1.189694727779941, 0.849990625769365, 0.6982589645466594, 0.5488342955281749, 0.5033711967483209, 0.30905408296601417, -0.7495170589353438, -0.5628831503192052, 0.4462543804591722, 0.7582537177375791, 0.8036415820234936, 0.7810947647226019, 1.4124672145230344, 1.4381036978079742, -0.7078722906587652, 1.2217589136693932, 1.2417797507923742, 1.184145623379665, -0.48797384671598903, 0.5840020559624679, -1.8790008443431394, 0.6800540626825456, -1.2849974428615545, 0.1321564168933086, 0.37368707232447523, -0.23905034826659827, 0.7652276639764811, -0.8566861004606161, 1.05823352995558, 1.2752776432954898, 0.3659378656084991, 0.42396904460622875, 2.199560797986056, 1.142098306587714, 1.1795391579642154, -0.7657231146818407, -0.16532530793633957, 0.8854292108061834, -0.2338234595287891, 0.32211413453554105, 0.16895881349534878, -1.182399402186969, 0.7690116833676693, -1.0316810346736789], "A": [0.935, 0.0, 1.7750000000000001, 1.805, 1.7550000000000001, 1.74, 1.705, 2.705, 2.835, 2.555, 3.025, 3.215, 3.41, 2.355, 3.63, 4.4750000000000005, 4.665, 4.83, 5.0, 4.2700000000000005, 4.15, 4.005, 0.47000000000000003, 0.34500000000000003, 0.625, 0.215, 0.745, 1.2750000000000001, 2.1350000000000002, 3.805, 1.475, 1.09, 4.365, 4.575, 2.04, 2.23, 3.31, 2.93, 4.92, 4.21, 0.55, 2.63, 3.525, 0.1, 1.575, 3.115, 0.835, 1.165, 3.9050000000000002, 4.75, 2.455, 0], "R": [1, 1, 1, 1, 1, 1, 0, 0, 0, 0, 0, 0, 0, 0, 0, 0, 0, 0, 0, 0, 0, 0, 0, 0, 0, 0, 0, 0, 0, 0, 0, 0, 0, 0, 0, 0, 0, 0, 0, 0, 0, 0, 0, 0, 0, 0, 0, 0, 0, 0, 0, 0]}