{"RTG": [11, 10, 9, 8, 7, 6, 5, 4, 3, 2, 1, 0, 0, 0, 0, 0, 0, 0, 0, 0, 0, 0, 0, 0, 0, 0, 0, 0, 0, 0, 0, 0, 0, 0, 0, 0, 0, 0, 0, 0, 0, 0, 0, 0, 0, 0, 0, 0, 0, 0, 0, 0], "S": [0, 1.3014072903111207, 1.1460939208731853, 1.233874684983979, 1.1269664878719414, 1.1694360114222457, 0.4534819021847498, -0.14790562743189078, 1.3220304032576353, 2.1109965038009197, 2.4252267062251835, 2.583789023717434, 2.6732740673741575, -0.7758314779013478, -1.7182524106449804, 1.2607647850267172, 0.35215098025751895, 1.1390065784520442, -0.6399272688825074, -0.6250762041214045, 0.7765038309941795, 0.7433692441740283, -0.1681685232451838, 0.42396904460622875, 1.2699450427223564, -0.043400782201073435, 0.15531055956049092, -0.2767185250323555, -0.05613805381416219, 1.1283506934188439, -0.09101694669670529, 0.27750730430012266, -1.0793329670954217, 1.9631888737933478, 0.10777792340828776, -0.7387734467982239, 2.124266822246258, 0.7810947647226019, -0.30881443111225443, -0.6433226681011133, 0.49481502529770993, 0.7697164372501104, -0.5681424030680832, 1.2423047404347072, -1.5240886404133587, 0.5544970678689413, -1.4376841077764138, 0.8814861408638388, 0.8036415820234936, 0.9147600389067359, 1.0487836559167683, 1.2008932538035024], "A": [0.37, 0.33, 0.425, 0.59, 0.665, 0.77, 0.06, 1.6, 1.6400000000000001, 1.6600000000000001, 1.675, 1.7, 1.93, 1.37, 2.785, 2.91, 2.6550000000000002, 2.485, 3.735, 4.58, 4.74, 4.405, 4.92, 3.3000000000000003, 3.1750000000000003, 3.42, 4.08, 1.035, 2.215, 2.315, 2.11, 3.915, 4.24, 1.17, 3.58, 4.19, 5.0, 0.905, 0.18, 3.035, 4.66, 0.0, 2.72, 1.2550000000000001, 4.495, 3.825, 1.83, 4.83, 2.57, 3.355, 0.515, 0], "R": [1, 1, 1, 1, 1, 1, 1, 1, 1, 1, 1, 0, 0, 0, 0, 0, 0, 0, 0, 0, 0, 0, 0, 0, 0, 0, 0, 0, 0, 0, 0, 0, 0, 0, 0, 0, 0, 0, 0, 0, 0, 0, 0, 0, 0, 0, 0, 0, 0, 0, 0, 0]}