{"RTG": [25, 24, 23, 22, 21, 20, 19, 18, 17, 16, 15, 14, 13, 12, 11, 10, 9, 8, 7, 6, 5, 4, 3, 2, 1, 0, 0, 0, 0, 0, 0, 0, 0, 0, 0, 0, 0, 0, 0, 0, 0, 0, 0, 0, 0, 0, 0, 0, 0, 0, 0, 0], "S": [0, 1.10297997475711, 0.5757938005403606, 1.2628973292464318, -0.6800648534759454, -0.6664423878806288, 0.3857365692963434, 0.3321029361393006, 1.2423047404347072, 1.1288287176578806, 1.3006506431464921, 0.5241625713457142, 0.3573440360234566, 0.4633443805678566, -0.7811408998812415, -0.2009931560051553, 0.7810947647226019, 0.5209078855902575, 0.7170916018157362, 0.7871845460010397, -0.6874175835325607, 0.4014163575618112, 1.2005613140987013, 1.1204461855443508, 2.018703006539025, 2.486335711065681, 2.6462676611234475, 1.550053509588688, -0.09101694669670529, -0.5681424030680832, -0.5088549283725726, 2.1990799042829505, 1.4381036978079742, 1.5186593645993924, -1.1394990942280583, -1.1958523683721816, 1.1400171087098125, 1.275078842405209, 0.8478622810701648, -0.5980416703876035, 0.41313196293813004, -0.25355152682405413, -1.1684325326578182, -0.44919934217062807, 1.2230482233664581, 0.5747902204568268, -0.03201196311671608, -1.2809619500582092, 2.6246497070519292, 0.5674801530142803, 0.20124723393830407, 0.9421555065576516], "A": [0.325, 0.28500000000000003, 0.35000000000000003, 1.215, 2.055, 2.895, 3.055, 2.72, 2.6750000000000003, 2.775, 2.545, 3.205, 3.4, 3.555, 4.4, 5.0, 4.89, 4.6850000000000005, 4.585, 3.99, 0.795, 0.64, 0.58, 1.635, 1.665, 1.685, 1.795, 2.315, 0.0, 0.985, 4.205, 4.15, 4.265, 3.79, 1.395, 2.19, 3.305, 4.785, 1.915, 1.1, 0.115, 2.435, 3.67, 0.48, 4.5, 0.88, 3.895, 1.715, 2.985, 1.485, 2.245, 0], "R": [1, 1, 1, 1, 1, 1, 1, 1, 1, 1, 1, 1, 1, 1, 1, 1, 1, 1, 1, 1, 1, 1, 1, 1, 1, 0, 0, 0, 0, 0, 0, 0, 0, 0, 0, 0, 0, 0, 0, 0, 0, 0, 0, 0, 0, 0, 0, 0, 0, 0, 0, 0]}