{"RTG": [26, 25, 24, 23, 22, 21, 20, 19, 18, 17, 16, 15, 14, 13, 12, 11, 10, 9, 8, 7, 6, 5, 4, 3, 2, 1, 0, 0, 0, 0, 0, 0, 0, 0, 0, 0, 0, 0, 0, 0, 0, 0, 0, 0, 0, 0, 0, 0, 0, 0, 0, 0], "S": [0, 1.1678514241253621, 1.2198638448838093, 1.2473233634412009, 1.2417797507923742, 0.06518168505993671, -1.1958523683721816, 0.8399611402853264, -0.6776977831069698, 1.1260754615276558, -1.0849883657686858, 0.5033711967483209, 1.0487836559167683, -0.06490318263147667, 1.275078842405209, 0.7352255488802192, -0.130551393865645, 2.186387029405289, 1.8594942356609157, 0.8058072136235602, 0.7690116833676693, 0.43333794832263955, -0.611716481250362, 1.2033515197286617, 0.35893135363273554, 1.1326765301622912, -1.0882046889653323, 2.6732740673741575, 2.5551020877188306, 2.356485375892664, -0.5681424030680832, 0.5840020559624679, 0.16895881349534878, 0.6982589645466594, -0.7260747810041374, 0.37860667503134976, -0.6016781995881259, 0.7810947647226019, 0.3941168188128473, 0.2992456858903939, -1.7120879587304418, 0.37144358779605585, 0.28719849522687874, 0.623634391545786, -0.22043538557598594, -0.8626716533395865, 1.1988872073150763, 0.8188852879171115, -0.6048098286998949, 0.18863804225015912, -0.4611514236144929, -0.2575596417689937], "A": [0.535, 0.495, 0.41500000000000004, 0.34500000000000003, 0.255, 1.395, 2.255, 2.35, 2.185, 2.0100000000000002, 3.215, 3.355, 3.435, 3.305, 4.3, 4.41, 4.2, 4.17, 4.595, 4.75, 4.915, 0.9550000000000001, 2.795, 2.9050000000000002, 2.68, 3.785, 1.7, 1.725, 1.655, 0.0, 0.745, 1.165, 2.555, 3.96, 3.0500000000000003, 3.62, 5.0, 1.855, 0.84, 1.2650000000000001, 1.52, 1.075, 4.515, 0.11, 2.47, 0.65, 4.825, 4.055, 2.105, 3.7, 3.12, 0], "R": [1, 1, 1, 1, 1, 1, 1, 1, 1, 1, 1, 1, 1, 1, 1, 1, 1, 1, 1, 1, 1, 1, 1, 1, 1, 1, 0, 0, 0, 0, 0, 0, 0, 0, 0, 0, 0, 0, 0, 0, 0, 0, 0, 0, 0, 0, 0, 0, 0, 0, 0, 0]}