{"RTG": [24, 23, 22, 21, 20, 19, 18, 17, 16, 15, 14, 13, 12, 11, 10, 9, 8, 7, 6, 5, 4, 3, 2, 1, 0, 0, 0, 0, 0, 0, 0, 0, 0, 0, 0, 0, 0, 0, 0, 0, 0, 0, 0, 0, 0, 0, 0, 0, 0, 0, 0, 0], "S": [0, 0.6951830673805045, 0.5544970678689413, 0.8235016011496119, 0.7170916018157362, 0.7352255488802192, 2.1300292046727938, 2.186387029405289, -0.5681424030680832, 0.27208023610146237, 0.0866432673157289, 1.1971315791461121, 1.1935643644957392, 1.3014072903111207, 0.06518168505993671, -2.2362571854591744, 1.0814212867534516, 0.26116185121244917, -0.7349959441494497, -0.26899053000129997, -0.5091648528801574, 1.2766244561205646, 0.849990625769365, 1.1712103381729184, 0.7810947647226019, 2.6462676611234475, 2.648718288939445, 1.4202812468229182, 0.6858565367473983, -1.182399402186969, 0.5946153418392212, -0.7197448335686071, 0.5519536381881391, 0.783357385465521, -0.657719301396538, 1.2009822841548368, 0.7008456084275234, -0.5574404173745552, -0.9336474874188099, -0.32750870905583246, 0.22387517807153576, 0.09060725392395028, 1.2218576619033426, -0.5973820916024358, -0.8275862870460531, 0.8560300178421365, 1.129227959703775, 0.3321029361393006, 1.05823352995558, -1.0846614795250824, 1.2256976844807996, 0.44388205005933845], "A": [4.545, 4.495, 4.61, 4.6850000000000005, 4.3, 4.225, 4.2, 0.0, 0.845, 1.05, 0.635, 0.52, 0.37, 0.255, 1.315, 2.1750000000000003, 2.295, 2.05, 3.145, 3.645, 2.73, 2.835, 2.605, 5.0, 1.685, 1.71, 1.605, 3.3850000000000002, 3.9050000000000002, 4.875, 2.48, 2.98, 1.835, 3.495, 3.2800000000000002, 0.73, 4.0600000000000005, 3.77, 0.125, 1.16, 1.47, 0.44, 0.9450000000000001, 1.935, 4.795, 2.665, 3.055, 2.23, 1.4000000000000001, 3.33, 4.95, 0], "R": [1, 1, 1, 1, 1, 1, 1, 1, 1, 1, 1, 1, 1, 1, 1, 1, 1, 1, 1, 1, 1, 1, 1, 1, 0, 0, 0, 0, 0, 0, 0, 0, 0, 0, 0, 0, 0, 0, 0, 0, 0, 0, 0, 0, 0, 0, 0, 0, 0, 0, 0, 0]}