{"RTG": [29, 28, 27, 26, 25, 24, 23, 22, 21, 20, 19, 18, 17, 16, 15, 14, 13, 12, 11, 10, 9, 8, 7, 6, 5, 4, 3, 2, 1, 0, 0, 0, 0, 0, 0, 0, 0, 0, 0, 0, 0, 0, 0, 0, 0, 0, 0, 0, 0, 0, 0, 0], "S": [0, 1.1637413930916065, 1.1551915578798113, 1.2918036410372127, 1.2341595925880817, -0.6399272688825074, -0.5681424030680832, 0.2045054376024882, 0.0866432673157289, 1.1929647133334638, 1.1398863076022887, 1.2207514698396822, 1.2722439051238437, 1.0542425639738024, 0.7008456084275234, -0.598610461628525, -1.1958523683721816, -0.47945674206180294, 0.5928665680352182, 0.8164466281105316, 0.7824357235715943, 0.5209078855902575, -0.011464620116161107, -0.7758314779013478, 0.7143651627474831, -0.2338234595287891, 1.2256976844807996, 0.5392684839855656, -0.7213851175583837, 2.539316846348272, 2.6730387989219673, 2.4602044790854074, 1.1260754615276558, -1.4647684387382283, 0.5054056779022843, -0.3782782412797233, 0.7810947647226019, 2.0751036904311593, 1.0554799424175512, 0.4508392748499579, -0.26302149708902195, 1.9631888737933478, 0.493019990916102, -0.7834705376033333, -0.611716481250362, -0.1285737335390223, -2.078054622311628, 0.8814861408638388, 0.5488342955281749, -0.9374506081177982, -0.661659592454025, 0.7535780975912624], "A": [2.64, 2.6, 2.735, 2.79, 2.485, 0.0, 0.855, 1.05, 0.655, 0.6, 0.465, 0.4, 0.32, 0.73, 0.2, 1.395, 3.6550000000000002, 4.505, 4.635, 4.755, 4.89, 4.34, 1.93, 3.23, 3.115, 3.33, 3.395, 4.015, 1.67, 1.695, 1.735, 2.185, 3.83, 2.2800000000000002, 1.2, 5.0, 4.1850000000000005, 4.135, 2.955, 2.08, 4.24, 1.54, 3.54, 0.9550000000000001, 0.09, 1.29, 1.83, 3.025, 2.37, 3.74, 4.57, 0], "R": [1, 1, 1, 1, 1, 1, 1, 1, 1, 1, 1, 1, 1, 1, 1, 1, 1, 1, 1, 1, 1, 1, 1, 1, 1, 1, 1, 1, 1, 0, 0, 0, 0, 0, 0, 0, 0, 0, 0, 0, 0, 0, 0, 0, 0, 0, 0, 0, 0, 0, 0, 0]}