{"RTG": [18, 17, 16, 15, 14, 13, 12, 11, 10, 9, 8, 7, 6, 5, 4, 3, 2, 1, 0, 0, 0, 0, 0, 0, 0, 0, 0, 0, 0, 0, 0, 0, 0, 0, 0, 0, 0, 0, 0, 0, 0, 0, 0, 0, 0, 0, 0, 0, 0, 0, 0, 0], "S": [0, -0.5225634108889254, -0.5681424030680832, 0.2992456858903939, -0.4088659150438583, 0.3905628121415768, 0.21347584363378308, 1.2457424006890583, 0.9438680768787604, 1.2599255689740672, 2.1646963807230764, 1.8063011458935552, 2.1614265129414165, 0.7810947647226019, 0.6977617291854273, 0.7259718516629005, 2.1109965038009197, 1.3220304032576353, 2.486335711065681, 2.6462676611234475, -2.2383187886964397, 1.3265893946558156, 1.1637413930916065, 0.35893135363273554, 1.2881202542280985, 1.2072785431808835, -0.09834637685729146, -0.8348946779313645, -0.9092916740966068, 0.6726275675323473, -0.17560713225483768, -0.7486598192425545, -0.7387734467982239, 1.184145623379665, 0.2053593529541412, 0.438911988125878, 1.1484487020849217, 0.5243572241097797, 0.10058988888118321, -0.28949292123513, 0.8205579041063652, -0.3782782412797233, -0.5010243947417435, 0.6800540626825456, -0.1333343676888655, 1.1740795034056069, -1.5157966450157259, 1.1460939208731853, -0.4570567081919362, 0.421746209599056, 2.13684204514209, -0.05613805381416219], "A": [2.34, 0.0, 0.84, 0.915, 0.805, 3.1950000000000003, 3.325, 3.365, 3.295, 4.22, 4.25, 4.195, 5.0, 4.855, 4.68, 1.6400000000000001, 1.6, 1.665, 1.685, 1.32, 2.7600000000000002, 2.64, 2.9050000000000002, 0.39, 0.51, 0.245, 3.7600000000000002, 2.035, 4.535, 2.5100000000000002, 3.955, 3.58, 0.625, 1.865, 1.12, 2.195, 3.0300000000000002, 4.4350000000000005, 0.12, 4.7700000000000005, 1.2, 4.065, 2.1350000000000002, 1.45, 2.7, 3.85, 0.33, 3.665, 4.94, 1.76, 1.035, 0], "R": [1, 1, 1, 1, 1, 1, 1, 1, 1, 1, 1, 1, 1, 1, 1, 1, 1, 1, 0, 0, 0, 0, 0, 0, 0, 0, 0, 0, 0, 0, 0, 0, 0, 0, 0, 0, 0, 0, 0, 0, 0, 0, 0, 0, 0, 0, 0, 0, 0, 0, 0, 0]}