{"RTG": [24, 23, 22, 21, 20, 19, 18, 17, 16, 15, 14, 13, 12, 11, 10, 9, 8, 7, 6, 5, 4, 3, 2, 1, 0, 0, 0, 0, 0, 0, 0, 0, 0, 0, 0, 0, 0, 0, 0, 0, 0, 0, 0, 0, 0, 0, 0, 0, 0, 0, 0, 0], "S": [0, -1.0364517181494661, -0.5681424030680832, 0.1642534074841468, -0.6092041357060602, 0.3680109104289028, 0.4949049722078865, 1.1832205329391008, 1.1914882796809394, -2.2383187886964397, 1.0814212867534516, 1.0245921516336474, -0.4345148689017537, 0.8250163897131615, 0.7063621804743907, 0.5747902204568268, 0.5690923241108877, 0.7810947647226019, 0.13840231823318014, 0.5950547331054502, -0.2844192542658805, 0.3857365692963434, 1.132872154906867, 1.154923932830813, -0.6399272688825074, 2.6732740673741575, 2.583789023717434, 2.2787485889783183, -0.2620302510306252, 0.025247930055477295, 0.6560959005237793, 1.2473233634412009, -0.6592004082044743, 1.2699450427223564, -0.7486598192425545, 0.3971961720618536, -0.5519999276125631, 0.42103107830772674, 2.199560797986056, -0.3881858065598431, 1.3006506431464921, 1.2198638448838093, 0.7801908353249076, 1.8063011458935552, -0.6019000811690085, -0.5765074546122056, 0.8564619056302556, -0.4448451563527119, -0.28307668106601713, 0.8848719625808373, -0.11355670144341846, -1.4389975327009001], "A": [3.7800000000000002, 0.0, 0.86, 0.96, 0.8200000000000001, 0.76, 0.66, 0.63, 1.32, 2.1750000000000003, 2.235, 2.07, 4.625, 4.72, 4.5, 4.88, 5.0, 4.33, 3.005, 3.13, 2.895, 2.595, 2.645, 2.485, 1.7, 1.675, 1.75, 3.45, 4.095, 0.29, 0.41500000000000004, 3.605, 3.3000000000000003, 3.955, 1.5250000000000001, 0.155, 1.1300000000000001, 4.21, 1.9000000000000001, 2.775, 0.495, 3.235, 4.25, 2.345, 1.21, 4.8, 3.69, 1.44, 3.37, 0.075, 3.875, 0], "R": [1, 1, 1, 1, 1, 1, 1, 1, 1, 1, 1, 1, 1, 1, 1, 1, 1, 1, 1, 1, 1, 1, 1, 1, 0, 0, 0, 0, 0, 0, 0, 0, 0, 0, 0, 0, 0, 0, 0, 0, 0, 0, 0, 0, 0, 0, 0, 0, 0, 0, 0, 0]}