{"RTG": [10, 9, 8, 7, 6, 5, 4, 3, 2, 1, 0, 0, 0, 0, 0, 0, 0, 0, 0, 0, 0, 0, 0, 0, 0, 0, 0, 0, 0, 0, 0, 0, 0, 0, 0, 0, 0, 0, 0, 0, 0, 0, 0, 0, 0, 0, 0, 0, 0, 0, 0, 0], "S": [0, 0.47240745786319704, 0.920655627807069, 1.1694360114222457, 1.184145623379665, -0.5394071747880208, 0.783357385465521, -0.8275862870460531, 2.060748031034219, 2.404467632602444, 2.593288167724146, 2.6640935024130794, 1.2829686885252671, 0.35893135363273554, 1.1464646165049321, -0.7197448335686071, -0.5915936314210155, 0.7652276639764811, 0.7318721648963916, -0.2009931560051553, 0.42396904460622875, -0.5681424030680832, 1.2599255689740672, -0.0968313948440262, 0.2318331862051065, -0.3605851279422107, -2.078054622311628, 0.8066810032092551, 1.1413307041700922, -0.6433226681011133, 1.2473233634412009, -0.0017655707758112728, -1.182399402186969, 2.0286591678260097, 0.3643491653233505, -0.7506979107943184, 2.0751036904311593, 0.7810947647226019, 0.09060725392395028, 0.438911988125878, 0.5243572241097797, 0.780918615055049, 1.2243412031117622, 1.2198638448838093, 0.8188852879171115, -0.08708410671312418, -1.3691595699046264, 0.5176853876426791, 0.6284470719106436, 0.8492731788192288, -0.11299887448909537, 1.0942090702771463], "A": [0.765, 0.705, 0.665, 0.625, 0.98, 1.835, 1.935, 1.7650000000000001, 1.74, 1.72, 1.69, 2.7800000000000002, 2.9050000000000002, 2.65, 2.48, 3.73, 4.575, 4.735, 4.4, 4.92, 0.0, 3.295, 3.17, 3.415, 4.075, 1.29, 0.3, 2.21, 0.18, 0.41500000000000004, 2.31, 3.9050000000000002, 4.235, 2.115, 3.575, 4.1850000000000005, 5.0, 1.47, 1.12, 3.0300000000000002, 4.655, 2.715, 0.495, 4.825, 0.885, 3.815, 4.3100000000000005, 1.555, 2.565, 0.08, 3.35, 0], "R": [1, 1, 1, 1, 1, 1, 1, 1, 1, 1, 0, 0, 0, 0, 0, 0, 0, 0, 0, 0, 0, 0, 0, 0, 0, 0, 0, 0, 0, 0, 0, 0, 0, 0, 0, 0, 0, 0, 0, 0, 0, 0, 0, 0, 0, 0, 0, 0, 0, 0, 0, 0]}