{"RTG": [21, 20, 19, 18, 17, 16, 15, 14, 13, 12, 11, 10, 9, 8, 7, 6, 5, 4, 3, 2, 1, 0, 0, 0, 0, 0, 0, 0, 0, 0, 0, 0, 0, 0, 0, 0, 0, 0, 0, 0, 0, 0, 0, 0, 0, 0, 0, 0, 0, 0, 0, 0], "S": [0, 0.609313522152387, 1.1302751163004074, 1.313771510494162, 1.2066195172364638, -0.7197448335686071, -0.5681424030680832, 0.2992456858903939, -0.2543664896025655, 1.1293561077306389, 1.14814577970639, 1.221849818761846, 1.2473233634412009, 1.10297997475711, -0.4371655090445092, -0.4909143663015248, 0.7065887481278916, 0.7468985423979649, 0.8418830957241761, 0.41543750807331425, -0.130551393865645, 2.404467632602444, 2.648718288939445, 2.6194882783227276, -0.1333343676888655, 1.2599255689740672, -0.0968313948440262, 0.2318331862051065, 0.27750730430012266, -0.5574404173745552, -1.1083866239228302, 0.6517420719044649, -0.9194276956093578, 2.0286591678260097, 1.0765033972163964, 1.9421985709844345, -1.488154407535072, -0.7609918060846543, 0.5243572241097797, 0.8854292108061834, -0.8169671187903633, 0.7810947647226019, 0.438911988125878, 1.1400171087098125, 1.1037847808441072, -0.1444384360798626, 0.4949049722078865, -1.968180204763193, 0.7558657355637947, 0.587534579924061, 1.0942090702771463, -0.7486598192425545], "A": [2.86, 2.805, 2.77, 2.71, 2.48, 0.0, 0.84, 1.0150000000000001, 0.675, 0.605, 0.49, 0.41500000000000004, 0.325, 0.22, 3.71, 4.55, 4.67, 4.815, 4.93, 4.41, 1.74, 1.71, 1.68, 1.45, 3.295, 3.17, 3.415, 2.11, 4.0600000000000005, 1.235, 2.27, 1.945, 4.235, 4.285, 4.175, 3.865, 3.5700000000000003, 3.0300000000000002, 1.575, 2.36, 5.0, 1.12, 2.19, 2.59, 0.095, 0.76, 1.355, 4.745, 1.845, 3.35, 3.955, 0], "R": [1, 1, 1, 1, 1, 1, 1, 1, 1, 1, 1, 1, 1, 1, 1, 1, 1, 1, 1, 1, 1, 0, 0, 0, 0, 0, 0, 0, 0, 0, 0, 0, 0, 0, 0, 0, 0, 0, 0, 0, 0, 0, 0, 0, 0, 0, 0, 0, 0, 0, 0, 0]}