{"RTG": [27, 26, 25, 24, 23, 22, 21, 20, 19, 18, 17, 16, 15, 14, 13, 12, 11, 10, 9, 8, 7, 6, 5, 4, 3, 2, 1, 0, 0, 0, 0, 0, 0, 0, 0, 0, 0, 0, 0, 0, 0, 0, 0, 0, 0, 0, 0, 0, 0, 0, 0, 0], "S": [0, -1.1127621184986758, -0.5681424030680832, 0.1642534074841468, -0.6092041357060602, 0.3680109104289028, 0.4949049722078865, 1.1832205329391008, 1.1914882796809394, -2.2383187886964397, 1.2599255689740672, 1.2005038616307513, 0.5754088667607283, 2.0751036904311593, 2.1880040451103517, 1.5186593645993924, 0.7810947647226019, 0.6977617291854273, 0.7360187314858049, -0.2319763522557701, -0.6250762041214045, 0.9001162474095208, 1.189694727779941, 0.6560959005237793, 0.7486707964918938, 0.6838990714313047, 2.1109965038009197, 2.6194882783227276, 2.665056914615652, 0.5674801530142803, -0.7834705376033333, -0.9311057892287455, 1.2473233634412009, 0.7817142987958644, -0.5519999276125631, 1.1712103381729184, 0.42103107830772674, -0.9561600736877052, 0.10058988888118321, 0.16883208745421255, 0.06986426174581307, 0.8085877969105064, 1.2198638448838093, -0.6737740081427814, -0.526117465012331, 1.8155548068888594, -0.5225634108889254, 0.35893135363273554, -0.4757085314032074, 0.421746209599056, -1.4864591883310811, -0.06490318263147667], "A": [2.445, 0.0, 0.86, 0.96, 0.8200000000000001, 0.76, 0.66, 0.63, 1.32, 3.295, 3.335, 3.22, 4.1850000000000005, 4.215, 4.265, 5.0, 4.855, 4.675, 1.8900000000000001, 3.735, 2.83, 2.705, 0.29, 2.14, 4.54, 1.6400000000000001, 1.68, 1.705, 2.985, 3.54, 3.93, 0.41500000000000004, 2.2600000000000002, 0.155, 2.605, 1.1300000000000001, 2.0300000000000002, 4.4350000000000005, 1.48, 3.08, 4.765, 0.495, 4.045, 3.64, 1.78, 2.34, 2.9050000000000002, 1.205, 4.94, 3.835, 3.435, 0], "R": [1, 1, 1, 1, 1, 1, 1, 1, 1, 1, 1, 1, 1, 1, 1, 1, 1, 1, 1, 1, 1, 1, 1, 1, 1, 1, 1, 0, 0, 0, 0, 0, 0, 0, 0, 0, 0, 0, 0, 0, 0, 0, 0, 0, 0, 0, 0, 0, 0, 0, 0, 0]}