{"RTG": [24, 23, 22, 21, 20, 19, 18, 17, 16, 15, 14, 13, 12, 11, 10, 9, 8, 7, 6, 5, 4, 3, 2, 1, 0, 0, 0, 0, 0, 0, 0, 0, 0, 0, 0, 0, 0, 0, 0, 0, 0, 0, 0, 0, 0, 0, 0, 0, 0, 0, 0, 0], "S": [0, -2.2362571854591744, -0.5681424030680832, 1.1400171087098125, 1.05823352995558, 0.4485587152594895, -0.1275144827788334, -0.8865485997154794, 0.8560300178421365, 0.5690923241108877, 0.7096778610505728, 0.6494093557430308, -0.2009931560051553, 1.201293032425701, 1.072987484673177, 1.1228239058413378, 1.233874684983979, 1.2992127756900016, 0.8758965088053228, -0.45340702261723914, 1.1740795034056069, 1.3265893946558156, 0.9978997859167429, -0.657719301396538, 2.593288167724146, 2.6730387989219673, 2.1109965038009197, -0.5550393478506724, 1.9421985709844345, 0.38850455016500957, 1.9631888737933478, -0.5344493610789871, 1.2254038456039946, -0.3116150948341032, 0.3954010906932002, 0.7810947647226019, -0.4836500766001137, 0.9438680768787604, 0.5143621100491487, 0.23008588075507877, -0.9374506081177982, -1.4376841077764138, -0.6211852992102556, -0.032732204163866366, 0.377304667011703, 0.2847659930484283, 1.132872154906867, 0.8132786627774347, -1.1212430247209308, -0.2543664896025655, 1.550053509588688, -0.7568219640141731], "A": [1.315, 0.0, 2.19, 2.23, 2.12, 3.1, 3.935, 4.795, 4.88, 4.69, 4.525, 4.4, 0.645, 0.685, 0.585, 0.425, 0.38, 0.305, 0.92, 2.7, 2.7600000000000002, 2.82, 3.495, 1.72, 1.695, 1.6400000000000001, 2.49, 4.175, 4.11, 4.24, 3.72, 3.285, 1.895, 1.095, 5.0, 0.145, 3.365, 2.97, 1.49, 2.37, 3.825, 3.615, 1.18, 0.8150000000000001, 3.2, 2.595, 4.6000000000000005, 1.995, 1.0150000000000001, 1.795, 1.415, 0], "R": [1, 1, 1, 1, 1, 1, 1, 1, 1, 1, 1, 1, 1, 1, 1, 1, 1, 1, 1, 1, 1, 1, 1, 1, 0, 0, 0, 0, 0, 0, 0, 0, 0, 0, 0, 0, 0, 0, 0, 0, 0, 0, 0, 0, 0, 0, 0, 0, 0, 0, 0, 0]}