{"RTG": [10, 9, 8, 7, 6, 5, 4, 3, 2, 1, 0, 0, 0, 0, 0, 0, 0, 0, 0, 0, 0, 0, 0, 0, 0, 0, 0, 0, 0, 0, 0, 0, 0, 0, 0, 0, 0, 0, 0, 0, 0, 0, 0, 0, 0, 0, 0, 0, 0, 0, 0, 0], "S": [0, 0.7008456084275234, 0.4254157691859527, 1.072987484673177, 1.1929647133334638, -0.5973820916024358, 1.2696251559757619, 0.4903847194743459, 1.640461454575373, 1.899839506890742, 2.593288167724146, 2.6730387989219673, 0.8399611402853264, -1.1987220633160474, 0.6800540626825456, 1.099627421136071, 0.4633443805678566, -0.2575596417689937, 2.1646963807230764, 0.9620205374516724, 1.4381036978079742, 0.7810947647226019, 0.7665022349198103, 0.7582537177375791, -0.5681424030680832, -0.5613504714487526, 1.3006506431464921, 0.40577549456587986, 1.1390065784520442, -2.078054622311628, 0.7332462169914621, 0.6612033019948327, 1.233874684983979, -1.0793329670954217, -0.7811408998812415, -0.5807826452226514, 0.1321564168933086, 0.43558581507364647, 0.6982589645466594, 0.7824357235715943, 0.5950547331054502, 0.10058988888118321, 1.2126012150820673, -0.7985100098253909, -0.7213855572269114, 0.41543750807331425, 1.2457424006890583, -0.032732204163866366, -1.3287532923747882, 0.6842214616603056, -0.11355670144341846, 1.2423047404347072], "A": [0.73, 0.78, 0.685, 0.655, 0.9450000000000001, 1.81, 1.85, 1.79, 1.7750000000000001, 1.72, 1.695, 2.255, 2.41, 2.1350000000000002, 3.265, 3.4, 3.12, 4.22, 4.29, 4.15, 5.0, 4.84, 4.665, 0.0, 3.725, 2.775, 2.89, 2.6550000000000002, 1.29, 0.295, 4.53, 0.425, 3.915, 3.555, 0.16, 1.475, 1.11, 2.555, 4.755, 3.005, 4.4350000000000005, 0.505, 2.045, 4.03, 4.93, 3.325, 1.18, 3.81, 1.56, 0.075, 2.72, 0], "R": [1, 1, 1, 1, 1, 1, 1, 1, 1, 1, 0, 0, 0, 0, 0, 0, 0, 0, 0, 0, 0, 0, 0, 0, 0, 0, 0, 0, 0, 0, 0, 0, 0, 0, 0, 0, 0, 0, 0, 0, 0, 0, 0, 0, 0, 0, 0, 0, 0, 0, 0, 0]}