{"RTG": [24, 23, 22, 21, 20, 19, 18, 17, 16, 15, 14, 13, 12, 11, 10, 9, 8, 7, 6, 5, 4, 3, 2, 1, 0, 0, 0, 0, 0, 0, 0, 0, 0, 0, 0, 0, 0, 0, 0, 0, 0, 0, 0, 0, 0, 0, 0, 0, 0, 0, 0, 0], "S": [0, -0.11157989388860974, -0.5681424030680832, -0.8566861004606161, 0.3496659885000683, 0.5674801530142803, 0.37860667503134976, -1.2326682407776417, 0.7824357235715943, 0.8542846964258753, 0.5444024669777516, 0.7065887481278916, 0.41171617023787066, 0.8250163897131615, 1.4124672145230344, 2.0286591678260097, 2.1880040451103517, 1.14814577970639, 0.7881508443671758, 1.2217589136693932, 1.183550878322407, -0.48797384671598903, -0.4088659150438583, 1.04671108121588, -0.009124780770441163, 2.665056914615652, 2.4602044790854074, -0.7197448335686071, -0.428093934136053, 1.1602292902251623, -0.4570567081919362, 1.1380356008066348, 0.7817142987958644, -2.2383187886964397, 0.21421182414513124, 0.02348309645291035, 1.1867253408604772, 0.14424649044003368, -0.5574404173745552, 1.050618440940789, 0.7810947647226019, 1.0487836559167683, -0.984767779832423, 2.583789023717434, 0.384592971877546, 1.2341595925880817, 1.2722439051238437, -0.8169671187903633, -0.1444384360798626, -0.7609918060846543, 1.1501940146532572, 0.4327458304589763], "A": [1.185, 0.0, 2.04, 2.915, 2.985, 3.0500000000000003, 3.9, 4.755, 4.805, 4.885, 4.55, 4.47, 4.625, 4.2700000000000005, 4.235, 4.215, 0.605, 0.72, 0.47000000000000003, 0.335, 0.215, 0.915, 1.585, 1.46, 1.705, 1.735, 2.48, 3.465, 2.695, 3.665, 3.27, 2.2600000000000002, 1.32, 1.065, 1.875, 2.615, 3.19, 4.0600000000000005, 2.17, 5.0, 3.355, 3.775, 1.675, 0.81, 2.79, 0.4, 2.36, 0.095, 3.5700000000000003, 0.545, 1.125, 0], "R": [1, 1, 1, 1, 1, 1, 1, 1, 1, 1, 1, 1, 1, 1, 1, 1, 1, 1, 1, 1, 1, 1, 1, 1, 0, 0, 0, 0, 0, 0, 0, 0, 0, 0, 0, 0, 0, 0, 0, 0, 0, 0, 0, 0, 0, 0, 0, 0, 0, 0, 0, 0]}