{"RTG": [10, 9, 8, 7, 6, 5, 4, 3, 2, 1, 0, 0, 0, 0, 0, 0, 0, 0, 0, 0, 0, 0, 0, 0, 0, 0, 0, 0, 0, 0, 0, 0, 0, 0, 0, 0, 0, 0, 0, 0, 0, 0, 0, 0, 0, 0, 0, 0, 0, 0, 0, 0], "S": [0, -0.4909143663015248, -0.5681424030680832, 0.2045054376024882, -0.5973820916024358, 0.377304667011703, 1.3644503580708482, 0.587534579924061, 1.7290264375923594, 1.9816540052700344, 2.593288167724146, 2.6730387989219673, 0.5804748080628606, -1.0754068804073755, 0.6800540626825456, 0.7181670574127406, 0.7063621804743907, -0.2679591565011226, 0.46108902787231554, 0.016953564100676687, 1.2473233634412009, 1.158880316031669, 0.2360780316584261, 1.0487836559167683, -0.5960565376578272, 0.9022883692297691, -0.6963956180988685, 1.1302751163004074, 1.1392762323358923, -2.078054622311628, 0.3659378656084991, 2.199560797986056, 1.7165118520294746, 1.1988872073150763, 0.7810947647226019, -1.503718626120767, 0.09060725392395028, -0.4064917918700017, 0.438911988125878, 1.1037847808441072, 0.8164466281105316, 1.4381036978079742, -0.7985100098253909, -0.6592004082044743, 1.2628973292464318, 0.8418830957241761, 1.1413307041700922, -0.0968313948440262, -0.19572881840451012, 0.6284470719106436, 0.41171617023787066, 0.8327877808682069], "A": [3.71, 0.0, 0.855, 0.9450000000000001, 0.8150000000000001, 1.805, 1.845, 1.7850000000000001, 1.77, 1.72, 1.695, 2.275, 2.45, 2.1350000000000002, 4.555, 4.72, 4.375, 4.905, 3.085, 0.41500000000000004, 0.54, 0.265, 3.355, 3.485, 3.245, 4.04, 2.805, 2.685, 1.29, 2.93, 4.21, 4.255, 0.65, 5.0, 3.86, 1.47, 0.135, 1.12, 2.59, 4.635, 4.15, 2.045, 3.605, 0.35000000000000003, 4.815, 2.21, 3.17, 1.19, 1.555, 4.47, 0.715, 0], "R": [1, 1, 1, 1, 1, 1, 1, 1, 1, 1, 0, 0, 0, 0, 0, 0, 0, 0, 0, 0, 0, 0, 0, 0, 0, 0, 0, 0, 0, 0, 0, 0, 0, 0, 0, 0, 0, 0, 0, 0, 0, 0, 0, 0, 0, 0, 0, 0, 0, 0, 0, 0]}