{"RTG": [20, 19, 18, 17, 16, 15, 14, 13, 12, 11, 10, 9, 8, 7, 6, 5, 4, 3, 2, 1, 0, 0, 0, 0, 0, 0, 0, 0, 0, 0, 0, 0, 0, 0, 0, 0, 0, 0, 0, 0, 0, 0, 0, 0, 0, 0, 0, 0, 0, 0, 0, 0], "S": [0, -0.785730101527414, -0.5681424030680832, -0.17397932286250575, 0.35130374988897833, 0.5800560575903002, 0.37860667503134976, -1.0793329670954217, 0.8478622810701648, 0.8036415820234936, 0.7039863856329738, 0.5073931917166381, 0.6726275675323473, 0.14978629205510915, 1.14814577970639, 1.201293032425701, 0.7439499693117351, 1.2552709899027514, 1.3014072903111207, 0.6560959005237793, 2.539316846348272, 2.6732740673741575, 2.3438345106132012, -0.6399272688825074, -0.5597792807169675, 2.124266822246258, 0.7866678583339837, 1.8063011458935552, -0.6004221706752727, -0.06805584798382577, -0.4513534362588481, 1.1740795034056069, 0.6517420719044649, 1.1718425673152988, -0.7202755602478425, 1.1867253408604772, 1.0487836559167683, -0.4064917918700017, 0.37368707232447523, 1.1260754615276558, -2.035680965350923, 0.7456394742923096, -1.2384763947727195, 0.015058671514919365, 0.27208023610146237, 1.2033515197286617, -0.6944213635994284, -0.9374506081177982, -0.011464620116161107, 0.7810947647226019, -0.715299091384201, 0.783357385465521], "A": [1.22, 0.0, 2.085, 2.92, 2.99, 3.0500000000000003, 3.915, 4.785, 4.83, 4.695, 4.965, 4.535, 4.44, 0.605, 0.645, 0.725, 0.41000000000000003, 0.37, 0.29, 1.67, 1.7, 1.745, 2.485, 3.48, 4.19, 4.125, 4.25, 0.965, 1.455, 3.6950000000000003, 2.7, 2.27, 3.275, 1.925, 2.615, 3.355, 0.135, 1.09, 2.185, 1.35, 1.565, 3.8000000000000003, 3.18, 0.845, 2.795, 3.595, 2.37, 4.34, 5.0, 4.01, 1.835, 0], "R": [1, 1, 1, 1, 1, 1, 1, 1, 1, 1, 1, 1, 1, 1, 1, 1, 1, 1, 1, 1, 0, 0, 0, 0, 0, 0, 0, 0, 0, 0, 0, 0, 0, 0, 0, 0, 0, 0, 0, 0, 0, 0, 0, 0, 0, 0, 0, 0, 0, 0, 0, 0]}