{"RTG": [9, 8, 7, 6, 5, 4, 3, 2, 1, 0, 0, 0, 0, 0, 0, 0, 0, 0, 0, 0, 0, 0, 0, 0, 0, 0, 0, 0, 0, 0, 0, 0, 0, 0, 0, 0, 0, 0, 0, 0, 0, 0, 0, 0, 0, 0, 0, 0, 0, 0, 0, 0], "S": [0, -0.24919191085202425, -0.5681424030680832, 0.27208023610146237, -0.49337631073269567, 0.384592971877546, 1.550053509588688, 0.8814861408638388, 1.899839506890742, 2.13684204514209, 2.648718288939445, 1.2599296432649467, 0.7014264433005017, 1.0675806827655183, -1.2050087939706549, 0.3321029361393006, 1.1380356008066348, 0.38641500747199387, 0.7810947647226019, 0.7665022349198103, 0.7582537177375791, -1.3684260504266743, 1.2805352156985943, 1.2008932538035024, -0.017882150725342393, -2.2113535522026915, 1.7668558624147594, -0.18412100953310084, 2.0286591678260097, -0.6211852992102556, 0.9720001096732416, -0.043400782201073435, 0.6284470719106436, 0.7065887481278916, 1.1914882796809394, 0.8399611402853264, 0.42103107830772674, 0.4302381124583138, -0.7011682182012821, -0.32750870905583246, -0.6664423878806288, 0.42396904460622875, 1.1464646165049321, 0.7690116833676693, -0.7057535105063594, -0.5765074546122056, 2.539316846348272, -0.2050297928400839, 1.183550878322407, 0.7352255488802192, 0.040343652882350874, 1.2256976844807996], "A": [4.39, 0.0, 0.845, 0.925, 0.81, 1.795, 1.83, 1.7750000000000001, 1.76, 1.71, 2.725, 2.85, 2.585, 2.42, 3.055, 3.27, 3.4050000000000002, 5.0, 4.84, 4.665, 3.8850000000000002, 0.395, 0.515, 0.25, 1.33, 4.165, 4.085, 4.235, 3.615, 2.16, 3.1750000000000003, 1.555, 4.55, 0.63, 2.255, 1.1300000000000001, 2.95, 3.745, 0.125, 2.055, 4.92, 2.65, 4.75, 3.505, 1.21, 1.67, 1.445, 0.335, 4.3, 1.045, 3.33, 0], "R": [1, 1, 1, 1, 1, 1, 1, 1, 1, 0, 0, 0, 0, 0, 0, 0, 0, 0, 0, 0, 0, 0, 0, 0, 0, 0, 0, 0, 0, 0, 0, 0, 0, 0, 0, 0, 0, 0, 0, 0, 0, 0, 0, 0, 0, 0, 0, 0, 0, 0, 0, 0]}