{"RTG": [24, 23, 22, 21, 20, 19, 18, 17, 16, 15, 14, 13, 12, 11, 10, 9, 8, 7, 6, 5, 4, 3, 2, 1, 0, 0, 0, 0, 0, 0, 0, 0, 0, 0, 0, 0, 0, 0, 0, 0, 0, 0, 0, 0, 0, 0, 0, 0, 0, 0, 0, 0], "S": [0, 0.40577549456587986, 0.9496061264010378, 1.2341595925880817, 1.3265893946558156, -0.08257389710244357, -0.5681424030680832, 0.2045054376024882, 0.0866432673157289, 1.1929647133334638, 1.1327279928260916, 1.219269979845113, 1.294516094678491, 0.8758965088053228, -2.078054622311628, -0.8865485997154794, 0.8560300178421365, 0.4989637315144307, 0.7259718516629005, 0.623634391545786, -0.2679591565011226, -1.0323222330279518, -0.657719301396538, -1.0785053980520602, 2.486335711065681, 2.6730387989219673, 2.4602044790854074, 1.66510693211448, -0.18412100953310084, 2.084491255479688, -0.5344493610789871, 1.2254038456039946, 1.151436074096337, 0.2560876713757903, -0.5519999276125631, 0.8492731788192288, 0.7810947647226019, 0.9438680768787604, 0.1134268335735682, 0.5210538878624557, 0.6517420719044649, 0.3146398464699526, -1.4376841077764138, -0.6211852992102556, 0.21347584363378308, 0.8058072136235602, -0.6077964200381839, 1.1722023515752833, -0.8641358306892514, 0.4485587152594895, 0.5950547331054502, -0.11355670144341846], "A": [2.89, 2.825, 2.79, 2.7600000000000002, 3.095, 0.0, 0.855, 1.05, 0.655, 0.595, 0.455, 0.385, 0.305, 1.29, 3.935, 4.795, 4.8950000000000005, 4.68, 4.515, 4.375, 2.02, 3.495, 2.3850000000000002, 1.665, 1.695, 1.735, 4.16, 4.085, 4.23, 3.72, 3.285, 2.2, 1.495, 0.155, 2.565, 5.0, 3.365, 1.87, 0.755, 2.27, 1.1500000000000001, 3.825, 3.615, 3.1950000000000003, 4.595, 0.9500000000000001, 2.6350000000000002, 1.41, 2.12, 3.005, 0.075, 0], "R": [1, 1, 1, 1, 1, 1, 1, 1, 1, 1, 1, 1, 1, 1, 1, 1, 1, 1, 1, 1, 1, 1, 1, 1, 0, 0, 0, 0, 0, 0, 0, 0, 0, 0, 0, 0, 0, 0, 0, 0, 0, 0, 0, 0, 0, 0, 0, 0, 0, 0, 0, 0]}