{"RTG": [23, 22, 21, 20, 19, 18, 17, 16, 15, 14, 13, 12, 11, 10, 9, 8, 7, 6, 5, 4, 3, 2, 1, 0, 0, 0, 0, 0, 0, 0, 0, 0, 0, 0, 0, 0, 0, 0, 0, 0, 0, 0, 0, 0, 0, 0, 0, 0, 0, 0, 0, 0], "S": [0, -0.7834705376033333, -0.5681424030680832, 0.1642534074841468, -0.6092041357060602, 0.3680109104289028, 0.4949049722078865, 1.1832205329391008, 1.1914882796809394, -2.2383187886964397, 1.0814212867534516, 1.0245921516336474, -0.4345148689017537, -0.26316966470052044, 0.40577549456587986, 1.3049009603131116, 1.1740795034056069, 1.2607647850267172, 0.028266080697662052, 0.7810947647226019, 0.5209078855902575, 0.7170916018157362, 0.7765038309941795, -0.6958626735149382, 2.6730387989219673, 2.593288167724146, 2.1109965038009197, 0.4304544603542519, 0.6560959005237793, 2.0751036904311593, 0.7866678583339837, 1.8888071569415663, -0.9336474874188099, 1.0942090702771463, 1.2473233634412009, 0.23093654685116718, 0.1134268335735682, -0.5519999276125631, 0.42103107830772674, -1.0370239909719803, 0.23008588075507877, 0.8478622810701648, 0.00646266035523254, -0.4672195710409025, 1.2198638448838093, 0.5317048528935276, -1.4389975327009001, -0.4757085314032074, -1.054315683292044, 0.5800560575903002, 1.2009822841548368, 1.132872154906867], "A": [3.54, 0.0, 0.86, 0.96, 0.8200000000000001, 0.76, 0.66, 0.63, 1.32, 2.1750000000000003, 2.235, 2.07, 4.385, 2.89, 2.74, 2.7, 2.785, 2.52, 5.0, 4.89, 4.6850000000000005, 4.58, 3.97, 1.695, 1.72, 1.6400000000000001, 3.21, 0.29, 4.1850000000000005, 4.125, 4.245, 3.77, 3.35, 0.41500000000000004, 3.065, 1.87, 0.155, 1.1300000000000001, 2.38, 1.49, 4.785, 3.43, 3.66, 0.495, 4.49, 3.875, 1.205, 1.965, 2.99, 3.2800000000000002, 2.595, 0], "R": [1, 1, 1, 1, 1, 1, 1, 1, 1, 1, 1, 1, 1, 1, 1, 1, 1, 1, 1, 1, 1, 1, 1, 0, 0, 0, 0, 0, 0, 0, 0, 0, 0, 0, 0, 0, 0, 0, 0, 0, 0, 0, 0, 0, 0, 0, 0, 0, 0, 0, 0, 0]}