{"RTG": [25, 24, 23, 22, 21, 20, 19, 18, 17, 16, 15, 14, 13, 12, 11, 10, 9, 8, 7, 6, 5, 4, 3, 2, 1, 0, 0, 0, 0, 0, 0, 0, 0, 0, 0, 0, 0, 0, 0, 0, 0, 0, 0, 0, 0, 0, 0, 0, 0, 0, 0, 0], "S": [0, 0.39342310011908804, 0.49115730678697345, 1.2341595925880817, 1.3265893946558156, -0.034142590711439366, -0.5681424030680832, 0.2045054376024882, 0.0866432673157289, 1.1929647133334638, 1.1327279928260916, 1.219269979845113, 1.294516094678491, 0.8758965088053228, -2.078054622311628, -0.8086308259890348, 0.8564619056302556, 0.47891439095336297, 0.7170916018157362, 0.6369849008242138, -0.2695911284410121, -0.9971860540038541, -0.7413584525528033, -1.1442504439522712, 2.539316846348272, 2.1109965038009197, 2.6640935024130794, 1.7668558624147594, 2.0286591678260097, 1.2699450427223564, -0.5915936314210155, 1.1737062158429918, 1.024040463667378, 1.1490434588248564, -0.5519999276125631, 0.7554559803553068, 0.7810947647226019, -0.06805584798382577, 0.5210538878624557, 0.4304544603542519, -0.4354061667458947, 0.5804748080628606, 0.3146398464699526, -1.4864591883310811, -0.5821590646936314, 0.8132786627774347, -0.5980416703876035, 1.1464646165049321, -0.6077964200381839, 0.6068916248446233, -0.11355670144341846, -0.46555971502504534], "A": [2.94, 2.875, 2.79, 2.7600000000000002, 3.09, 0.0, 0.855, 1.05, 0.655, 0.595, 0.455, 0.385, 0.305, 1.29, 3.9450000000000003, 4.8, 4.9, 4.6850000000000005, 4.5200000000000005, 4.38, 2.025, 3.515, 2.395, 1.67, 1.6400000000000001, 1.69, 4.165, 4.235, 3.3000000000000003, 3.73, 1.815, 2.58, 2.205, 0.155, 3.38, 5.0, 1.455, 0.755, 3.21, 4.07, 2.275, 1.1500000000000001, 3.835, 3.625, 4.6000000000000005, 1.915, 2.65, 0.9500000000000001, 2.13, 0.075, 2.495, 0], "R": [1, 1, 1, 1, 1, 1, 1, 1, 1, 1, 1, 1, 1, 1, 1, 1, 1, 1, 1, 1, 1, 1, 1, 1, 1, 0, 0, 0, 0, 0, 0, 0, 0, 0, 0, 0, 0, 0, 0, 0, 0, 0, 0, 0, 0, 0, 0, 0, 0, 0, 0, 0]}