{"RTG": [27, 26, 25, 24, 23, 22, 21, 20, 19, 18, 17, 16, 15, 14, 13, 12, 11, 10, 9, 8, 7, 6, 5, 4, 3, 2, 1, 0, 0, 0, 0, 0, 0, 0, 0, 0, 0, 0, 0, 0, 0, 0, 0, 0, 0, 0, 0, 0, 0, 0, 0, 0], "S": [0, -0.4615336624388271, -0.5681424030680832, 0.2404961358400748, -0.5573659080551784, 0.377304667011703, 1.3227683909951515, 1.2341595925880817, 1.1326765301622912, 0.4508392748499579, -0.37205149742952043, -0.22095008144629988, -0.68423059871148, 0.8188852879171115, 0.41543750807331425, 0.6985273081722505, 0.6838990714313047, -0.130551393865645, -0.3672731553529204, -0.7762990261304845, 1.2636906207954577, 1.2790399283068352, 0.2360780316584261, 1.151436074096337, 0.7486707964918938, 0.6517420719044649, 2.539316846348272, 2.198622511720558, 2.6640935024130794, -0.6800648534759454, 1.1398863076022887, 2.186387029405289, 1.314995406442874, 1.620324142494948, -1.0882046889653323, 1.1347072427156868, 0.00646266035523254, 1.0567075262404362, 1.1031253948915591, -0.28949292123513, 2.13684204514209, 0.3954010906932002, 0.7810947647226019, -0.4438624640970557, -2.18235760737755, -1.1442504439522712, 0.46043837533281906, 0.826452834105411, -0.9971860540038541, 1.2072785431808835, -1.3264683727487805, 1.1037847808441072], "A": [1.905, 0.0, 0.85, 0.935, 0.8150000000000001, 2.75, 2.79, 2.68, 2.955, 2.5, 3.1550000000000002, 3.985, 4.825, 4.93, 4.705, 4.54, 4.41, 1.435, 3.56, 0.405, 0.355, 0.265, 2.2, 2.14, 2.27, 1.67, 1.645, 1.69, 1.215, 0.6, 4.2, 4.1450000000000005, 4.26, 3.785, 3.345, 3.43, 3.2600000000000002, 0.68, 0.12, 1.76, 1.095, 5.0, 3.6750000000000003, 1.335, 2.395, 3.04, 4.62, 2.025, 0.51, 3.89, 2.59, 0], "R": [1, 1, 1, 1, 1, 1, 1, 1, 1, 1, 1, 1, 1, 1, 1, 1, 1, 1, 1, 1, 1, 1, 1, 1, 1, 1, 1, 0, 0, 0, 0, 0, 0, 0, 0, 0, 0, 0, 0, 0, 0, 0, 0, 0, 0, 0, 0, 0, 0, 0, 0, 0]}