{"RTG": [2, 1, 0, 0, 0, 0, 0, 0, 0, 0, 0, 0, 0, 0, 0, 0, 0, 0, 0, 0, 0, 0, 0, 0, 0, 0, 0, 0, 0, 0, 0, 0, 0, 0, 0, 0, 0, 0, 0, 0, 0, 0, 0, 0, 0, 0, 0, 0, 0, 0, 0, 0], "S": [0, 2.2096243099566566, 2.5551020877188306, 2.6732740673741575, 0.7456394742923096, -0.8566861004606161, -0.5681424030680832, 0.40577549456587986, 0.016953564100676687, 1.1602292902251623, 0.7769529835142928, -0.8797078913319923, -1.3264683727487805, 0.7558657355637947, 0.46108902787231554, 0.7652276639764811, -0.2009931560051553, 0.4254157691859527, -0.5651519821379951, 1.1327279928260916, 1.219269979845113, 0.8758965088053228, -0.06490318263147667, -1.7120879587304418, 1.7668558624147594, -0.18412100953310084, 2.0286591678260097, -0.5441132825174866, 1.0567075262404362, -0.63677749333349, 0.7810947647226019, 1.151436074096337, 1.2607647850267172, 1.072987484673177, 0.43558581507364647, -0.5526260678947568, 0.7697164372501104, -0.7880611165295308, 0.07785300854845761, -0.4615336624388271, 1.1701627407828141, 1.2992127756900016, -0.7940973879101138, 0.7817142987958644, 0.5674801530142803, 0.624834862100612, 0.021317089904629626, -0.7834705376033333, -0.11299887448909537, 0.5544970678689413, 2.356485375892664, 0.04047799628533581], "A": [1.7550000000000001, 1.725, 1.7, 1.565, 2.04, 0.0, 2.89, 3.085, 2.695, 2.56, 2.365, 3.89, 4.745, 4.905, 4.575, 4.4, 0.78, 0.975, 0.595, 0.455, 0.305, 3.435, 1.2650000000000001, 4.165, 4.085, 4.235, 3.6350000000000002, 3.2600000000000002, 0.17500000000000002, 5.0, 2.2, 2.785, 0.685, 1.11, 1.425, 4.66, 3.755, 3.185, 1.905, 3.34, 0.38, 2.475, 2.2600000000000002, 2.985, 4.305, 0.875, 3.54, 0.08, 4.495, 1.655, 1.175, 0], "R": [1, 1, 0, 0, 0, 0, 0, 0, 0, 0, 0, 0, 0, 0, 0, 0, 0, 0, 0, 0, 0, 0, 0, 0, 0, 0, 0, 0, 0, 0, 0, 0, 0, 0, 0, 0, 0, 0, 0, 0, 0, 0, 0, 0, 0, 0, 0, 0, 0, 0, 0, 0]}