{"RTG": [27, 26, 25, 24, 23, 22, 21, 20, 19, 18, 17, 16, 15, 14, 13, 12, 11, 10, 9, 8, 7, 6, 5, 4, 3, 2, 1, 0, 0, 0, 0, 0, 0, 0, 0, 0, 0, 0, 0, 0, 0, 0, 0, 0, 0, 0, 0, 0, 0, 0, 0, 0], "S": [0, -2.201677621553729, -0.5681424030680832, 1.1065611909486615, 1.1101488684181469, -0.18008420118012206, 0.07785300854845761, 0.15531055956049092, -0.5821590646936314, 0.39342310011908804, 1.2341595925880817, 1.3227683909951515, 1.1326765301622912, 0.37416928039478276, 0.8216524061744304, 0.7433692441740283, 0.4989637315144307, 1.4124672145230344, 2.084491255479688, 2.199560797986056, 1.2005613140987013, 1.185463162109889, 0.40772630398627313, 1.3016856375865116, 0.1500898090710972, 2.2787485889783183, 1.8155548068888594, 2.510577190859736, 2.648718288939445, -0.3935566625341845, -1.2809619500582092, 0.5781725177034593, 0.7810947647226019, 0.028266080697662052, -1.1026558432093951, 1.275078842405209, 0.42103107830772674, -0.6048098286998949, -0.7433870189333005, -0.36679091592001095, 0.3321029361393006, 1.2200896781036197, -0.08708410671312418, 0.6951830673805045, -0.28307668106601713, -0.7548756490013011, -1.186829352316274, 0.8316743936656834, 0.8771817164369324, -0.3782782412797233, -0.08361090576424757, 2.4252267062251835], "A": [1.305, 0.0, 2.18, 2.22, 2.32, 3.185, 3.42, 3.625, 2.94, 2.79, 2.75, 2.68, 4.465, 4.63, 4.74, 4.8950000000000005, 4.2700000000000005, 4.23, 4.21, 0.64, 0.525, 0.79, 0.375, 0.26, 1.75, 1.78, 1.73, 1.71, 1.0, 3.895, 1.55, 5.0, 2.52, 2.005, 3.305, 1.1300000000000001, 4.055, 3.75, 0.13, 3.055, 0.445, 0.885, 4.545, 1.44, 3.52, 2.43, 4.82, 0.71, 1.2, 2.09, 1.6600000000000001, 0], "R": [1, 1, 1, 1, 1, 1, 1, 1, 1, 1, 1, 1, 1, 1, 1, 1, 1, 1, 1, 1, 1, 1, 1, 1, 1, 1, 1, 0, 0, 0, 0, 0, 0, 0, 0, 0, 0, 0, 0, 0, 0, 0, 0, 0, 0, 0, 0, 0, 0, 0, 0, 0]}