{"RTG": [28, 27, 26, 25, 24, 23, 22, 21, 20, 19, 18, 17, 16, 15, 14, 13, 12, 11, 10, 9, 8, 7, 6, 5, 4, 3, 2, 1, 0, 0, 0, 0, 0, 0, 0, 0, 0, 0, 0, 0, 0, 0, 0, 0, 0, 0, 0, 0, 0, 0, 0, 0], "S": [0, 1.2005038616307513, 1.2599255689740672, 0.5754088667607283, -0.8169671187903633, 0.3249895437356506, -2.143210685552774, 1.8238428669741287, 2.4252267062251835, 2.6194882783227276, -0.5681424030680832, 2.124266822246258, 1.620324142494948, 0.025247930055477295, 0.7810947647226019, 0.7665022349198103, 0.7582537177375791, 0.623634391545786, 1.1832205329391008, 1.176806974670785, 0.377304667011703, 1.3014072903111207, -0.09834637685729146, 1.2607647850267172, 1.129227959703775, 0.3659378656084991, -0.4513534362588481, -0.9971860540038541, -0.15546005114250563, 2.6246497070519292, 0.43020799552765826, -0.7548756490013011, -1.488154407535072, 1.1484487020849217, 0.3321029361393006, 0.1134268335735682, 0.3146398464699526, -0.1681685232451838, 1.2200896781036197, 0.7824357235715943, -0.25355152682405413, -0.36042160659606265, 0.6068916248446233, 0.41543750807331425, 0.7008456084275234, -0.6878780468282619, 0.7014264433005017, -0.6211852992102556, -0.9816023194918702, -1.0006152363742993, 0.7871845460010397, 0.718905993062926], "A": [3.335, 3.295, 3.22, 2.36, 1.51, 1.34, 1.625, 1.6600000000000001, 1.68, 0.0, 4.19, 4.26, 4.095, 5.0, 4.84, 4.665, 4.515, 0.66, 0.53, 0.8150000000000001, 0.37, 0.245, 2.785, 2.665, 2.93, 3.6950000000000003, 2.025, 1.025, 1.715, 2.54, 3.52, 3.865, 2.195, 3.055, 1.87, 1.1500000000000001, 4.405, 0.445, 4.755, 0.115, 0.91, 2.13, 4.93, 0.73, 3.975, 2.85, 3.615, 2.46, 1.23, 4.585, 2.265, 0], "R": [1, 1, 1, 1, 1, 1, 1, 1, 1, 1, 1, 1, 1, 1, 1, 1, 1, 1, 1, 1, 1, 1, 1, 1, 1, 1, 1, 1, 0, 0, 0, 0, 0, 0, 0, 0, 0, 0, 0, 0, 0, 0, 0, 0, 0, 0, 0, 0, 0, 0, 0, 0]}