{"RTG": [22, 21, 20, 19, 18, 17, 16, 15, 14, 13, 12, 11, 10, 9, 8, 7, 6, 5, 4, 3, 2, 1, 0, 0, 0, 0, 0, 0, 0, 0, 0, 0, 0, 0, 0, 0, 0, 0, 0, 0, 0, 0, 0, 0, 0, 0, 0, 0, 0, 0, 0, 0], "S": [0, -0.9899543682703261, -0.5681424030680832, 0.1642534074841468, -0.6092041357060602, 0.3680109104289028, 0.4949049722078865, 1.1832205329391008, 1.1914882796809394, -2.2383187886964397, 0.5754088667607283, 1.1347072427156868, 0.38641500747199387, 1.2752776432954898, 1.620324142494948, 0.8479373402835767, 1.9631888737933478, 2.1300292046727938, 0.8259366669938637, 0.7824357235715943, 0.4179323833926717, 0.3941168188128473, -0.9092916740966068, 2.6640935024130794, 2.486335711065681, 2.593288167724146, 1.1302751163004074, 0.3782747663821225, 1.127721295153221, -1.1897812690263538, 0.6560959005237793, 1.2473233634412009, 0.6137687486908822, -0.6874175835325607, -0.6211852992102556, 0.5928665680352182, -0.5519999276125631, 1.1490434588248564, 0.42103107830772674, 0.28265279438418606, 0.7810947647226019, 0.280033209144718, 0.7486707964918938, 1.2198638448838093, 1.3049009603131116, 0.8036415820234936, -1.2809619500582092, -0.4757085314032074, -0.7740292084447152, -0.8626716533395865, 0.14065031128985822, 0.5054056779022843], "A": [2.375, 0.0, 0.86, 0.96, 0.8200000000000001, 0.76, 0.66, 0.63, 1.32, 3.22, 3.345, 3.4050000000000002, 3.31, 4.26, 4.295, 4.24, 4.225, 4.615, 4.755, 4.925, 1.855, 2.035, 1.69, 1.665, 1.72, 2.805, 2.935, 2.67, 3.795, 0.29, 0.41500000000000004, 2.5500000000000003, 3.99, 3.615, 4.505, 0.155, 2.205, 1.1300000000000001, 3.06, 5.0, 1.5, 2.14, 0.495, 2.74, 4.83, 3.895, 1.205, 3.5300000000000002, 2.47, 4.1, 2.2800000000000002, 0], "R": [1, 1, 1, 1, 1, 1, 1, 1, 1, 1, 1, 1, 1, 1, 1, 1, 1, 1, 1, 1, 1, 1, 0, 0, 0, 0, 0, 0, 0, 0, 0, 0, 0, 0, 0, 0, 0, 0, 0, 0, 0, 0, 0, 0, 0, 0, 0, 0, 0, 0, 0, 0]}