{"RTG": [8, 7, 6, 5, 4, 3, 2, 1, 0, 0, 0, 0, 0, 0, 0, 0, 0, 0, 0, 0, 0, 0, 0, 0, 0, 0, 0, 0, 0, 0, 0, 0, 0, 0, 0, 0, 0, 0, 0, 0, 0, 0, 0, 0, 0, 0, 0, 0, 0, 0, 0, 0], "S": [0, 1.2599255689740672, 1.0093963694162764, 1.2005038616307513, -1.1142781305849165, 0.4573498151461132, -1.414747719560874, 2.198622511720558, 2.583789023717434, 2.6732740673741575, -0.5681424030680832, 2.1614265129414165, 1.5186593645993924, 0.26206678582391096, 0.7810947647226019, 0.7665022349198103, 0.7582537177375791, 1.072987484673177, 1.1501940146532572, 1.2881202542280985, 0.1500898090710972, 0.2992456858903939, 1.0444516324076214, 0.4302381124583138, 1.1288287176578806, -0.47432048764582246, -0.593214709912086, 0.21421182414513124, 0.623634391545786, -0.7740292084447152, -1.4389975327009001, 0.8492731788192288, -0.2319763522557701, -0.28478069236999004, 1.1283506934188439, 0.06986426174581307, -0.6077964200381839, -0.36679091592001095, -0.130551393865645, 1.2207514698396822, 0.7824357235715943, 0.5054056779022843, 0.41543750807331425, 0.5210538878624557, 1.3153844260682281, -0.68423059871148, -0.6016781995881259, 1.7290264375923594, 0.7486707964918938, -1.9528264959818675, 0.7871845460010397, -0.46555971502504534], "A": [3.295, 3.255, 3.335, 2.39, 1.5350000000000001, 1.385, 1.645, 1.675, 1.7, 0.0, 4.195, 4.265, 4.105, 5.0, 4.84, 4.665, 0.685, 0.545, 0.39, 0.26, 0.84, 2.815, 2.95, 2.6750000000000003, 3.705, 2.06, 1.065, 4.515, 3.5300000000000002, 3.875, 2.565, 1.8900000000000001, 1.195, 2.215, 3.08, 0.9500000000000001, 0.13, 4.41, 0.465, 4.755, 2.2800000000000002, 4.93, 0.755, 2.745, 3.985, 3.62, 1.7850000000000001, 2.14, 1.28, 4.585, 2.495, 0], "R": [1, 1, 1, 1, 1, 1, 1, 1, 0, 0, 0, 0, 0, 0, 0, 0, 0, 0, 0, 0, 0, 0, 0, 0, 0, 0, 0, 0, 0, 0, 0, 0, 0, 0, 0, 0, 0, 0, 0, 0, 0, 0, 0, 0, 0, 0, 0, 0, 0, 0, 0, 0]}