{"RTG": [26, 25, 24, 23, 22, 21, 20, 19, 18, 17, 16, 15, 14, 13, 12, 11, 10, 9, 8, 7, 6, 5, 4, 3, 2, 1, 0, 0, 0, 0, 0, 0, 0, 0, 0, 0, 0, 0, 0, 0, 0, 0, 0, 0, 0, 0, 0, 0, 0, 0, 0, 0], "S": [0, -0.7254372327259607, -0.5681424030680832, 0.1642534074841468, -0.6092041357060602, 0.3680109104289028, 0.4949049722078865, 1.1832205329391008, 1.1914882796809394, -2.2383187886964397, 1.0814212867534516, 1.0245921516336474, -0.4345148689017537, 0.06986426174581307, 1.260659837942881, 0.9985969048852414, 1.2009822841548368, 0.6543334699031734, 1.2918036410372127, 1.1485285121397457, 0.5690923241108877, 0.7558657355637947, 0.8259366669938637, 0.5317048528935276, 0.3165938873653324, 0.7810947647226019, -0.17560713225483768, 2.6730387989219673, 2.593288167724146, 2.1109965038009197, -0.4909143663015248, 0.6560959005237793, 1.2473233634412009, 2.0751036904311593, -0.7811408998812415, 0.1134268335735682, -0.5519999276125631, 0.42103107830772674, -1.5129641137469552, 1.0554799424175512, -0.9899543682703261, 0.23008588075507877, 0.5143621100491487, 2.0286591678260097, 1.2198638448838093, -0.4757085314032074, 1.132872154906867, -1.0269167683512421, -0.043400782201073435, 0.7259718516629005, -0.5441132825174866, -0.11355670144341846], "A": [4.025, 0.0, 0.86, 0.96, 0.8200000000000001, 0.76, 0.66, 0.63, 1.32, 2.1750000000000003, 2.235, 2.07, 3.08, 3.3200000000000003, 3.36, 3.2800000000000002, 2.855, 2.735, 2.69, 4.88, 4.745, 4.615, 4.49, 4.32, 5.0, 2.5100000000000002, 1.695, 1.72, 1.6400000000000001, 3.71, 0.29, 0.41500000000000004, 4.1850000000000005, 3.555, 1.87, 0.155, 1.1300000000000001, 3.855, 4.135, 2.375, 1.49, 2.97, 4.235, 0.495, 1.205, 2.595, 1.96, 3.1750000000000003, 4.68, 3.6350000000000002, 0.075, 0], "R": [1, 1, 1, 1, 1, 1, 1, 1, 1, 1, 1, 1, 1, 1, 1, 1, 1, 1, 1, 1, 1, 1, 1, 1, 1, 1, 0, 0, 0, 0, 0, 0, 0, 0, 0, 0, 0, 0, 0, 0, 0, 0, 0, 0, 0, 0, 0, 0, 0, 0, 0, 0]}