{"RTG": [10, 9, 8, 7, 6, 5, 4, 3, 2, 1, 0, 0, 0, 0, 0, 0, 0, 0, 0, 0, 0, 0, 0, 0, 0, 0, 0, 0, 0, 0, 0, 0, 0, 0, 0, 0, 0, 0, 0, 0, 0, 0, 0, 0, 0, 0, 0, 0, 0, 0, 0, 0], "S": [0, -0.12888793902105405, -0.5681424030680832, 0.2045054376024882, -0.5973820916024358, 0.377304667011703, 1.3644503580708482, 0.587534579924061, 1.7290264375923594, 1.9816540052700344, 2.593288167724146, 2.6730387989219673, 0.5804748080628606, -1.0754068804073755, 0.6800540626825456, 1.275078842405209, 0.00646266035523254, 0.07785300854845761, 0.7810947647226019, 0.7665022349198103, 0.7582537177375791, -1.1310010417772167, 1.2473233634412009, 1.158880316031669, 0.2360780316584261, 0.9978997859167429, 0.4302381124583138, 1.1392762323358923, -2.078054622311628, 0.6494093557430308, -0.4570567081919362, 1.4381036978079742, -0.4354061667458947, 2.1300292046727938, 1.1988872073150763, 0.09060725392395028, -0.4064917918700017, 1.1037847808441072, 0.438911988125878, -1.0364517181494661, 0.28265279438418606, 0.7824357235715943, -0.7840024552976274, -0.7985100098253909, 0.41543750807331425, 1.2628973292464318, 1.1413307041700922, 0.2454218611888777, -0.19572881840451012, 1.3266242924078386, 0.6284470719106436, 0.9985969048852414], "A": [4.3500000000000005, 0.0, 0.855, 0.9450000000000001, 0.8150000000000001, 1.805, 1.845, 1.7850000000000001, 1.77, 1.72, 1.695, 2.275, 2.45, 2.1350000000000002, 3.305, 3.43, 3.185, 5.0, 4.84, 4.665, 3.91, 0.41500000000000004, 0.54, 0.265, 2.82, 2.95, 2.685, 1.29, 4.525, 3.665, 4.15, 4.07, 4.225, 0.65, 1.47, 0.135, 2.59, 1.12, 3.7800000000000002, 3.06, 4.755, 3.5500000000000003, 2.045, 4.93, 0.35000000000000003, 2.21, 4.45, 1.19, 2.755, 1.555, 3.36, 0], "R": [1, 1, 1, 1, 1, 1, 1, 1, 1, 1, 0, 0, 0, 0, 0, 0, 0, 0, 0, 0, 0, 0, 0, 0, 0, 0, 0, 0, 0, 0, 0, 0, 0, 0, 0, 0, 0, 0, 0, 0, 0, 0, 0, 0, 0, 0, 0, 0, 0, 0, 0, 0]}