{"RTG": [23, 22, 21, 20, 19, 18, 17, 16, 15, 14, 13, 12, 11, 10, 9, 8, 7, 6, 5, 4, 3, 2, 1, 0, 0, 0, 0, 0, 0, 0, 0, 0, 0, 0, 0, 0, 0, 0, 0, 0, 0, 0, 0, 0, 0, 0, 0, 0, 0, 0, 0, 0], "S": [0, 2.124266822246258, 1.66510693211448, 2.199560797986056, -0.5681424030680832, 0.27208023610146237, 0.0866432673157289, 1.1971315791461121, 1.1935643644957392, 1.3014072903111207, 0.06518168505993671, -2.2362571854591744, 1.0814212867534516, 0.1748996278641049, -0.7349959441494497, -0.24866560631437654, 0.7810947647226019, 0.6977617291854273, 0.7360187314858049, 0.6612033019948327, -0.6211852992102556, 1.3049009603131116, 0.7500898340417048, 1.187614098414235, 2.6462676611234475, 2.648718288939445, 1.4202812468229182, 0.8848719625808373, -1.512229542652904, -0.5550393478506724, 0.783357385465521, 0.5800560575903002, -0.4758467683438055, -0.1681685232451838, 0.7008456084275234, 1.1718425673152988, -0.32750870905583246, 0.22387517807153576, 0.8085877969105064, 0.09060725392395028, -0.6878780468282619, 1.2218576619033426, -0.5973820916024358, -0.5344493610789871, -0.8275862870460531, 1.1326765301622912, 0.421746209599056, 0.28265279438418606, 1.0245921516336474, 0.8058072136235602, 0.624834862100612, -1.0846614795250824], "A": [4.19, 4.16, 4.21, 0.0, 0.845, 1.05, 0.635, 0.52, 0.37, 0.255, 1.315, 2.1750000000000003, 2.3000000000000003, 2.05, 3.15, 5.0, 4.855, 4.675, 4.53, 3.615, 2.74, 2.845, 2.62, 1.685, 1.71, 1.605, 3.37, 3.845, 2.49, 1.835, 2.99, 3.47, 4.405, 0.73, 3.275, 0.125, 1.16, 4.765, 1.47, 3.975, 0.44, 0.9450000000000001, 3.72, 1.935, 2.68, 4.94, 3.06, 2.235, 4.595, 4.305, 1.4000000000000001, 0], "R": [1, 1, 1, 1, 1, 1, 1, 1, 1, 1, 1, 1, 1, 1, 1, 1, 1, 1, 1, 1, 1, 1, 1, 0, 0, 0, 0, 0, 0, 0, 0, 0, 0, 0, 0, 0, 0, 0, 0, 0, 0, 0, 0, 0, 0, 0, 0, 0, 0, 0, 0, 0]}