{"RTG": [10, 9, 8, 7, 6, 5, 4, 3, 2, 1, 0, 0, 0, 0, 0, 0, 0, 0, 0, 0, 0, 0, 0, 0, 0, 0, 0, 0, 0, 0, 0, 0, 0, 0, 0, 0, 0, 0, 0, 0, 0, 0, 0, 0, 0, 0, 0, 0, 0, 0, 0, 0], "S": [0, -0.16817882155834474, -0.5681424030680832, 0.2045054376024882, -0.5973820916024358, 0.377304667011703, 1.3644503580708482, 0.587534579924061, 1.7290264375923594, 1.9816540052700344, 2.593288167724146, 2.6730387989219673, 0.5804748080628606, -1.0754068804073755, 0.6800540626825456, -0.8865485997154794, 0.8478622810701648, 0.421746209599056, 0.8250163897131615, 0.290731299743892, -0.6833665323328018, 1.2473233634412009, 1.158880316031669, 0.2360780316584261, 1.0887396232185838, 1.1485285121397457, -2.078054622311628, 1.9631888737933478, 1.66510693211448, 1.2450646428424186, -0.5109588790481822, 0.39342310011908804, 0.22426911458075124, 1.1988872073150763, 0.8848719625808373, 0.09060725392395028, -0.4064917918700017, 1.132872154906867, 0.438911988125878, 0.6951830673805045, 0.7810947647226019, -0.7985100098253909, -1.4056490068099121, -0.6048098286998949, 0.3573440360234566, -0.6211852992102556, 0.7016149151198066, 1.2628973292464318, 1.1413307041700922, -0.19572881840451012, 0.6284470719106436, 0.5821843027492473], "A": [3.105, 0.0, 0.855, 0.9450000000000001, 0.8150000000000001, 1.805, 1.845, 1.7850000000000001, 1.77, 1.72, 1.695, 2.275, 2.45, 2.1350000000000002, 3.935, 4.785, 4.94, 4.625, 4.455, 3.5, 0.41500000000000004, 0.54, 0.265, 2.81, 2.69, 1.29, 4.24, 4.16, 3.29, 3.715, 2.94, 4.325, 0.65, 3.37, 1.47, 0.135, 2.595, 1.12, 4.545, 5.0, 2.045, 3.8200000000000003, 4.055, 3.205, 3.615, 4.715, 0.35000000000000003, 2.21, 1.19, 1.555, 3.015, 0], "R": [1, 1, 1, 1, 1, 1, 1, 1, 1, 1, 0, 0, 0, 0, 0, 0, 0, 0, 0, 0, 0, 0, 0, 0, 0, 0, 0, 0, 0, 0, 0, 0, 0, 0, 0, 0, 0, 0, 0, 0, 0, 0, 0, 0, 0, 0, 0, 0, 0, 0, 0, 0]}