{"RTG": [25, 24, 23, 22, 21, 20, 19, 18, 17, 16, 15, 14, 13, 12, 11, 10, 9, 8, 7, 6, 5, 4, 3, 2, 1, 0, 0, 0, 0, 0, 0, 0, 0, 0, 0, 0, 0, 0, 0, 0, 0, 0, 0, 0, 0, 0, 0, 0, 0, 0, 0, 0], "S": [0, 0.7765038309941795, 0.6612033019948327, 0.791505350158265, 0.7824357235715943, 0.7861115957725884, 0.4179323833926717, 0.0596368921205919, -0.5681424030680832, 0.1642534074841468, 0.040343652882350874, 1.1293561077306389, 1.1971315791461121, 1.128847864961221, 1.2200896781036197, 1.2881202542280985, 1.0000009442743154, -2.2239717903468845, 1.1065611909486615, 0.9421555065576516, -0.26302149708902195, -0.16817882155834474, -0.7433870189333005, 1.1602292902251623, 1.3266242924078386, 1.0444516324076214, 2.6732740673741575, 2.583789023717434, 2.2787485889783183, 0.38641500747199387, -0.2767185250323555, -0.6399272688825074, -0.7811408998812415, 1.1380356008066348, -1.0282492849914124, 0.37144358779605585, -0.5519999276125631, 0.49351587614176184, 2.199560797986056, -0.4615336624388271, 0.27244383499665203, 1.8594942356609157, -0.8797078913319923, 0.7810947647226019, 0.2847659930484283, 1.1037847808441072, -0.6077964200381839, -0.47945674206180294, -0.4572802851966546, 0.4379251455547883, 1.1701627407828141, -0.11355670144341846], "A": [4.58, 4.53, 4.65, 4.755, 4.835, 4.925, 4.335, 0.0, 0.86, 1.045, 0.675, 0.635, 0.56, 0.445, 0.39, 0.315, 1.31, 2.18, 2.245, 2.08, 3.105, 3.75, 2.695, 2.755, 2.815, 1.7, 1.675, 1.75, 3.4050000000000002, 4.08, 2.485, 3.555, 3.27, 3.92, 1.52, 0.155, 2.965, 4.21, 1.905, 1.155, 4.17, 2.365, 5.0, 3.2, 2.59, 0.9500000000000001, 3.6550000000000002, 1.43, 0.775, 3.34, 0.075, 0], "R": [1, 1, 1, 1, 1, 1, 1, 1, 1, 1, 1, 1, 1, 1, 1, 1, 1, 1, 1, 1, 1, 1, 1, 1, 1, 0, 0, 0, 0, 0, 0, 0, 0, 0, 0, 0, 0, 0, 0, 0, 0, 0, 0, 0, 0, 0, 0, 0, 0, 0, 0, 0]}