{"RTG": [24, 23, 22, 21, 20, 19, 18, 17, 16, 15, 14, 13, 12, 11, 10, 9, 8, 7, 6, 5, 4, 3, 2, 1, 0, 0, 0, 0, 0, 0, 0, 0, 0, 0, 0, 0, 0, 0, 0, 0, 0, 0, 0, 0, 0, 0, 0, 0, 0, 0, 0, 0], "S": [0, 0.42103107830772674, 0.21421182414513124, -0.28478069236999004, -0.5681424030680832, -0.35007698439985496, 0.35682762061356665, 0.591106254339909, 0.12372982621026657, -0.9311057892287455, 0.8405098459569589, 0.8188852879171115, 0.7259718516629005, 0.4166613326088767, 0.7299093747335014, 0.37416928039478276, 1.1935643644957392, 1.2230482233664581, 1.2805352156985943, 1.1460939208731853, 1.1971315791461121, 0.7881508443671758, -0.5689652042600516, -0.5550393478506724, 2.4252267062251835, 2.6640935024130794, 2.5551020877188306, -0.7250333914407979, 2.1646963807230764, 1.555179369689812, 0.8479373402835767, 0.5804748080628606, 1.189694727779941, -0.5344493610789871, 1.275078842405209, -0.2050297928400839, -0.3881858065598431, 0.021317089904629626, 1.187614098414235, 0.7554559803553068, 1.1260754615276558, 0.5033711967483209, 1.1686108490458247, -2.094189764657218, -1.4056490068099121, 0.5331467533500495, 0.7810947647226019, -0.6016781995881259, -0.6737740081427814, -0.9899543682703261, -0.1285737335390223, -0.611716481250362], "A": [1.1300000000000001, 1.065, 1.195, 0.0, 2.075, 2.9250000000000003, 3.0100000000000002, 3.075, 3.93, 4.78, 4.825, 4.68, 4.9350000000000005, 4.5600000000000005, 4.465, 0.52, 0.48, 0.395, 0.33, 0.635, 0.72, 0.20500000000000002, 2.49, 1.6600000000000001, 1.69, 1.725, 3.5100000000000002, 4.22, 4.155, 4.295, 2.275, 2.705, 3.72, 3.305, 1.445, 1.9000000000000001, 0.875, 2.62, 3.38, 2.185, 3.215, 2.8000000000000003, 1.345, 3.8200000000000003, 1.545, 5.0, 3.62, 4.045, 2.375, 0.09, 0.9550000000000001, 0], "R": [1, 1, 1, 1, 1, 1, 1, 1, 1, 1, 1, 1, 1, 1, 1, 1, 1, 1, 1, 1, 1, 1, 1, 1, 0, 0, 0, 0, 0, 0, 0, 0, 0, 0, 0, 0, 0, 0, 0, 0, 0, 0, 0, 0, 0, 0, 0, 0, 0, 0, 0, 0]}