{"RTG": [7, 6, 5, 4, 3, 2, 1, 0, 0, 0, 0, 0, 0, 0, 0, 0, 0, 0, 0, 0, 0, 0, 0, 0, 0, 0, 0, 0, 0, 0, 0, 0, 0, 0, 0, 0, 0, 0, 0, 0, 0, 0, 0, 0, 0, 0, 0, 0, 0, 0, 0, 0], "S": [0, 1.1345633600572884, 0.5781725177034593, 1.6217806950522773, 1.8238428669741287, 2.018703006539025, 2.198622511720558, 2.356485375892664, 2.6640935024130794, -0.3782782412797233, -0.5681424030680832, 1.1551915578798113, 1.2766244561205646, 0.45867151981736537, -1.1684325326578182, -0.20383592218805494, -0.8086308259890348, 0.8560300178421365, 0.44388205005933845, 0.8164466281105316, 0.33376010508273046, 1.14814577970639, 1.2217589136693932, 1.0542425639738024, 0.4949049722078865, -0.7250333914407979, 1.8063011458935552, 1.7668558624147594, -0.593214709912086, -0.611716481250362, -0.6356053352110442, 1.2699450427223564, -0.5613504714487526, 1.0245921516336474, -0.011464620116161107, 0.7554559803553068, -0.6609873489373203, 0.5800560575903002, 0.3193365979811941, 0.7065887481278916, 1.2805352156985943, -0.0017655707758112728, -2.2300291363965816, -0.5010243947417435, 1.129227959703775, -1.4647684387382283, -0.6016781995881259, 0.7810947647226019, 1.1031253948915591, 0.5754088667607283, 0.7131136754895187, 0.9242571415201947], "A": [1.59, 1.55, 1.615, 1.625, 1.635, 1.645, 1.655, 1.69, 1.2, 0.0, 2.6, 2.73, 2.88, 2.435, 3.11, 3.9450000000000003, 4.795, 4.95, 4.635, 4.46, 0.605, 0.47000000000000003, 0.32, 0.76, 3.5100000000000002, 4.25, 4.165, 2.06, 0.9550000000000001, 0.19, 3.3000000000000003, 3.725, 2.235, 4.34, 3.38, 1.92, 2.99, 1.08, 4.55, 0.395, 2.31, 1.325, 4.065, 2.665, 3.83, 3.62, 5.0, 0.68, 3.22, 4.7250000000000005, 2.1550000000000002, 0], "R": [1, 1, 1, 1, 1, 1, 1, 0, 0, 0, 0, 0, 0, 0, 0, 0, 0, 0, 0, 0, 0, 0, 0, 0, 0, 0, 0, 0, 0, 0, 0, 0, 0, 0, 0, 0, 0, 0, 0, 0, 0, 0, 0, 0, 0, 0, 0, 0, 0, 0, 0, 0]}