{"RTG": [24, 23, 22, 21, 20, 19, 18, 17, 16, 15, 14, 13, 12, 11, 10, 9, 8, 7, 6, 5, 4, 3, 2, 1, 0, 0, 0, 0, 0, 0, 0, 0, 0, 0, 0, 0, 0, 0, 0, 0, 0, 0, 0, 0, 0, 0, 0, 0, 0, 0, 0, 0], "S": [0, -0.7413584525528033, -0.5681424030680832, 0.1642534074841468, -0.6092041357060602, 0.3680109104289028, 0.4949049722078865, 1.1832205329391008, 1.1914882796809394, -2.2383187886964397, 1.0814212867534516, 1.0245921516336474, -0.4345148689017537, -0.21130216392220635, 0.7810947647226019, 0.47891439095336297, 0.49115730678697345, 0.5821843027492473, -0.1861306929802691, 1.1602292902251623, 1.154923932830813, 0.43020799552765826, -0.7486598192425545, 0.7582537177375791, 0.7535780975912624, 2.6730387989219673, 2.593288167724146, 2.1109965038009197, 0.6560959005237793, -0.6250762041214045, 1.8594942356609157, 0.26206678582391096, 2.0286591678260097, 1.2473233634412009, 1.2005038616307513, 0.1134268335735682, -0.5519999276125631, 0.42103107830772674, -1.1142781305849165, 0.8405098459569589, 0.23008588075507877, 0.38641500747199387, -1.512229542652904, 0.4462543804591722, -0.5628831503192052, 1.2198638448838093, 1.0093963694162764, 1.2341595925880817, -0.4757085314032074, -1.054315683292044, -0.11355670144341846, -0.6527118419102764], "A": [3.515, 0.0, 0.86, 0.96, 0.8200000000000001, 0.76, 0.66, 0.63, 1.32, 2.1750000000000003, 2.235, 2.07, 4.36, 5.0, 4.9, 2.875, 3.015, 3.16, 2.695, 2.645, 2.54, 3.955, 4.665, 4.57, 1.695, 1.72, 1.6400000000000001, 0.29, 3.735, 4.17, 4.105, 4.235, 0.41500000000000004, 3.335, 1.87, 0.155, 1.1300000000000001, 2.39, 4.78, 1.49, 3.4050000000000002, 3.845, 4.4750000000000005, 3.63, 0.495, 3.255, 2.79, 1.205, 1.965, 0.075, 1.42, 0], "R": [1, 1, 1, 1, 1, 1, 1, 1, 1, 1, 1, 1, 1, 1, 1, 1, 1, 1, 1, 1, 1, 1, 1, 1, 0, 0, 0, 0, 0, 0, 0, 0, 0, 0, 0, 0, 0, 0, 0, 0, 0, 0, 0, 0, 0, 0, 0, 0, 0, 0, 0, 0]}