{"RTG": [9, 8, 7, 6, 5, 4, 3, 2, 1, 0, 0, 0, 0, 0, 0, 0, 0, 0, 0, 0, 0, 0, 0, 0, 0, 0, 0, 0, 0, 0, 0, 0, 0, 0, 0, 0, 0, 0, 0, 0, 0, 0, 0, 0, 0, 0, 0, 0, 0, 0, 0, 0], "S": [0, -0.28174751465887515, -0.5681424030680832, 0.27208023610146237, -0.49337631073269567, 0.384592971877546, 1.550053509588688, 0.8814861408638388, 1.899839506890742, 2.13684204514209, 2.648718288939445, -0.6878780468282619, 0.8316743936656834, 0.569257083247662, 0.780918615055049, 0.4777299050634701, 1.0765033972163964, 1.8594942356609157, 0.028266080697662052, -0.7834705376033333, 1.2805352156985943, 1.2008932538035024, -0.017882150725342393, 1.2033515197286617, 0.3496659885000683, 1.1326765301622912, -2.2113535522026915, 0.9858819527773454, 0.529575855818755, 1.2256976844807996, -0.8797078913319923, -0.7880611165295308, 0.6284470719106436, 1.1914882796809394, 0.42103107830772674, 0.14065031128985822, 0.30905408296601417, -0.32750870905583246, 0.9022883692297691, 0.7535780975912624, -1.488154407535072, 2.1646963807230764, 0.5821843027492473, 0.47891439095336297, -0.49352352380335235, -0.5765074546122056, -0.9561600736877052, 1.1712103381729184, 2.539316846348272, -0.2050297928400839, 1.183550878322407, 0.7433692441740283], "A": [3.14, 0.0, 0.845, 0.925, 0.81, 1.795, 1.83, 1.7750000000000001, 1.76, 1.71, 3.975, 4.82, 4.9750000000000005, 4.655, 4.48, 4.285, 4.17, 2.52, 3.54, 0.395, 0.515, 0.25, 2.795, 2.915, 2.68, 1.33, 2.24, 2.125, 3.33, 2.365, 3.755, 1.555, 0.63, 1.1300000000000001, 4.1, 3.41, 0.125, 3.245, 4.57, 3.865, 4.22, 3.015, 4.9, 3.65, 1.21, 2.0300000000000002, 2.605, 1.67, 1.445, 0.335, 4.74, 0], "R": [1, 1, 1, 1, 1, 1, 1, 1, 1, 0, 0, 0, 0, 0, 0, 0, 0, 0, 0, 0, 0, 0, 0, 0, 0, 0, 0, 0, 0, 0, 0, 0, 0, 0, 0, 0, 0, 0, 0, 0, 0, 0, 0, 0, 0, 0, 0, 0, 0, 0, 0, 0]}