{"RTG": [25, 24, 23, 22, 21, 20, 19, 18, 17, 16, 15, 14, 13, 12, 11, 10, 9, 8, 7, 6, 5, 4, 3, 2, 1, 0, 0, 0, 0, 0, 0, 0, 0, 0, 0, 0, 0, 0, 0, 0, 0, 0, 0, 0, 0, 0, 0, 0, 0, 0, 0, 0], "S": [0, 1.2417797507923742, 0.8758965088053228, 1.3016856375865116, -1.4239948062371293, 0.3643491653233505, 0.5054056779022843, -1.1684325326578182, -0.3881858065598431, 1.2699450427223564, 1.1347072427156868, 0.7143651627474831, 2.199560797986056, 1.9631888737933478, 1.9421985709844345, 0.7810947647226019, 0.6977617291854273, 0.7360187314858049, 0.6726275675323473, 0.377304667011703, 1.2005613140987013, -0.6250762041214045, 0.849990625769365, 0.49351587614176184, 1.1602292902251623, 1.2265483993932222, 2.6730387989219673, 2.593288167724146, -0.5681424030680832, -0.43538446450642626, -0.7848058643362025, -1.0282492849914124, 1.1501940146532572, 1.132872154906867, -0.4572802851966546, 0.002822489698097361, 0.06986426174581307, -0.32750870905583246, 0.43977288007454873, 0.8085877969105064, -1.0323222330279518, 0.7008456084275234, 1.151436074096337, -0.7213855572269114, -0.5091648528801574, 1.640461454575373, 0.421746209599056, 1.3223751932371433, -0.30881443111225443, -2.035680965350923, 0.1308494504699903, -0.19947597225900737], "A": [0.34500000000000003, 0.305, 0.375, 1.25, 2.115, 2.2800000000000002, 2.435, 1.9000000000000001, 3.3000000000000003, 3.345, 3.23, 4.21, 4.24, 4.175, 5.0, 4.855, 4.675, 4.535, 0.8150000000000001, 0.64, 3.735, 2.835, 2.965, 2.695, 1.595, 1.695, 1.72, 0.0, 0.995, 3.545, 3.92, 0.545, 2.595, 1.43, 4.425, 3.08, 0.125, 1.115, 4.765, 2.02, 0.73, 2.2, 4.03, 3.645, 1.79, 4.94, 2.765, 0.905, 1.35, 2.525, 3.4450000000000003, 0], "R": [1, 1, 1, 1, 1, 1, 1, 1, 1, 1, 1, 1, 1, 1, 1, 1, 1, 1, 1, 1, 1, 1, 1, 1, 1, 0, 0, 0, 0, 0, 0, 0, 0, 0, 0, 0, 0, 0, 0, 0, 0, 0, 0, 0, 0, 0, 0, 0, 0, 0, 0, 0]}