{"RTG": [27, 26, 25, 24, 23, 22, 21, 20, 19, 18, 17, 16, 15, 14, 13, 12, 11, 10, 9, 8, 7, 6, 5, 4, 3, 2, 1, 0, 0, 0, 0, 0, 0, 0, 0, 0, 0, 0, 0, 0, 0, 0, 0, 0, 0, 0, 0, 0, 0, 0, 0, 0], "S": [0, 0.4327458304589763, 0.1738487017905306, -0.032732204163866366, -0.5681424030680832, -0.4345148689017537, 0.3782747663821225, 0.5681183836528795, -0.034142590711439366, 0.5800560575903002, 1.3153844260682281, 1.189694727779941, -0.7260747810041374, 0.8418830957241761, 0.43333794832263955, 0.7002211277137405, 0.6612033019948327, -0.22824474011416213, 1.2008932538035024, 1.219837753571638, 1.2790399283068352, 0.6560959005237793, 1.1398863076022887, 1.2805352156985943, 0.9625550854276712, 2.2807160561275923, 1.723220249425911, 2.539316846348272, 2.6640935024130794, -0.7834705376033333, -1.2050087939706549, 2.014262628658444, 0.6520050202483836, 1.9631888737933478, -0.8835498934886132, 1.1701627407828141, -0.3116150948341032, 0.2045054376024882, 1.05823352995558, -1.1958523683721816, 1.0567075262404362, 0.9147600389067359, 0.7810947647226019, -0.25355152682405413, -0.49352352380335235, 0.1748996278641049, 0.8235016011496119, 0.08002013972113022, -0.5805195318260895, -1.4664759182334537, 0.9242571415201947, 1.640461454575373], "A": [1.125, 1.06, 1.18, 0.0, 2.07, 2.935, 3.02, 3.09, 2.99, 2.745, 2.705, 3.96, 4.815, 4.915, 4.7, 4.53, 4.3950000000000005, 0.515, 0.46, 0.355, 0.29, 0.6, 0.395, 0.7000000000000001, 1.6500000000000001, 1.62, 1.67, 1.69, 3.54, 2.42, 4.18, 4.12, 4.24, 3.765, 3.34, 1.895, 0.855, 2.23, 1.395, 3.2600000000000002, 2.57, 5.0, 0.115, 3.65, 2.3000000000000003, 4.61, 3.4250000000000003, 0.9400000000000001, 3.87, 2.1550000000000002, 1.79, 0], "R": [1, 1, 1, 1, 1, 1, 1, 1, 1, 1, 1, 1, 1, 1, 1, 1, 1, 1, 1, 1, 1, 1, 1, 1, 1, 1, 1, 0, 0, 0, 0, 0, 0, 0, 0, 0, 0, 0, 0, 0, 0, 0, 0, 0, 0, 0, 0, 0, 0, 0, 0, 0]}