{"RTG": [31, 30, 29, 28, 27, 26, 25, 24, 23, 22, 21, 20, 19, 18, 17, 16, 15, 14, 13, 12, 11, 10, 9, 8, 7, 6, 5, 4, 3, 2, 1, 0, 0, 0, 0, 0, 0, 0, 0, 0, 0, 0, 0, 0, 0, 0, 0, 0, 0, 0, 0, 0], "S": [0, -0.5315242372945383, -0.5681424030680832, 0.1642534074841468, -0.6092041357060602, 0.3680109104289028, 0.4949049722078865, 1.1832205329391008, 1.1914882796809394, -2.2383187886964397, 1.3227683909951515, 1.2341595925880817, 1.1326765301622912, 0.4508392748499579, -0.37205149742952043, -0.22095008144629988, -0.68423059871148, 0.8188852879171115, 0.41543750807331425, 0.6985273081722505, 0.6838990714313047, -0.130551393865645, -0.7762990261304845, 1.1490434588248564, 0.8124124524666402, 0.5054056779022843, 0.6560959005237793, 1.2881202542280985, 1.2287157098589727, 2.198622511720558, 1.6217806950522773, 2.486335711065681, 2.6462676611234475, 2.186387029405289, 1.314995406442874, 1.620324142494948, -1.0882046889653323, 1.1347072427156868, 0.42103107830772674, -0.4836500766001137, 0.00646266035523254, 1.0567075262404362, 0.7810947647226019, -1.0323222330279518, -0.4438624640970557, -0.1333343676888655, -1.168351323450353, 0.46043837533281906, 0.826452834105411, 1.7290264375923594, -1.3264683727487805, -0.4757085314032074], "A": [1.9100000000000001, 0.0, 0.86, 0.96, 0.8200000000000001, 0.76, 0.66, 0.63, 1.32, 2.75, 2.79, 2.68, 2.955, 2.5, 3.1550000000000002, 3.985, 4.825, 4.93, 4.705, 4.54, 4.41, 3.56, 2.205, 2.145, 2.2800000000000002, 0.29, 0.39, 0.43, 1.645, 1.615, 1.665, 1.685, 4.2, 4.1450000000000005, 4.26, 3.785, 3.345, 1.1300000000000001, 0.145, 3.43, 3.2600000000000002, 5.0, 2.02, 3.6750000000000003, 1.45, 2.4, 3.04, 4.62, 1.7850000000000001, 3.89, 1.205, 0], "R": [1, 1, 1, 1, 1, 1, 1, 1, 1, 1, 1, 1, 1, 1, 1, 1, 1, 1, 1, 1, 1, 1, 1, 1, 1, 1, 1, 1, 1, 1, 1, 0, 0, 0, 0, 0, 0, 0, 0, 0, 0, 0, 0, 0, 0, 0, 0, 0, 0, 0, 0, 0]}