{"RTG": [28, 27, 26, 25, 24, 23, 22, 21, 20, 19, 18, 17, 16, 15, 14, 13, 12, 11, 10, 9, 8, 7, 6, 5, 4, 3, 2, 1, 0, 0, 0, 0, 0, 0, 0, 0, 0, 0, 0, 0, 0, 0, 0, 0, 0, 0, 0, 0, 0, 0, 0, 0], "S": [0, -0.9816023194918702, -0.5681424030680832, 0.1642534074841468, -0.6092041357060602, 0.3680109104289028, 0.4949049722078865, 1.1832205329391008, 1.1914882796809394, -2.2383187886964397, 1.275078842405209, 1.1347072427156868, 0.9578542139492628, 2.1880040451103517, 1.8888071569415663, 2.0751036904311593, 0.7810947647226019, 0.6977617291854273, 0.7360187314858049, -0.3116150948341032, -0.7011682182012821, 0.7014264433005017, 0.5800560575903002, 0.6838990714313047, 1.1740795034056069, 0.6560959005237793, 0.9242571415201947, 2.1109965038009197, 2.6194882783227276, 2.665056914615652, 0.6517420719044649, 1.2473233634412009, -0.7811408998812415, -0.8865485997154794, -0.5519999276125631, -0.7985100098253909, 0.42103107830772674, 1.1712103381729184, -0.1275144827788334, 0.10058988888118321, 0.16883208745421255, 0.8085877969105064, 1.2198638448838093, -0.6737740081427814, 1.7290264375923594, -0.49352352380335235, -0.7495170589353438, -0.4757085314032074, 1.3006506431464921, 0.421746209599056, -0.2620302510306252, -1.5023795661589565], "A": [2.46, 0.0, 0.86, 0.96, 0.8200000000000001, 0.76, 0.66, 0.63, 1.32, 3.305, 3.345, 3.25, 4.215, 4.245, 4.1850000000000005, 5.0, 4.855, 4.675, 1.895, 3.745, 2.85, 2.99, 4.54, 2.7, 0.29, 2.1550000000000002, 1.6400000000000001, 1.68, 1.705, 2.27, 0.41500000000000004, 3.555, 3.935, 0.155, 2.045, 1.1300000000000001, 2.605, 3.1, 4.4350000000000005, 1.48, 4.765, 0.495, 4.045, 1.7850000000000001, 3.65, 2.355, 1.205, 2.775, 4.94, 3.45, 3.84, 0], "R": [1, 1, 1, 1, 1, 1, 1, 1, 1, 1, 1, 1, 1, 1, 1, 1, 1, 1, 1, 1, 1, 1, 1, 1, 1, 1, 1, 1, 0, 0, 0, 0, 0, 0, 0, 0, 0, 0, 0, 0, 0, 0, 0, 0, 0, 0, 0, 0, 0, 0, 0, 0]}