{"RTG": [30, 29, 28, 27, 26, 25, 24, 23, 22, 21, 20, 19, 18, 17, 16, 15, 14, 13, 12, 11, 10, 9, 8, 7, 6, 5, 4, 3, 2, 1, 0, 0, 0, 0, 0, 0, 0, 0, 0, 0, 0, 0, 0, 0, 0, 0, 0, 0, 0, 0, 0, 0], "S": [0, 1.050618440940789, 0.529575855818755, 1.151436074096337, -0.5681424030680832, 0.2992456858903939, -0.30250143554770165, 1.072987484673177, 1.184145623379665, 1.1348906924437472, 1.2200896781036197, 1.2881202542280985, 1.0000009442743154, 0.12372982621026657, 1.2599255689740672, 1.1701627407828141, 0.7143651627474831, 0.37011310999987346, 1.2599296432649467, 1.1326765301622912, 1.2829686885252671, 0.43020799552765826, 2.199560797986056, 1.9631888737933478, 1.9421985709844345, 0.7810947647226019, 0.6977617291854273, 0.7360187314858049, 0.6726275675323473, 0.5331467533500495, -1.621789297070172, 2.6462676611234475, 2.6246497070519292, 1.0768972333907842, -0.6250762041214045, -0.7848058643362025, -1.0282492849914124, 0.04047799628533581, -1.0785053980520602, -0.5519999276125631, 0.002822489698097361, -0.9593748906213598, 0.8085877969105064, 2.1109965038009197, -0.7213855572269114, -0.526117465012331, -1.6203663406350275, 0.37368707232447523, 0.5891517867554916, 0.421746209599056, -0.1336677750241096, -0.11355670144341846], "A": [2.17, 2.125, 2.2, 0.0, 0.84, 1.01, 0.685, 0.625, 0.555, 0.445, 0.39, 0.315, 3.075, 3.295, 3.34, 3.23, 2.9, 2.725, 2.68, 2.7800000000000002, 2.54, 4.21, 4.24, 4.175, 5.0, 4.855, 4.675, 4.535, 1.545, 1.375, 1.685, 1.715, 1.82, 3.735, 3.545, 3.92, 1.175, 2.3850000000000002, 0.155, 4.425, 1.95, 4.765, 1.6400000000000001, 4.03, 3.64, 1.26, 1.09, 2.995, 4.94, 3.44, 0.075, 0], "R": [1, 1, 1, 1, 1, 1, 1, 1, 1, 1, 1, 1, 1, 1, 1, 1, 1, 1, 1, 1, 1, 1, 1, 1, 1, 1, 1, 1, 1, 1, 0, 0, 0, 0, 0, 0, 0, 0, 0, 0, 0, 0, 0, 0, 0, 0, 0, 0, 0, 0, 0, 0]}