{"RTG": [24, 23, 22, 21, 20, 19, 18, 17, 16, 15, 14, 13, 12, 11, 10, 9, 8, 7, 6, 5, 4, 3, 2, 1, 0, 0, 0, 0, 0, 0, 0, 0, 0, 0, 0, 0, 0, 0, 0, 0, 0, 0, 0, 0, 0, 0, 0, 0, 0, 0, 0, 0], "S": [0, -0.5320126392908179, 0.13123823407706264, 0.22387517807153576, -1.6203663406350275, 0.42103107830772674, 0.7486707964918938, 1.1400171087098125, 1.0867645302829678, -0.1275144827788334, -0.8865485997154794, 0.8560300178421365, 0.5690923241108877, 0.7096778610505728, 0.6494093557430308, -0.2009931560051553, 1.1988872073150763, 1.1571444090289609, 0.6594579003937963, 1.1740795034056069, 1.1390065784520442, 1.2341595925880817, 0.7014264433005017, 0.8492731788192288, -0.5597792807169675, 2.665056914615652, 2.6194882783227276, 1.9816540052700344, -0.5681424030680832, 1.9421985709844345, 0.38850455016500957, 1.9631888737933478, -0.4909143663015248, 0.4256092218561636, 1.2473233634412009, 1.2009822841548368, 0.7810947647226019, -0.8754740322537258, -1.186524735350794, -0.14312843906774736, 1.183550878322407, 0.9985969048852414, -1.4056490068099121, 0.5891517867554916, -0.6592004082044743, -0.6527118419102764, -0.1444384360798626, 0.8132786627774347, 1.2167981233580216, 0.2847659930484283, 1.723220249425911, -0.9092916740966068], "A": [0.21, 1.055, 1.16, 1.26, 1.1300000000000001, 2.14, 2.19, 2.225, 3.1, 3.935, 4.795, 4.88, 4.69, 4.525, 4.4, 0.65, 0.61, 0.735, 2.7, 2.6550000000000002, 2.79, 2.85, 2.565, 3.48, 1.705, 1.68, 1.77, 0.0, 4.175, 4.11, 4.24, 3.71, 1.53, 0.41500000000000004, 3.2800000000000002, 5.0, 1.94, 2.4050000000000002, 0.89, 0.335, 3.36, 3.8200000000000003, 2.995, 3.605, 1.42, 0.095, 4.6000000000000005, 0.5, 3.2, 1.62, 2.035, 0], "R": [1, 1, 1, 1, 1, 1, 1, 1, 1, 1, 1, 1, 1, 1, 1, 1, 1, 1, 1, 1, 1, 1, 1, 1, 0, 0, 0, 0, 0, 0, 0, 0, 0, 0, 0, 0, 0, 0, 0, 0, 0, 0, 0, 0, 0, 0, 0, 0, 0, 0, 0, 0]}