{"RTG": [31, 30, 29, 28, 27, 26, 25, 24, 23, 22, 21, 20, 19, 18, 17, 16, 15, 14, 13, 12, 11, 10, 9, 8, 7, 6, 5, 4, 3, 2, 1, 0, 0, 0, 0, 0, 0, 0, 0, 0, 0, 0, 0, 0, 0, 0, 0, 0, 0, 0, 0, 0], "S": [0, 0.07785300854845761, 0.3321029361393006, 0.5519536381881391, 0.3496659885000683, 0.9438680768787604, 0.30905408296601417, 1.1701627407828141, 1.2752776432954898, 1.1390065784520442, 1.132872154906867, -0.7940973879101138, -0.5681424030680832, 0.2992456858903939, -0.2543664896025655, 1.1293561077306389, 1.1571444090289609, 1.2167981233580216, 1.2287157098589727, 1.183550878322407, -0.017882150725342393, 1.3016856375865116, 0.7352255488802192, -0.08895775174841293, 2.1614265129414165, 1.7668558624147594, 2.1880040451103517, 0.8216524061744304, 0.8313089284247416, 0.421746209599056, 2.510577190859736, 2.13684204514209, 2.665056914615652, 1.723220249425911, -1.0849883657686858, -1.0882046889653323, -2.019375394177136, 1.0245921516336474, -0.8455440470023323, 0.8710105674086935, -0.5628831503192052, -0.1333343676888655, 0.6726275675323473, 1.3006506431464921, 0.42103107830772674, 0.7810947647226019, -0.3552532035130716, -0.16532530793633957, -0.2319763522557701, 0.47240745786319704, 0.6989865678173576, -0.5281913749203656], "A": [3.185, 3.055, 2.98, 2.915, 3.365, 3.41, 3.34, 3.31, 2.6550000000000002, 2.595, 2.475, 0.0, 0.84, 1.0150000000000001, 0.675, 0.61, 0.5, 0.43, 0.335, 0.25, 0.375, 4.3, 4.415, 4.195, 4.165, 4.215, 4.63, 4.775, 4.94, 1.73, 1.76, 1.705, 1.62, 2.0100000000000002, 3.785, 1.285, 2.235, 3.94, 2.15, 3.63, 1.45, 4.535, 2.775, 1.1300000000000001, 5.0, 2.33, 0.1, 1.8900000000000001, 0.765, 4.71, 0.93, 0], "R": [1, 1, 1, 1, 1, 1, 1, 1, 1, 1, 1, 1, 1, 1, 1, 1, 1, 1, 1, 1, 1, 1, 1, 1, 1, 1, 1, 1, 1, 1, 1, 0, 0, 0, 0, 0, 0, 0, 0, 0, 0, 0, 0, 0, 0, 0, 0, 0, 0, 0, 0, 0]}