{"RTG": [25, 24, 23, 22, 21, 20, 19, 18, 17, 16, 15, 14, 13, 12, 11, 10, 9, 8, 7, 6, 5, 4, 3, 2, 1, 0, 0, 0, 0, 0, 0, 0, 0, 0, 0, 0, 0, 0, 0, 0, 0, 0, 0, 0, 0, 0, 0, 0, 0, 0, 0, 0], "S": [0, -0.7880611165295308, -0.5681424030680832, 0.1642534074841468, -0.6092041357060602, 0.3680109104289028, 0.4949049722078865, 1.1832205329391008, 1.1914882796809394, -2.2383187886964397, 1.0814212867534516, 1.0245921516336474, -0.4345148689017537, 0.8132786627774347, 0.7039863856329738, 0.41171617023787066, 0.672534868209102, 0.6452690930094037, 1.8063011458935552, 2.1880040451103517, 2.124266822246258, 0.5891517867554916, -0.1861306929802691, 0.849990625769365, 1.1326765301622912, 0.6137687486908822, 2.6730387989219673, 2.593288167724146, 2.1109965038009197, -0.19947597225900737, 0.6560959005237793, 1.2473233634412009, -0.8086308259890348, -1.186524735350794, -0.7104987145618867, 0.02348309645291035, -0.5519999276125631, 1.275078842405209, 0.42103107830772674, 0.23008588075507877, 0.3496659885000683, 1.2198638448838093, 1.3227683909951515, -0.6048098286998949, 0.8405098459569589, 0.9985969048852414, -0.4757085314032074, -1.512229542652904, -0.26316966470052044, -1.054315683292044, -0.11355670144341846, 0.12372982621026657], "A": [3.755, 0.0, 0.86, 0.96, 0.8200000000000001, 0.76, 0.66, 0.63, 1.32, 2.1750000000000003, 2.235, 2.07, 4.6000000000000005, 4.695, 4.47, 4.86, 4.985, 4.25, 4.215, 4.19, 2.995, 3.16, 2.835, 2.68, 2.5500000000000003, 1.695, 1.72, 1.6400000000000001, 3.4450000000000003, 0.29, 0.41500000000000004, 3.9450000000000003, 2.4050000000000002, 3.59, 1.875, 0.155, 3.305, 1.1300000000000001, 1.49, 2.915, 0.495, 2.75, 4.055, 4.78, 3.36, 1.205, 3.845, 4.385, 1.965, 0.075, 3.075, 0], "R": [1, 1, 1, 1, 1, 1, 1, 1, 1, 1, 1, 1, 1, 1, 1, 1, 1, 1, 1, 1, 1, 1, 1, 1, 1, 0, 0, 0, 0, 0, 0, 0, 0, 0, 0, 0, 0, 0, 0, 0, 0, 0, 0, 0, 0, 0, 0, 0, 0, 0, 0, 0]}