{"RTG": [7, 6, 5, 4, 3, 2, 1, 0, 0, 0, 0, 0, 0, 0, 0, 0, 0, 0, 0, 0, 0, 0, 0, 0, 0, 0, 0, 0, 0, 0, 0, 0, 0, 0, 0, 0, 0, 0, 0, 0, 0, 0, 0, 0, 0, 0, 0, 0, 0, 0, 0, 0], "S": [0, -0.25355152682405413, -0.611716481250362, 1.3644503580708482, 0.587534579924061, 1.7290264375923594, 1.9816540052700344, 2.593288167724146, 2.6730387989219673, 0.5804748080628606, -1.0754068804073755, 0.6800540626825456, 1.275078842405209, 0.00646266035523254, 0.07785300854845761, 1.190400491309068, -0.130551393865645, 1.555179369689812, -0.7251050469638722, 0.7810947647226019, 0.7665022349198103, 0.7468985423979649, 1.185463162109889, 1.2805352156985943, 1.1031253948915591, 0.9978997859167429, 0.4302381124583138, 1.1392762323358923, -1.9528264959818675, -0.5109588790481822, 0.49295855336629363, 0.40772630398627313, 0.7299093747335014, -0.5681424030680832, 0.04365670661903363, 0.41313196293813004, -1.5129641137469552, -0.7387734467982239, 1.1037847808441072, 0.28265279438418606, 0.42396904460622875, 2.1880040451103517, -0.7985100098253909, 1.1398863076022887, 0.7690116833676693, 1.1413307041700922, 0.04047799628533581, -0.598610461628525, 0.5781725177034593, 1.3266242924078386, 0.9985969048852414, 0.07219968659936347], "A": [0.115, 0.9550000000000001, 1.805, 1.845, 1.7850000000000001, 1.77, 1.72, 1.695, 2.275, 2.45, 2.1350000000000002, 3.305, 3.43, 3.185, 4.28, 4.41, 4.155, 4.0200000000000005, 5.0, 4.84, 4.67, 0.525, 0.395, 0.68, 2.82, 2.95, 2.685, 1.28, 3.715, 0.28, 0.79, 4.5600000000000005, 0.0, 1.465, 1.1, 3.855, 3.58, 2.59, 3.06, 4.92, 4.215, 2.045, 0.6, 4.75, 2.21, 1.175, 0.2, 1.55, 2.755, 3.36, 0.87, 0], "R": [1, 1, 1, 1, 1, 1, 1, 0, 0, 0, 0, 0, 0, 0, 0, 0, 0, 0, 0, 0, 0, 0, 0, 0, 0, 0, 0, 0, 0, 0, 0, 0, 0, 0, 0, 0, 0, 0, 0, 0, 0, 0, 0, 0, 0, 0, 0, 0, 0, 0, 0, 0]}