{"RTG": [23, 22, 21, 20, 19, 18, 17, 16, 15, 14, 13, 12, 11, 10, 9, 8, 7, 6, 5, 4, 3, 2, 1, 0, 0, 0, 0, 0, 0, 0, 0, 0, 0, 0, 0, 0, 0, 0, 0, 0, 0, 0, 0, 0, 0, 0, 0, 0, 0, 0, 0, 0], "S": [0, 1.2154017406227207, 0.8066810032092551, 1.3014072903111207, -1.0006152363742993, -0.35007698439985496, 0.35215098025751895, 0.12372982621026657, 1.3049009603131116, 1.1740795034056069, 1.2607647850267172, -0.2751600190638433, 1.2009822841548368, 1.2005038616307513, -0.2620302510306252, 0.7352255488802192, -0.08895775174841293, 2.1614265129414165, 1.7668558624147594, 2.1880040451103517, 0.8216524061744304, 0.8313089284247416, 0.421746209599056, 2.486335711065681, 2.6730387989219673, 2.4602044790854074, 0.3905628121415768, 1.1914882796809394, -1.0364517181494661, -0.5681424030680832, -0.5088549283725726, 0.4268874504834266, -0.1333343676888655, -0.5315242372945383, 1.1678514241253621, -0.6016781995881259, -0.8455440470023323, 0.6726275675323473, -1.0785053980520602, 1.1400171087098125, -0.32750870905583246, 0.42661607931867784, 0.7810947647226019, 0.7881508443671758, -0.043400782201073435, 0.5781725177034593, -2.094189764657218, 0.6989865678173576, 1.132872154906867, -0.19932815225345174, 0.5891517867554916, -0.4513534362588481], "A": [0.34, 0.3, 0.37, 1.23, 2.075, 2.91, 3.075, 2.74, 2.7, 2.785, 2.505, 3.2800000000000002, 3.335, 3.45, 4.3, 4.415, 4.195, 4.165, 4.215, 4.63, 4.775, 4.94, 1.665, 1.695, 1.735, 0.805, 0.63, 3.7800000000000002, 0.0, 0.985, 2.285, 1.45, 1.9100000000000001, 0.535, 3.62, 3.94, 4.535, 2.3850000000000002, 2.19, 0.125, 1.105, 5.0, 0.72, 3.1750000000000003, 1.55, 1.345, 4.71, 2.595, 0.895, 2.995, 3.6950000000000003, 0], "R": [1, 1, 1, 1, 1, 1, 1, 1, 1, 1, 1, 1, 1, 1, 1, 1, 1, 1, 1, 1, 1, 1, 1, 0, 0, 0, 0, 0, 0, 0, 0, 0, 0, 0, 0, 0, 0, 0, 0, 0, 0, 0, 0, 0, 0, 0, 0, 0, 0, 0, 0, 0]}