{"RTG": [29, 28, 27, 26, 25, 24, 23, 22, 21, 20, 19, 18, 17, 16, 15, 14, 13, 12, 11, 10, 9, 8, 7, 6, 5, 4, 3, 2, 1, 0, 0, 0, 0, 0, 0, 0, 0, 0, 0, 0, 0, 0, 0, 0, 0, 0, 0, 0, 0, 0, 0, 0], "S": [0, 1.0567075262404362, 1.275078842405209, 1.0942090702771463, -0.5681424030680832, 0.2045054376024882, 0.0866432673157289, 1.1929647133334638, 1.1398863076022887, 1.2207514698396822, 1.2636906207954577, 1.0542425639738024, 0.7439499693117351, -0.5689652042600516, -1.1958523683721816, 0.8399611402853264, -0.7495170589353438, 1.1260754615276558, -1.0615730161681003, 2.1646963807230764, 1.8063011458935552, 2.1614265129414165, 0.7810947647226019, 0.6977617291854273, 0.7259718516629005, 1.0887396232185838, 0.3659378656084991, 1.1392762323358923, -0.7880611165295308, 0.6951830673805045, 2.665056914615652, 2.6194882783227276, 2.060748031034219, 0.7769529835142928, -0.7762990261304845, -0.7762351625212653, -0.3782782412797233, 0.12372982621026657, 0.7456394742923096, 0.14978629205510915, 0.8205579041063652, -0.611716481250362, -0.2319763522557701, -0.5574404173745552, -0.7197448335686071, -0.4672195710409025, -0.1285737335390223, -2.1283174002063725, 0.421746209599056, -1.5129641137469552, -0.22095008144629988, -0.3764877984809053], "A": [3.2600000000000002, 3.305, 3.35, 0.0, 0.855, 1.05, 0.655, 0.6, 0.465, 0.405, 0.32, 0.725, 0.20500000000000002, 1.395, 2.255, 2.355, 2.185, 2.015, 4.22, 4.25, 4.195, 5.0, 4.855, 4.68, 2.81, 2.93, 2.685, 3.755, 4.545, 1.705, 1.68, 1.7650000000000001, 2.56, 3.56, 3.95, 1.2, 3.075, 1.565, 4.44, 4.7700000000000005, 0.9550000000000001, 1.8900000000000001, 4.0600000000000005, 2.48, 3.66, 0.09, 1.295, 4.94, 3.855, 3.1550000000000002, 3.46, 0], "R": [1, 1, 1, 1, 1, 1, 1, 1, 1, 1, 1, 1, 1, 1, 1, 1, 1, 1, 1, 1, 1, 1, 1, 1, 1, 1, 1, 1, 1, 0, 0, 0, 0, 0, 0, 0, 0, 0, 0, 0, 0, 0, 0, 0, 0, 0, 0, 0, 0, 0, 0, 0]}