{"RTG": [27, 26, 25, 24, 23, 22, 21, 20, 19, 18, 17, 16, 15, 14, 13, 12, 11, 10, 9, 8, 7, 6, 5, 4, 3, 2, 1, 0, 0, 0, 0, 0, 0, 0, 0, 0, 0, 0, 0, 0, 0, 0, 0, 0, 0, 0, 0, 0, 0, 0, 0, 0], "S": [0, 0.27244383499665203, 0.28719849522687874, -0.611716481250362, 0.43558581507364647, -0.5681424030680832, -0.7349959441494497, 0.35130374988897833, 0.591106254339909, 0.12372982621026657, -0.9311057892287455, 0.8405098459569589, 0.8188852879171115, 0.7259718516629005, 0.4166613326088767, 0.7299093747335014, 0.37416928039478276, 1.2228604805951775, 1.185463162109889, 1.2722439051238437, 1.183550878322407, 1.1988872073150763, 0.7881508443671758, -0.3799924249980656, -0.6399272688825074, 1.723220249425911, 2.356485375892664, 2.583789023717434, 2.6732740673741575, -0.7250333914407979, 2.1646963807230764, 1.555179369689812, 0.8479373402835767, 1.1740795034056069, 0.718905993062926, -0.5344493610789871, 1.275078842405209, -1.414747719560874, -0.14944533764382856, 1.1867253408604772, 0.6459327577795845, 1.0814212867534516, 0.5392684839855656, 1.2033515197286617, -1.4056490068099121, 0.3409349855768263, 0.7810947647226019, -0.6737740081427814, -0.6016781995881259, -0.8797078913319923, -0.1444384360798626, -2.019375394177136], "A": [1.155, 1.075, 0.9550000000000001, 1.11, 0.0, 2.05, 2.92, 3.0100000000000002, 3.075, 3.93, 4.78, 4.825, 4.68, 4.9350000000000005, 4.5600000000000005, 4.465, 0.485, 0.525, 0.4, 0.335, 0.65, 0.72, 0.225, 2.485, 1.62, 1.655, 1.675, 1.7, 3.5100000000000002, 4.22, 4.155, 4.295, 2.7, 2.265, 3.72, 3.305, 1.385, 1.885, 2.615, 3.225, 2.1750000000000003, 3.395, 2.795, 3.8200000000000003, 0.8300000000000001, 5.0, 4.045, 3.62, 2.365, 0.095, 1.285, 0], "R": [1, 1, 1, 1, 1, 1, 1, 1, 1, 1, 1, 1, 1, 1, 1, 1, 1, 1, 1, 1, 1, 1, 1, 1, 1, 1, 1, 0, 0, 0, 0, 0, 0, 0, 0, 0, 0, 0, 0, 0, 0, 0, 0, 0, 0, 0, 0, 0, 0, 0, 0, 0]}