{"RTG": [27, 26, 25, 24, 23, 22, 21, 20, 19, 18, 17, 16, 15, 14, 13, 12, 11, 10, 9, 8, 7, 6, 5, 4, 3, 2, 1, 0, 0, 0, 0, 0, 0, 0, 0, 0, 0, 0, 0, 0, 0, 0, 0, 0, 0, 0, 0, 0, 0, 0, 0, 0], "S": [0, 1.3265893946558156, 1.2423047404347072, 0.9001162474095208, -0.5681424030680832, 0.2045054376024882, 0.0866432673157289, 1.1929647133334638, 1.1327279928260916, 1.219269979845113, 1.294516094678491, 0.8758965088053228, -2.078054622311628, -0.44151905624948234, 0.6726275675323473, 0.7697164372501104, 0.8560300178421365, 0.43333794832263955, -0.26316966470052044, -1.0615730161681003, 1.0567075262404362, 0.07785300854845761, 1.260659837942881, -0.2620302510306252, -1.0316810346736789, -0.7213855572269114, 2.486335711065681, 2.018703006539025, 2.6462676611234475, 2.4602044790854074, 1.0245921516336474, 2.199560797986056, 1.7668558624147594, -1.512229542652904, 0.5942894159677002, -0.5519999276125631, -0.18008420118012206, 0.8124124524666402, 0.7810947647226019, -0.2050297928400839, 0.5210538878624557, 1.1037847808441072, 0.1134268335735682, 1.4124672145230344, -0.7506979107943184, 0.3146398464699526, -0.6077964200381839, 0.17769761202432371, 0.7216939239772742, -0.8865485997154794, -0.11355670144341846, 0.41171617023787066], "A": [2.7600000000000002, 2.72, 2.83, 0.0, 0.855, 1.05, 0.655, 0.595, 0.455, 0.385, 0.305, 1.29, 3.685, 4.535, 4.66, 4.795, 4.915, 4.385, 2.015, 3.2600000000000002, 3.185, 3.3200000000000003, 3.45, 2.455, 4.03, 1.665, 1.635, 1.685, 1.735, 2.235, 4.21, 4.165, 3.845, 3.0, 0.155, 2.32, 2.145, 5.0, 1.445, 0.755, 2.59, 1.87, 4.2700000000000005, 3.575, 1.1500000000000001, 0.9500000000000001, 3.0700000000000003, 4.73, 3.935, 0.075, 4.47, 0], "R": [1, 1, 1, 1, 1, 1, 1, 1, 1, 1, 1, 1, 1, 1, 1, 1, 1, 1, 1, 1, 1, 1, 1, 1, 1, 1, 1, 0, 0, 0, 0, 0, 0, 0, 0, 0, 0, 0, 0, 0, 0, 0, 0, 0, 0, 0, 0, 0, 0, 0, 0, 0]}