{"RTG": [11, 10, 9, 8, 7, 6, 5, 4, 3, 2, 1, 0, 0, 0, 0, 0, 0, 0, 0, 0, 0, 0, 0, 0, 0, 0, 0, 0, 0, 0, 0, 0, 0, 0, 0, 0, 0, 0, 0, 0, 0, 0, 0, 0, 0, 0, 0, 0, 0, 0, 0, 0], "S": [0, 1.2198638448838093, 1.219269979845113, 1.1327279928260916, 1.3014072903111207, 0.8758965088053228, 0.47240745786319704, -0.5281913749203656, 1.9816540052700344, 1.4579884778504881, 2.2787485889783183, 2.510577190859736, 2.648718288939445, 1.1740795034056069, 0.9001162474095208, 0.6137687486908822, 0.5821843027492473, 0.2847659930484283, -0.5225634108889254, 0.00646266035523254, 2.1300292046727938, 0.8479373402835767, 1.66510693211448, 0.7810947647226019, 0.7665022349198103, 0.7582537177375791, -0.6250762041214045, -1.8790008443431394, -0.5681424030680832, 0.6068916248446233, 0.6726275675323473, -0.9311057892287455, -0.7506979107943184, 0.09060725392395028, 0.348248328649486, 1.2704887200104722, -0.4457386208748614, -0.9092916740966068, 1.0867645302829678, 0.35682762061356665, 0.42396904460622875, 0.14978629205510915, 0.7690116833676693, -0.9252293777902464, -0.6963956180988685, 1.1795391579642154, 1.072987484673177, 0.16895881349534878, 0.7456394742923096, -0.16817882155834474, -1.4376841077764138, -1.5202825455833266], "A": [0.495, 0.455, 0.595, 0.37, 0.305, 0.765, 0.93, 1.77, 1.8, 1.75, 1.73, 1.71, 2.7, 2.83, 2.5500000000000003, 3.015, 3.2, 2.34, 3.43, 4.225, 4.295, 4.16, 5.0, 4.84, 4.665, 3.735, 1.2750000000000001, 0.0, 2.13, 4.535, 3.93, 3.575, 1.47, 1.085, 3.315, 0.14, 2.035, 2.225, 2.9250000000000003, 4.92, 4.44, 4.75, 2.465, 4.04, 2.63, 0.685, 1.165, 1.565, 3.105, 3.825, 1.3800000000000001, 0], "R": [1, 1, 1, 1, 1, 1, 1, 1, 1, 1, 1, 0, 0, 0, 0, 0, 0, 0, 0, 0, 0, 0, 0, 0, 0, 0, 0, 0, 0, 0, 0, 0, 0, 0, 0, 0, 0, 0, 0, 0, 0, 0, 0, 0, 0, 0, 0, 0, 0, 0, 0, 0]}