{"RTG": [26, 25, 24, 23, 22, 21, 20, 19, 18, 17, 16, 15, 14, 13, 12, 11, 10, 9, 8, 7, 6, 5, 4, 3, 2, 1, 0, 0, 0, 0, 0, 0, 0, 0, 0, 0, 0, 0, 0, 0, 0, 0, 0, 0, 0, 0, 0, 0, 0, 0, 0, 0], "S": [0, -0.6019000811690085, -0.5681424030680832, 0.1642534074841468, -0.6092041357060602, 0.3680109104289028, 0.4949049722078865, 1.1832205329391008, 1.1914882796809394, -2.2383187886964397, 0.07785300854845761, 0.15531055956049092, -0.5821590646936314, 0.39342310011908804, 1.2607647850267172, 1.3153844260682281, 1.129227959703775, 0.4777299050634701, 0.8250163897131615, 0.7433692441740283, 0.5209078855902575, 0.8479373402835767, 2.124266822246258, 1.66510693211448, 2.199560797986056, 0.587534579924061, -1.0849883657686858, 2.6732740673741575, 2.539316846348272, 0.6560959005237793, 2.4602044790854074, -1.5157966450157259, 1.2473233634412009, -0.074182758754499, 0.7810947647226019, -0.5519999276125631, 1.1260754615276558, 0.42103107830772674, 1.275078842405209, 0.3027282790335336, 0.3321029361393006, -0.6878780468282619, 1.2198638448838093, 0.8934834654088644, -0.5613504714487526, -0.4757085314032074, -0.7548756490013011, 0.7181670574127406, 0.18863804225015912, 0.8418830957241761, -0.4572802851966546, -0.11355670144341846], "A": [2.345, 0.0, 0.86, 0.96, 0.8200000000000001, 0.76, 0.66, 0.63, 1.32, 3.185, 3.42, 3.625, 2.94, 2.785, 2.745, 2.665, 4.48, 4.625, 4.74, 4.89, 4.295, 4.19, 4.16, 4.21, 1.845, 2.0100000000000002, 1.7, 1.67, 0.29, 1.735, 3.85, 0.41500000000000004, 2.515, 5.0, 0.155, 2.185, 1.1300000000000001, 3.305, 1.5050000000000001, 3.055, 3.975, 0.495, 2.25, 3.725, 1.205, 3.52, 4.555, 2.105, 4.815, 1.43, 0.075, 0], "R": [1, 1, 1, 1, 1, 1, 1, 1, 1, 1, 1, 1, 1, 1, 1, 1, 1, 1, 1, 1, 1, 1, 1, 1, 1, 1, 0, 0, 0, 0, 0, 0, 0, 0, 0, 0, 0, 0, 0, 0, 0, 0, 0, 0, 0, 0, 0, 0, 0, 0, 0, 0]}