{"RTG": [16, 15, 14, 13, 12, 11, 10, 9, 8, 7, 6, 5, 4, 3, 2, 1, 0, 0, 0, 0, 0, 0, 0, 0, 0, 0, 0, 0, 0, 0, 0, 0, 0, 0, 0, 0, 0, 0, 0, 0, 0, 0, 0, 0, 0, 0, 0, 0, 0, 0, 0, 0], "S": [0, 1.024040463667378, 0.3327416839338406, 1.1712103381729184, -0.5681424030680832, 0.32211413453554105, -0.3935566625341845, 1.072987484673177, 1.1756294449900588, 1.142098306587714, 1.2192840698341836, 1.2881202542280985, 1.0000009442743154, -0.6286623709632781, -0.07443101875082657, 2.2787485889783183, 2.593288167724146, 2.6730387989219673, 0.4256092218561636, 0.7810947647226019, 0.7665022349198103, 0.7582537177375791, -0.8086308259890348, 0.17769761202432371, 0.0983818009091677, -1.7985319445633705, 0.6494093557430308, 0.4301388341903039, 1.0567075262404362, -0.5109588790481822, 1.66510693211448, 0.718905993062926, -0.08326043425258514, 2.1300292046727938, -0.9194276956093578, -0.5519999276125631, 1.0942090702771463, 1.3006506431464921, 0.438911988125878, -1.4376841077764138, 0.7824357235715943, -0.7495170589353438, -0.1445968462172942, -0.7568219640141731, -0.6404363206845495, 1.1260754615276558, 0.41543750807331425, 2.1109965038009197, 0.5519536381881391, 0.19826562714405405, -0.36042160659606265, -0.11355670144341846], "A": [2.58, 2.535, 2.605, 0.0, 0.835, 1.0, 0.685, 0.62, 0.55, 0.45, 0.39, 0.315, 3.49, 4.345, 1.75, 1.72, 1.695, 1.53, 5.0, 4.84, 4.665, 3.9450000000000003, 3.0700000000000003, 2.1, 1.27, 4.525, 2.8850000000000002, 3.2600000000000002, 3.715, 4.16, 2.265, 4.09, 4.225, 1.945, 0.155, 3.35, 2.775, 1.12, 3.825, 4.755, 2.355, 3.165, 1.415, 3.61, 2.185, 4.93, 1.6400000000000001, 2.98, 4.445, 0.91, 0.075, 0], "R": [1, 1, 1, 1, 1, 1, 1, 1, 1, 1, 1, 1, 1, 1, 1, 1, 0, 0, 0, 0, 0, 0, 0, 0, 0, 0, 0, 0, 0, 0, 0, 0, 0, 0, 0, 0, 0, 0, 0, 0, 0, 0, 0, 0, 0, 0, 0, 0, 0, 0, 0, 0]}