{"RTG": [21, 20, 19, 18, 17, 16, 15, 14, 13, 12, 11, 10, 9, 8, 7, 6, 5, 4, 3, 2, 1, 0, 0, 0, 0, 0, 0, 0, 0, 0, 0, 0, 0, 0, 0, 0, 0, 0, 0, 0, 0, 0, 0, 0, 0, 0, 0, 0, 0, 0, 0, 0], "S": [0, -0.5689652042600516, 0.040343652882350874, -0.4757085314032074, -0.6004221706752727, 0.3193365979811941, -0.5157422423457501, 0.35215098025751895, 0.5519536381881391, 0.4215588852672501, -1.2326682407776417, 0.8205579041063652, 0.8316743936656834, 0.42396904460622875, 0.8164466281105316, 0.7535780975912624, 0.002822489698097361, -0.5550393478506724, -0.3210934574237214, 2.2807160561275923, 1.723220249425911, 2.539316846348272, 2.6640935024130794, 1.14814577970639, 1.2226063038826296, 0.5840020559624679, 2.0751036904311593, 0.6520050202483836, 1.8063011458935552, -0.5681424030680832, -0.4672195710409025, 1.0093963694162764, 0.5804748080628606, 1.1602292902251623, 1.2978622792095647, -0.2319763522557701, -1.1958523683721816, 1.1867253408604772, 1.1701627407828141, 1.1260754615276558, -0.984767779832423, 0.7810947647226019, 0.32211413453554105, 1.2341595925880817, -0.16532530793633957, -0.7762990261304845, -0.9899543682703261, -0.1445968462172942, 1.158880316031669, 1.640461454575373, -0.7001124557070517, -2.201677621553729], "A": [0.20500000000000002, 1.045, 1.205, 0.965, 1.08, 2.065, 2.91, 2.98, 3.045, 3.9, 4.7700000000000005, 4.82, 4.92, 4.635, 4.57, 4.425, 2.49, 3.455, 1.6500000000000001, 1.62, 1.67, 1.69, 0.605, 0.47500000000000003, 0.745, 4.1850000000000005, 4.12, 4.25, 0.0, 3.66, 3.255, 2.275, 2.695, 0.365, 1.8900000000000001, 1.395, 2.615, 3.34, 2.185, 3.775, 5.0, 0.835, 2.79, 0.1, 3.56, 2.375, 3.165, 0.54, 1.79, 4.0, 1.305, 0], "R": [1, 1, 1, 1, 1, 1, 1, 1, 1, 1, 1, 1, 1, 1, 1, 1, 1, 1, 1, 1, 1, 0, 0, 0, 0, 0, 0, 0, 0, 0, 0, 0, 0, 0, 0, 0, 0, 0, 0, 0, 0, 0, 0, 0, 0, 0, 0, 0, 0, 0, 0, 0]}