{"RTG": [25, 24, 23, 22, 21, 20, 19, 18, 17, 16, 15, 14, 13, 12, 11, 10, 9, 8, 7, 6, 5, 4, 3, 2, 1, 0, 0, 0, 0, 0, 0, 0, 0, 0, 0, 0, 0, 0, 0, 0, 0, 0, 0, 0, 0, 0, 0, 0, 0, 0, 0, 0], "S": [0, -0.7011682182012821, -0.5681424030680832, 0.1642534074841468, -0.6092041357060602, 0.3680109104289028, 0.4949049722078865, 1.1832205329391008, 1.1914882796809394, -2.2383187886964397, 1.0814212867534516, 1.0245921516336474, -0.4345148689017537, 0.7970323007868108, 0.7096778610505728, 0.33376010508273046, 0.7220419228172474, 0.5364555030845335, 2.1614265129414165, 1.7668558624147594, 2.1646963807230764, 0.5800560575903002, -0.22095008144629988, 0.9001162474095208, 1.1326765301622912, 0.6137687486908822, 2.6730387989219673, 2.593288167724146, 2.1109965038009197, -0.1336677750241096, 0.6560959005237793, 1.2473233634412009, -1.186524735350794, -1.0793329670954217, -0.7253309927571581, 0.02348309645291035, 1.2699450427223564, -0.5519999276125631, 0.42103107830772674, 0.23008588075507877, 0.35215098025751895, 1.2198638448838093, -0.17456529408862, 1.3227683909951515, 0.9985969048852414, 0.8313089284247416, -0.4757085314032074, -0.7213851175583837, -1.054315683292044, -0.44919934217062807, -0.11355670144341846, 0.17769761202432371], "A": [3.745, 0.0, 0.86, 0.96, 0.8200000000000001, 0.76, 0.66, 0.63, 1.32, 2.1750000000000003, 2.235, 2.07, 4.59, 4.69, 4.46, 4.8500000000000005, 4.97, 4.195, 4.165, 4.22, 2.99, 3.1550000000000002, 2.83, 2.68, 2.5500000000000003, 1.695, 1.72, 1.6400000000000001, 3.44, 0.29, 0.41500000000000004, 2.4050000000000002, 3.915, 3.585, 1.875, 3.3000000000000003, 0.155, 1.1300000000000001, 1.49, 2.91, 0.495, 4.355, 2.75, 3.36, 4.775, 1.205, 4.015, 1.965, 3.67, 0.075, 3.0700000000000003, 0], "R": [1, 1, 1, 1, 1, 1, 1, 1, 1, 1, 1, 1, 1, 1, 1, 1, 1, 1, 1, 1, 1, 1, 1, 1, 1, 0, 0, 0, 0, 0, 0, 0, 0, 0, 0, 0, 0, 0, 0, 0, 0, 0, 0, 0, 0, 0, 0, 0, 0, 0, 0, 0]}