{"RTG": [23, 22, 21, 20, 19, 18, 17, 16, 15, 14, 13, 12, 11, 10, 9, 8, 7, 6, 5, 4, 3, 2, 1, 0, 0, 0, 0, 0, 0, 0, 0, 0, 0, 0, 0, 0, 0, 0, 0, 0, 0, 0, 0, 0, 0, 0, 0, 0, 0, 0, 0, 0], "S": [0, -0.5765074546122056, -0.5681424030680832, -0.4345148689017537, 0.35215098025751895, 0.5519536381881391, 0.4215588852672501, -1.2326682407776417, 0.8205579041063652, 0.8316743936656834, 0.42396904460622875, 0.8164466281105316, 0.7535780975912624, 0.002822489698097361, 1.14814577970639, 1.124212497936378, 1.0022667714886981, 1.219269979845113, 1.2805352156985943, 1.0000009442743154, 0.1642534074841468, 2.198622511720558, 1.6217806950522773, 2.486335711065681, 2.6462676611234475, -0.5550393478506724, -0.3210934574237214, 2.0751036904311593, 0.6520050202483836, 1.8888071569415663, -0.4672195710409025, 1.0093963694162764, 0.5804748080628606, 1.1602292902251623, -0.15546005114250563, -1.414747719560874, -0.3116150948341032, -0.5807826452226514, 1.1867253408604772, 1.1701627407828141, 1.1260754615276558, -0.984767779832423, 0.7810947647226019, 1.2341595925880817, 0.43977288007454873, -0.7762990261304845, -0.9899543682703261, -0.1445968462172942, 1.7290264375923594, 0.4155245705262251, 0.13840231823318014, -0.7001124557070517], "A": [1.21, 0.0, 2.07, 2.91, 2.98, 3.045, 3.9, 4.7700000000000005, 4.82, 4.92, 4.635, 4.57, 4.425, 0.605, 0.5650000000000001, 0.6950000000000001, 0.455, 0.395, 0.315, 0.86, 1.645, 1.615, 1.665, 1.685, 2.49, 3.455, 4.1850000000000005, 4.12, 4.245, 3.66, 3.255, 2.275, 2.695, 1.025, 1.385, 1.895, 0.16, 2.615, 3.34, 2.185, 3.775, 5.0, 2.79, 1.115, 3.56, 2.375, 3.165, 1.7850000000000001, 0.785, 4.33, 4.0, 0], "R": [1, 1, 1, 1, 1, 1, 1, 1, 1, 1, 1, 1, 1, 1, 1, 1, 1, 1, 1, 1, 1, 1, 1, 0, 0, 0, 0, 0, 0, 0, 0, 0, 0, 0, 0, 0, 0, 0, 0, 0, 0, 0, 0, 0, 0, 0, 0, 0, 0, 0, 0, 0]}