{"RTG": [23, 22, 21, 20, 19, 18, 17, 16, 15, 14, 13, 12, 11, 10, 9, 8, 7, 6, 5, 4, 3, 2, 1, 0, 0, 0, 0, 0, 0, 0, 0, 0, 0, 0, 0, 0, 0, 0, 0, 0, 0, 0, 0, 0, 0, 0, 0, 0, 0, 0, 0, 0], "S": [0, -1.3287532923747882, -0.5681424030680832, 0.1642534074841468, -0.6092041357060602, 0.3680109104289028, 0.4949049722078865, 1.1832205329391008, 1.1914882796809394, -2.2383187886964397, 1.0814212867534516, 1.0245921516336474, -0.4345148689017537, 0.7697164372501104, 0.7957554899833702, 0.47891439095336297, 0.6369849008242138, -0.2695911284410121, 0.5681183836528795, -0.24866560631437654, 0.35893135363273554, 1.1815012598688805, 1.1464646165049321, 0.1308494504699903, 2.6732740673741575, 2.583789023717434, 2.2787485889783183, -0.428093934136053, 0.6560959005237793, 0.38850455016500957, 1.2473233634412009, -0.5821590646936314, -0.68423059871148, 2.084491255479688, 0.3971961720618536, 1.2752776432954898, -0.5519999276125631, 0.7810947647226019, 0.42103107830772674, -0.3881858065598431, -0.8797078913319923, 1.2607647850267172, 1.3027192822091056, 1.2198638448838093, 0.8848719625808373, -0.5765074546122056, -0.5109588790481822, -0.28307668106601713, 0.7970323007868108, 0.7801908353249076, -0.11355670144341846, 2.014262628658444], "A": [3.81, 0.0, 0.86, 0.96, 0.8200000000000001, 0.76, 0.66, 0.63, 1.32, 2.1750000000000003, 2.235, 2.07, 4.66, 4.76, 4.9, 4.5200000000000005, 4.38, 3.02, 3.15, 2.9050000000000002, 2.61, 2.65, 2.525, 1.7, 1.675, 1.75, 3.465, 0.29, 4.11, 0.41500000000000004, 3.625, 3.985, 4.23, 1.5250000000000001, 3.31, 0.155, 5.0, 1.1300000000000001, 1.9000000000000001, 2.365, 2.785, 4.275, 0.495, 3.37, 1.21, 3.715, 1.44, 4.59, 3.235, 0.075, 4.18, 0], "R": [1, 1, 1, 1, 1, 1, 1, 1, 1, 1, 1, 1, 1, 1, 1, 1, 1, 1, 1, 1, 1, 1, 1, 0, 0, 0, 0, 0, 0, 0, 0, 0, 0, 0, 0, 0, 0, 0, 0, 0, 0, 0, 0, 0, 0, 0, 0, 0, 0, 0, 0, 0]}