{"RTG": [9, 8, 7, 6, 5, 4, 3, 2, 1, 0, 0, 0, 0, 0, 0, 0, 0, 0, 0, 0, 0, 0, 0, 0, 0, 0, 0, 0, 0, 0, 0, 0, 0, 0, 0, 0, 0, 0, 0, 0, 0, 0, 0, 0, 0, 0, 0, 0, 0, 0, 0, 0], "S": [0, 1.1204461855443508, 1.1756294449900588, 0.9625550854276712, 1.2247109249108254, 1.294516094678491, 0.940457295044262, -0.2548394412801817, 2.5551020877188306, 2.2096243099566566, 2.6732740673741575, 0.7456394742923096, -0.8566861004606161, 0.40577549456587986, 0.016953564100676687, 1.1602292902251623, 0.7769529835142928, -0.8797078913319923, -1.3264683727487805, 0.7558657355637947, 0.46108902787231554, 0.7652276639764811, -0.2009931560051553, -0.06490318263147667, -0.5681424030680832, -0.785730101527414, 1.7668558624147594, -0.18412100953310084, 2.0286591678260097, -0.5441132825174866, 1.0567075262404362, -1.3062435570172963, 0.13123823407706264, 0.7810947647226019, -0.5193532046837243, 1.151436074096337, 1.2607647850267172, 0.7697164372501104, -0.7880611165295308, 0.07785300854845761, -0.4615336624388271, 1.1701627407828141, -0.7940973879101138, 0.7817142987958644, 0.3905628121415768, 0.5674801530142803, 0.624834862100612, 0.4035438731462402, -0.7834705376033333, 2.356485375892664, 0.5544970678689413, 0.8036415820234936], "A": [0.58, 0.62, 0.7000000000000001, 0.435, 0.385, 0.31, 0.9, 1.725, 1.7550000000000001, 1.7, 1.565, 2.04, 2.89, 3.085, 2.695, 2.56, 2.365, 3.89, 4.745, 4.905, 4.575, 4.4, 3.435, 0.0, 1.22, 4.165, 4.085, 4.235, 3.6350000000000002, 3.2600000000000002, 1.3900000000000001, 1.055, 5.0, 0.15, 2.2, 2.785, 4.66, 3.755, 3.185, 1.905, 3.34, 2.475, 2.2600000000000002, 0.805, 2.985, 4.305, 1.135, 3.54, 1.655, 4.495, 4.83, 0], "R": [1, 1, 1, 1, 1, 1, 1, 1, 1, 0, 0, 0, 0, 0, 0, 0, 0, 0, 0, 0, 0, 0, 0, 0, 0, 0, 0, 0, 0, 0, 0, 0, 0, 0, 0, 0, 0, 0, 0, 0, 0, 0, 0, 0, 0, 0, 0, 0, 0, 0, 0, 0]}