{"RTG": [24, 23, 22, 21, 20, 19, 18, 17, 16, 15, 14, 13, 12, 11, 10, 9, 8, 7, 6, 5, 4, 3, 2, 1, 0, 0, 0, 0, 0, 0, 0, 0, 0, 0, 0, 0, 0, 0, 0, 0, 0, 0, 0, 0, 0, 0, 0, 0, 0, 0, 0, 0], "S": [0, -1.1142781305849165, -0.5681424030680832, 0.1642534074841468, -0.6092041357060602, 0.3680109104289028, 0.4949049722078865, 1.1832205329391008, 1.1914882796809394, -2.2383187886964397, 0.8429601913364685, 1.2256976844807996, 0.7554559803553068, 1.2699450427223564, 1.8063011458935552, 1.0765033972163964, 2.084491255479688, 2.199560797986056, 0.8250163897131615, 0.8205579041063652, 0.4166613326088767, 0.29901449907859046, -0.6664423878806288, 2.583789023717434, 2.198622511720558, 2.6732740673741575, 0.9496061264010378, 1.1392762323358923, 0.5674801530142803, -0.984767779832423, 0.6560959005237793, 0.9147600389067359, 1.2473233634412009, 0.5928665680352182, -0.7085119626694121, -0.6944213635994284, -0.5519999276125631, 1.1283506934188439, 0.42103107830772674, 0.016953564100676687, 0.7810947647226019, 0.16883208745421255, 1.2198638448838093, 0.5054056779022843, 0.37011310999987346, 0.7002211277137405, -1.4664759182334537, -0.9952350182638754, -0.4757085314032074, -0.37205149742952043, -0.4354061667458947, -0.44124323692021794], "A": [2.39, 0.0, 0.86, 0.96, 0.8200000000000001, 0.76, 0.66, 0.63, 1.32, 3.24, 3.33, 3.38, 3.3000000000000003, 4.25, 4.285, 4.23, 4.21, 4.625, 4.7700000000000005, 4.9350000000000005, 1.86, 2.055, 1.675, 1.645, 1.7, 2.825, 2.685, 2.985, 3.775, 0.29, 2.57, 0.41500000000000004, 4.505, 3.9650000000000003, 3.595, 0.155, 2.215, 1.1300000000000001, 3.085, 5.0, 1.48, 0.495, 2.2800000000000002, 2.9, 4.7, 3.87, 1.955, 1.205, 2.5, 4.07, 3.68, 0], "R": [1, 1, 1, 1, 1, 1, 1, 1, 1, 1, 1, 1, 1, 1, 1, 1, 1, 1, 1, 1, 1, 1, 1, 1, 0, 0, 0, 0, 0, 0, 0, 0, 0, 0, 0, 0, 0, 0, 0, 0, 0, 0, 0, 0, 0, 0, 0, 0, 0, 0, 0, 0]}