{"RTG": [15, 14, 13, 12, 11, 10, 9, 8, 7, 6, 5, 4, 3, 2, 1, 0, 0, 0, 0, 0, 0, 0, 0, 0, 0, 0, 0, 0, 0, 0, 0, 0, 0, 0, 0, 0, 0, 0, 0, 0, 0, 0, 0, 0, 0, 0, 0, 0, 0, 0, 0, 0], "S": [0, 0.2454218611888777, -0.23905034826659827, 0.5747902204568268, 0.6838990714313047, 0.7216939239772742, 0.8478622810701648, 0.6977617291854273, -0.5681424030680832, 0.2404961358400748, -0.2543664896025655, 0.9625550854276712, 1.1929647133334638, 1.1571444090289609, 0.2053593529541412, -0.6664423878806288, 2.6730387989219673, 2.539316846348272, 2.510577190859736, 0.37011310999987346, -0.1275144827788334, 1.1740795034056069, 0.8492731788192288, -0.9899543682703261, -0.6250762041214045, 0.5392684839855656, -0.5010243947417435, -2.2113535522026915, 1.10297997475711, -0.5689652042600516, 1.2287157098589727, -0.7834705376033333, 1.099627421136071, 0.7810947647226019, -1.2326682407776417, 1.1413307041700922, 1.2033515197286617, 2.186387029405289, 0.3146398464699526, 0.3476295436147299, 1.66510693211448, 0.14424649044003368, 0.5804748080628606, -0.1444384360798626, 0.5891517867554916, -0.526117465012331, -0.5550393478506724, -0.8928179219706346, -1.0269167683512421, 1.2126012150820673, -0.5281913749203656, 1.8063011458935552], "A": [4.45, 4.365, 4.5, 4.54, 4.73, 4.785, 4.855, 0.0, 0.85, 1.0150000000000001, 0.7000000000000001, 0.655, 0.61, 1.865, 2.055, 1.695, 1.67, 1.73, 2.9, 3.1, 2.7, 2.565, 2.375, 3.735, 3.395, 4.065, 1.33, 0.325, 0.20500000000000002, 0.43, 3.54, 3.265, 5.0, 3.9, 2.21, 2.795, 4.2, 1.1500000000000001, 1.5150000000000001, 4.16, 3.19, 2.275, 0.095, 2.995, 3.64, 2.49, 1.225, 1.96, 0.505, 0.93, 4.25, 0], "R": [1, 1, 1, 1, 1, 1, 1, 1, 1, 1, 1, 1, 1, 1, 1, 0, 0, 0, 0, 0, 0, 0, 0, 0, 0, 0, 0, 0, 0, 0, 0, 0, 0, 0, 0, 0, 0, 0, 0, 0, 0, 0, 0, 0, 0, 0, 0, 0, 0, 0, 0, 0]}