{"RTG": [9, 8, 7, 6, 5, 4, 3, 2, 1, 0, 0, 0, 0, 0, 0, 0, 0, 0, 0, 0, 0, 0, 0, 0, 0, 0, 0, 0, 0, 0, 0, 0, 0, 0, 0, 0, 0, 0, 0, 0, 0, 0, 0, 0, 0, 0, 0, 0, 0, 0, 0, 0], "S": [0, 0.9147600389067359, 0.1308494504699903, 1.1037847808441072, 1.187614098414235, 0.9496061264010378, 0.3496659885000683, 2.198622511720558, 1.6217806950522773, 2.486335711065681, 2.6462676611234475, -2.1696699967840307, -0.5681424030680832, -0.8348946779313645, 0.8235016011496119, 0.8085877969105064, 0.10058988888118321, 0.421746209599056, 1.2005613140987013, 1.2072785431808835, 1.2790399283068352, -0.3169393062321038, 0.4155245705262251, 1.2256976844807996, 0.3573440360234566, -0.3764877984809053, 1.0554799424175512, -0.7078722906587652, 1.8063011458935552, 0.0074048302044516555, -0.43538446450642626, -0.6609873489373203, 0.8934834654088644, 0.23093654685116718, 0.3165938873653324, -0.6211852992102556, 0.42103107830772674, 1.2287157098589727, 0.7220419228172474, -0.3552532035130716, -1.4061401913825524, 0.6612033019948327, -0.28307668106601713, -0.03201196311671608, -0.1908265540465092, 1.4579884778504881, 0.7810947647226019, 1.0814212867534516, 2.186387029405289, 1.3227683909951515, 1.1718425673152988, 0.920655627807069], "A": [2.57, 2.525, 2.59, 2.62, 2.825, 2.915, 1.645, 1.615, 1.665, 1.685, 1.3, 0.0, 3.7600000000000002, 4.61, 4.765, 4.4350000000000005, 4.94, 0.64, 0.51, 0.355, 0.23, 0.785, 3.33, 3.205, 3.46, 4.135, 4.005, 4.25, 2.095, 0.995, 1.92, 2.25, 3.065, 4.32, 3.615, 1.1300000000000001, 0.43, 4.8500000000000005, 2.33, 3.88, 4.53, 1.44, 0.88, 0.105, 1.8, 5.0, 2.1750000000000003, 4.2, 2.75, 3.275, 0.705, 0], "R": [1, 1, 1, 1, 1, 1, 1, 1, 1, 0, 0, 0, 0, 0, 0, 0, 0, 0, 0, 0, 0, 0, 0, 0, 0, 0, 0, 0, 0, 0, 0, 0, 0, 0, 0, 0, 0, 0, 0, 0, 0, 0, 0, 0, 0, 0, 0, 0, 0, 0, 0, 0]}