{"RTG": [24, 23, 22, 21, 20, 19, 18, 17, 16, 15, 14, 13, 12, 11, 10, 9, 8, 7, 6, 5, 4, 3, 2, 1, 0, 0, 0, 0, 0, 0, 0, 0, 0, 0, 0, 0, 0, 0, 0, 0, 0, 0, 0, 0, 0, 0, 0, 0, 0, 0, 0, 0], "S": [0, -1.320838392830492, -0.5681424030680832, 0.3643491653233505, 1.1260754615276558, 1.1283506934188439, -0.034142590711439366, -1.1310010417772167, 0.8205579041063652, 0.672534868209102, 0.791505350158265, 0.6494093557430308, -0.2695911284410121, 0.7810947647226019, 1.1664614388095813, 1.1929647133334638, 0.5840020559624679, 1.2218576619033426, 1.2805352156985943, 1.0000009442743154, 1.189694727779941, 1.3265893946558156, 0.9978997859167429, -0.3210934574237214, 2.539316846348272, 2.6732740673741575, 2.3438345106132012, -0.6399272688825074, -0.5088549283725726, 1.555179369689812, -0.4570567081919362, -0.3605851279422107, 2.084491255479688, 1.099627421136071, 0.1321564168933086, -0.5807826452226514, -0.5980416703876035, 0.49351587614176184, 1.1347072427156868, 0.42661607931867784, -1.0364517181494661, -0.8169671187903633, -1.621789297070172, 0.12001744277458769, 1.132872154906867, 0.8854292108061834, -0.7695552481135107, 0.015058671514919365, 0.9620205374516724, 0.421746209599056, -0.11355670144341846, -1.1026558432093951], "A": [1.245, 0.0, 2.115, 2.185, 2.215, 3.09, 3.91, 4.7700000000000005, 4.86, 4.65, 4.525, 4.38, 5.0, 0.615, 0.655, 0.745, 0.44, 0.395, 0.315, 2.705, 2.7600000000000002, 2.82, 3.455, 1.67, 1.7, 1.745, 2.485, 0.985, 4.155, 3.665, 4.075, 4.23, 3.265, 1.475, 0.16, 1.915, 2.965, 3.345, 1.105, 3.7800000000000002, 2.36, 1.375, 0.865, 2.595, 1.575, 3.565, 3.18, 4.29, 4.94, 0.075, 2.005, 0], "R": [1, 1, 1, 1, 1, 1, 1, 1, 1, 1, 1, 1, 1, 1, 1, 1, 1, 1, 1, 1, 1, 1, 1, 1, 0, 0, 0, 0, 0, 0, 0, 0, 0, 0, 0, 0, 0, 0, 0, 0, 0, 0, 0, 0, 0, 0, 0, 0, 0, 0, 0, 0]}