{"RTG": [26, 25, 24, 23, 22, 21, 20, 19, 18, 17, 16, 15, 14, 13, 12, 11, 10, 9, 8, 7, 6, 5, 4, 3, 2, 1, 0, 0, 0, 0, 0, 0, 0, 0, 0, 0, 0, 0, 0, 0, 0, 0, 0, 0, 0, 0, 0, 0, 0, 0, 0, 0], "S": [0, -2.2113535522026915, -0.5681424030680832, 1.1490434588248564, 0.9421555065576516, 0.9720001096732416, -0.1275144827788334, -1.0793329670954217, 0.7824357235715943, 0.7220419228172474, 0.826452834105411, 0.6090386641418352, 0.7333607073347894, -0.011464620116161107, 1.1929647133334638, 1.1664614388095813, 0.5840020559624679, 1.2218576619033426, 1.2805352156985943, 1.0000009442743154, 1.2066195172364638, 1.3265893946558156, 0.9496061264010378, -0.5597792807169675, 2.3438345106132012, 1.899839506890742, 2.5551020877188306, 2.6732740673741575, -0.2543664896025655, -0.2751600190638433, 1.4381036978079742, -0.44151905624948234, 1.2009822841548368, -0.4354061667458947, 2.1300292046727938, -0.5807826452226514, 0.4573498151461132, -1.0957773882808306, 0.3146398464699526, 0.9985969048852414, 0.5143621100491487, -0.08708410671312418, -1.1442504439522712, -1.1897812690263538, 1.1551915578798113, -0.7104987145618867, 0.2847659930484283, 0.41543750807331425, -0.28307668106601713, 0.10058988888118321, -0.11355670144341846, -0.785730101527414], "A": [1.33, 0.0, 2.205, 2.245, 2.16, 3.1, 3.915, 4.755, 4.8500000000000005, 4.62, 4.51, 4.995, 4.34, 0.655, 0.615, 0.745, 0.44, 0.395, 0.315, 2.71, 2.7600000000000002, 2.825, 3.48, 1.745, 1.7750000000000001, 1.725, 1.7, 1.0150000000000001, 2.505, 4.15, 3.685, 3.2800000000000002, 4.07, 4.225, 0.16, 1.5350000000000001, 1.975, 1.1500000000000001, 3.36, 2.97, 0.885, 2.395, 3.795, 2.6, 3.59, 3.2, 4.93, 1.44, 4.4350000000000005, 0.075, 1.22, 0], "R": [1, 1, 1, 1, 1, 1, 1, 1, 1, 1, 1, 1, 1, 1, 1, 1, 1, 1, 1, 1, 1, 1, 1, 1, 1, 1, 0, 0, 0, 0, 0, 0, 0, 0, 0, 0, 0, 0, 0, 0, 0, 0, 0, 0, 0, 0, 0, 0, 0, 0, 0, 0]}