{"RTG": [28, 27, 26, 25, 24, 23, 22, 21, 20, 19, 18, 17, 16, 15, 14, 13, 12, 11, 10, 9, 8, 7, 6, 5, 4, 3, 2, 1, 0, 0, 0, 0, 0, 0, 0, 0, 0, 0, 0, 0, 0, 0, 0, 0, 0, 0, 0, 0, 0, 0, 0, 0], "S": [0, -1.0846614795250824, -0.5681424030680832, 0.6517420719044649, -0.26836271666857353, 0.9421555065576516, 1.1101488684181469, -0.08361090576424757, 0.5033711967483209, 1.1347072427156868, 0.6136213460770834, 1.2704887200104722, 1.8888071569415663, 1.3027192822091056, 2.1300292046727938, 2.186387029405289, 0.8164466281105316, 0.8405098459569589, 0.4307974516011793, 1.0022667714886981, 1.124212497936378, 1.240122479297734, 0.7332462169914621, 0.2404961358400748, 1.1302751163004074, 0.35130374988897833, 1.1392762323358923, -0.984767779832423, 2.4602044790854074, 2.665056914615652, 2.539316846348272, 0.348248328649486, 0.6090386641418352, -0.785730101527414, 0.9147600389067359, -0.5807826452226514, -0.7486598192425545, -0.6592004082044743, -0.5651519821379951, -0.3116150948341032, 0.3321029361393006, 0.493019990916102, 0.7810947647226019, 1.221849818761846, 0.6989865678173576, 0.4534819021847498, -0.5550393478506724, -0.6434383622202263, -0.7548756490013011, 0.05135519972342358, -1.503718626120767, -0.11355670144341846], "A": [1.4000000000000001, 0.0, 2.27, 2.325, 2.245, 2.22, 2.09, 3.215, 3.345, 3.39, 3.315, 4.245, 4.275, 4.225, 4.2, 4.635, 4.78, 4.945, 0.6950000000000001, 0.5650000000000001, 0.42, 0.295, 0.85, 2.805, 2.92, 2.685, 3.775, 1.735, 1.705, 1.67, 1.085, 4.51, 1.22, 2.57, 0.16, 3.955, 3.605, 0.975, 1.895, 3.055, 1.54, 5.0, 0.49, 4.71, 0.77, 2.49, 4.05, 3.52, 4.43, 3.86, 0.075, 0], "R": [1, 1, 1, 1, 1, 1, 1, 1, 1, 1, 1, 1, 1, 1, 1, 1, 1, 1, 1, 1, 1, 1, 1, 1, 1, 1, 1, 1, 0, 0, 0, 0, 0, 0, 0, 0, 0, 0, 0, 0, 0, 0, 0, 0, 0, 0, 0, 0, 0, 0, 0, 0]}