{"RTG": [24, 23, 22, 21, 20, 19, 18, 17, 16, 15, 14, 13, 12, 11, 10, 9, 8, 7, 6, 5, 4, 3, 2, 1, 0, 0, 0, 0, 0, 0, 0, 0, 0, 0, 0, 0, 0, 0, 0, 0, 0, 0, 0, 0, 0, 0, 0, 0, 0, 0, 0, 0], "S": [0, -2.18235760737755, -0.5681424030680832, 1.1413307041700922, 0.8934834654088644, 1.050618440940789, -0.20383592218805494, -0.8455440470023323, 0.8478622810701648, 0.6206059075296275, 0.7360187314858049, 0.6494093557430308, -0.22824474011416213, 1.1929647133334638, 1.0022667714886981, 1.14814577970639, 1.2636906207954577, 1.2978622792095647, 0.49295855336629363, 1.2066195172364638, 1.3223751932371433, 0.9001162474095208, -0.7057535105063594, 2.2096243099566566, 2.5551020877188306, 2.6732740673741575, 1.2265483993932222, -0.4740018065749868, -0.17560713225483768, 1.8594942356609157, 1.9631888737933478, -0.5344493610789871, 1.2599255689740672, -0.9952350182638754, 0.7810947647226019, 0.38008632231324074, 0.8219396147231978, 0.5519536381881391, 0.2404961358400748, -0.3605851279422107, -0.36679091592001095, -1.168351323450353, -1.4376841077764138, -0.6016781995881259, 0.09060725392395028, 0.5033711967483209, 1.1712103381729184, -0.6800648534759454, 0.8058072136235602, -0.6664423878806288, 1.2167981233580216, 0.624834862100612], "A": [1.335, 0.0, 2.21, 2.25, 2.17, 3.11, 3.94, 4.785, 4.87, 4.675, 4.525, 4.3950000000000005, 0.655, 0.6950000000000001, 0.605, 0.405, 0.365, 0.28, 2.71, 2.765, 2.83, 3.505, 1.7550000000000001, 1.725, 1.7, 1.595, 0.99, 2.5100000000000002, 4.17, 4.24, 3.72, 3.295, 1.955, 5.0, 1.1400000000000001, 3.375, 2.98, 0.85, 4.075, 0.13, 2.4, 3.825, 3.62, 1.47, 3.215, 2.605, 1.215, 4.595, 2.055, 0.5, 4.305, 0], "R": [1, 1, 1, 1, 1, 1, 1, 1, 1, 1, 1, 1, 1, 1, 1, 1, 1, 1, 1, 1, 1, 1, 1, 1, 0, 0, 0, 0, 0, 0, 0, 0, 0, 0, 0, 0, 0, 0, 0, 0, 0, 0, 0, 0, 0, 0, 0, 0, 0, 0, 0, 0]}