{"RTG": [6, 5, 4, 3, 2, 1, 0, 0, 0, 0, 0, 0, 0, 0, 0, 0, 0, 0, 0, 0, 0, 0, 0, 0, 0, 0, 0, 0, 0, 0, 0, 0, 0, 0, 0, 0, 0, 0, 0, 0, 0, 0, 0, 0, 0, 0, 0, 0, 0, 0, 0, 0], "S": [0, 0.3643491653233505, -0.7985100098253909, 0.7486707964918938, 0.9720001096732416, 1.1260754615276558, -1.168351323450353, 2.665056914615652, 2.6194882783227276, 2.060748031034219, 0.16883208745421255, -0.5681424030680832, 1.0567075262404362, 0.4633443805678566, -0.20383592218805494, -0.7880611165295308, 0.8192364636416227, 0.7957554899833702, 0.05135519972342358, 0.421746209599056, 0.47240745786319704, -0.611716481250362, 1.1228239058413378, 1.2200896781036197, 0.8066810032092551, 0.7866678583339837, -0.68423059871148, 1.8063011458935552, 1.313771510494162, 0.4301388341903039, 1.1464646165049321, -1.320838392830492, -0.7695552481135107, -0.6238152741688394, 0.3165938873653324, 0.3954010906932002, 1.1514880559381484, 0.6137687486908822, 0.7220419228172474, 1.1345633600572884, 0.5891517867554916, -1.4664759182334537, 0.6494093557430308, -1.7182524106449804, 1.3016856375865116, 0.02348309645291035, 1.2457424006890583, 2.1614265129414165, 0.7810947647226019, -0.4672195710409025, 0.1642534074841468, -0.11355670144341846], "A": [2.115, 2.045, 2.14, 2.16, 2.185, 2.4, 1.705, 1.68, 1.7650000000000001, 1.48, 0.0, 3.2600000000000002, 3.4, 3.11, 3.755, 4.605, 4.76, 4.43, 4.94, 0.765, 0.9550000000000001, 0.585, 0.445, 0.3, 4.125, 3.985, 4.25, 2.77, 2.8850000000000002, 2.65, 1.245, 3.565, 0.17, 4.32, 1.095, 0.67, 2.5500000000000003, 4.8500000000000005, 1.59, 2.995, 3.87, 4.525, 1.37, 0.375, 1.875, 3.325, 4.195, 5.0, 3.66, 0.86, 0.075, 0], "R": [1, 1, 1, 1, 1, 1, 0, 0, 0, 0, 0, 0, 0, 0, 0, 0, 0, 0, 0, 0, 0, 0, 0, 0, 0, 0, 0, 0, 0, 0, 0, 0, 0, 0, 0, 0, 0, 0, 0, 0, 0, 0, 0, 0, 0, 0, 0, 0, 0, 0, 0, 0]}