{"RTG": [24, 23, 22, 21, 20, 19, 18, 17, 16, 15, 14, 13, 12, 11, 10, 9, 8, 7, 6, 5, 4, 3, 2, 1, 0, 0, 0, 0, 0, 0, 0, 0, 0, 0, 0, 0, 0, 0, 0, 0, 0, 0, 0, 0, 0, 0, 0, 0, 0, 0, 0, 0], "S": [0, -1.1212430247209308, -0.5681424030680832, 0.1642534074841468, -0.6092041357060602, 0.3680109104289028, 0.4949049722078865, 1.1832205329391008, 1.1914882796809394, -2.2383187886964397, 0.7500898340417048, 0.4302381124583138, 1.2599296432649467, 1.1326765301622912, -0.28687307137208434, -0.7197448335686071, -0.68423059871148, 0.7665022349198103, 0.4307974516011793, 0.7063621804743907, 0.7535780975912624, 0.2454218611888777, -0.7840024552976274, 2.539316846348272, 2.198622511720558, 2.6640935024130794, 0.6560959005237793, 2.0286591678260097, 1.8594942356609157, 0.9421555065576516, 1.2005038616307513, -0.8835498934886132, 1.2473233634412009, 1.4579884778504881, -0.5519999276125631, 0.8710105674086935, 0.42103107830772674, 0.3165938873653324, 0.2318331862051065, 0.9578542139492628, -0.6776977831069698, 0.09060725392395028, -1.4389975327009001, 1.2198638448838093, -0.4672195710409025, 0.7810947647226019, 1.024040463667378, 0.49481502529770993, -0.4757085314032074, -0.08326043425258514, -0.3116150948341032, 0.8011459087892528], "A": [1.995, 0.0, 0.86, 0.96, 0.8200000000000001, 0.76, 0.66, 0.63, 1.32, 2.845, 2.95, 2.725, 2.68, 3.1350000000000002, 2.48, 3.985, 4.84, 4.945, 4.72, 4.57, 4.45, 3.5500000000000003, 1.67, 1.645, 1.69, 0.29, 4.235, 4.17, 2.245, 3.335, 3.765, 0.41500000000000004, 1.8, 0.155, 2.15, 1.1300000000000001, 4.32, 3.415, 3.25, 2.35, 1.47, 3.875, 0.495, 3.66, 5.0, 2.58, 3.035, 1.205, 4.09, 1.895, 4.6450000000000005, 0], "R": [1, 1, 1, 1, 1, 1, 1, 1, 1, 1, 1, 1, 1, 1, 1, 1, 1, 1, 1, 1, 1, 1, 1, 1, 0, 0, 0, 0, 0, 0, 0, 0, 0, 0, 0, 0, 0, 0, 0, 0, 0, 0, 0, 0, 0, 0, 0, 0, 0, 0, 0, 0]}