{"RTG": [23, 22, 21, 20, 19, 18, 17, 16, 15, 14, 13, 12, 11, 10, 9, 8, 7, 6, 5, 4, 3, 2, 1, 0, 0, 0, 0, 0, 0, 0, 0, 0, 0, 0, 0, 0, 0, 0, 0, 0, 0, 0, 0, 0, 0, 0, 0, 0, 0, 0, 0, 0], "S": [0, 0.0596368921205919, 2.1614265129414165, 1.8594942356609157, 2.1646963807230764, -0.5681424030680832, 0.27208023610146237, 0.0866432673157289, 1.1971315791461121, 1.1935643644957392, 1.3014072903111207, 0.06518168505993671, -2.2362571854591744, 1.0814212867534516, 0.26116185121244917, -0.7349959441494497, -0.26899053000129997, 0.7810947647226019, 0.6977617291854273, 0.7259718516629005, -0.6016781995881259, 1.2766244561205646, 0.849990625769365, 1.1712103381729184, 2.6462676611234475, 2.648718288939445, 1.4202812468229182, 0.8848719625808373, 0.6951830673805045, -1.5157966450157259, -0.7197448335686071, 0.5340475232331015, 0.783357385465521, -0.5197320190323577, 1.1718425673152988, 0.7008456084275234, -0.32750870905583246, 0.22387517807153576, 0.8205579041063652, -0.68423059871148, 0.09060725392395028, 1.2218576619033426, 0.33376010508273046, -0.5613504714487526, -0.5973820916024358, -0.8275862870460531, 1.129227959703775, 0.37860667503134976, 0.421746209599056, 1.05823352995558, -1.0846614795250824, 2.2096243099566566], "A": [4.335, 4.195, 4.17, 4.22, 0.0, 0.845, 1.05, 0.635, 0.52, 0.37, 0.255, 1.315, 2.1750000000000003, 2.295, 2.05, 3.145, 5.0, 4.855, 4.68, 3.62, 2.73, 2.835, 2.605, 1.685, 1.71, 1.605, 3.37, 4.545, 3.85, 2.48, 2.975, 1.835, 3.475, 3.275, 0.73, 0.125, 1.16, 4.7700000000000005, 3.985, 1.47, 0.44, 4.46, 3.725, 0.9450000000000001, 1.935, 2.665, 3.0500000000000003, 4.94, 2.23, 1.4000000000000001, 1.7550000000000001, 0], "R": [1, 1, 1, 1, 1, 1, 1, 1, 1, 1, 1, 1, 1, 1, 1, 1, 1, 1, 1, 1, 1, 1, 1, 0, 0, 0, 0, 0, 0, 0, 0, 0, 0, 0, 0, 0, 0, 0, 0, 0, 0, 0, 0, 0, 0, 0, 0, 0, 0, 0, 0, 0]}