{"RTG": [25, 24, 23, 22, 21, 20, 19, 18, 17, 16, 15, 14, 13, 12, 11, 10, 9, 8, 7, 6, 5, 4, 3, 2, 1, 0, 0, 0, 0, 0, 0, 0, 0, 0, 0, 0, 0, 0, 0, 0, 0, 0, 0, 0, 0, 0, 0, 0, 0, 0, 0, 0], "S": [0, -0.5960565376578272, -0.5681424030680832, 0.1642534074841468, -0.6092041357060602, 0.3680109104289028, 0.4949049722078865, 1.1832205329391008, 1.1914882796809394, -2.2383187886964397, 1.0814212867534516, 1.0245921516336474, -0.4345148689017537, 0.22426911458075124, 0.6090386641418352, 0.8164466281105316, 0.7690116833676693, 0.5444024669777516, 0.6520050202483836, -0.7001124557070517, 2.186387029405289, 2.1646963807230764, 0.5668338030505861, 1.1740795034056069, 1.024040463667378, 0.28265279438418606, 2.6730387989219673, 2.593288167724146, 2.1109965038009197, -0.9336474874188099, 0.6560959005237793, 0.9022883692297691, -1.1684325326578182, 1.2473233634412009, 0.7810947647226019, 0.02348309645291035, -0.5519999276125631, 1.1347072427156868, 0.42103107830772674, -0.5628831503192052, 0.23008588075507877, 0.4721344441138844, -1.3684260504266743, 1.2198638448838093, -0.1861306929802691, 1.3006506431464921, -0.4757085314032074, -0.3552532035130716, 0.10058988888118321, -1.054315683292044, -0.11355670144341846, 0.8418830957241761], "A": [3.485, 0.0, 0.86, 0.96, 0.8200000000000001, 0.76, 0.66, 0.63, 1.32, 2.1750000000000003, 2.235, 2.07, 4.325, 4.51, 4.635, 4.75, 4.885, 4.12, 4.0, 4.2, 4.22, 2.865, 2.7, 2.58, 3.06, 1.695, 1.72, 1.6400000000000001, 3.77, 0.29, 3.245, 2.435, 0.41500000000000004, 5.0, 1.875, 0.155, 3.345, 1.1300000000000001, 3.63, 1.49, 2.96, 3.8850000000000002, 0.495, 3.16, 2.775, 1.205, 2.33, 4.4350000000000005, 1.965, 0.075, 4.815, 0], "R": [1, 1, 1, 1, 1, 1, 1, 1, 1, 1, 1, 1, 1, 1, 1, 1, 1, 1, 1, 1, 1, 1, 1, 1, 1, 0, 0, 0, 0, 0, 0, 0, 0, 0, 0, 0, 0, 0, 0, 0, 0, 0, 0, 0, 0, 0, 0, 0, 0, 0, 0, 0]}