{"RTG": [24, 23, 22, 21, 20, 19, 18, 17, 16, 15, 14, 13, 12, 11, 10, 9, 8, 7, 6, 5, 4, 3, 2, 1, 0, 0, 0, 0, 0, 0, 0, 0, 0, 0, 0, 0, 0, 0, 0, 0, 0, 0, 0, 0, 0, 0, 0, 0, 0, 0, 0, 0], "S": [0, -0.5915936314210155, -0.5681424030680832, 0.1642534074841468, -0.6092041357060602, 0.3680109104289028, 0.4949049722078865, 1.1832205329391008, 1.1914882796809394, -2.2383187886964397, 1.0814212867534516, 1.0245921516336474, -0.4345148689017537, 0.7535780975912624, 0.7360187314858049, 0.05135519972342358, 0.8036415820234936, 0.421746209599056, 0.5674801530142803, -0.2338234595287891, 0.5273213368525247, 1.1288287176578806, 1.187614098414235, 0.43020799552765826, 0.025247930055477295, 2.6732740673741575, 2.583789023717434, 2.2787485889783183, 0.15531055956049092, 0.6560959005237793, -0.9785792591984844, 1.8063011458935552, 1.2473233634412009, -0.7695552481135107, 1.2254038456039946, 0.3971961720618536, -0.5519999276125631, 0.42103107830772674, 0.5176853876426791, 2.124266822246258, -1.0370239909719803, -0.3881858065598431, 1.2198638448838093, 0.7810947647226019, 0.5033711967483209, 1.2829686885252671, -1.4376841077764138, -0.5765074546122056, 0.7824357235715943, -0.28307668106601713, -0.5091648528801574, -0.11355670144341846], "A": [3.73, 0.0, 0.86, 0.96, 0.8200000000000001, 0.76, 0.66, 0.63, 1.32, 2.1750000000000003, 2.235, 2.07, 4.57, 4.675, 4.43, 4.83, 4.94, 2.985, 3.115, 2.87, 2.6750000000000003, 2.62, 2.54, 4.095, 1.7, 1.675, 1.75, 3.42, 0.29, 3.9250000000000003, 4.25, 0.41500000000000004, 3.565, 3.285, 1.5250000000000001, 0.155, 1.1300000000000001, 4.3100000000000005, 4.19, 2.38, 1.9000000000000001, 0.495, 5.0, 3.215, 2.7800000000000002, 3.825, 1.21, 4.755, 1.44, 3.645, 0.075, 0], "R": [1, 1, 1, 1, 1, 1, 1, 1, 1, 1, 1, 1, 1, 1, 1, 1, 1, 1, 1, 1, 1, 1, 1, 1, 0, 0, 0, 0, 0, 0, 0, 0, 0, 0, 0, 0, 0, 0, 0, 0, 0, 0, 0, 0, 0, 0, 0, 0, 0, 0, 0, 0]}