{"RTG": [4, 3, 2, 1, 0, 0, 0, 0, 0, 0, 0, 0, 0, 0, 0, 0, 0, 0, 0, 0, 0, 0, 0, 0, 0, 0, 0, 0, 0, 0, 0, 0, 0, 0, 0, 0, 0, 0, 0, 0, 0, 0, 0, 0, 0, 0, 0, 0, 0, 0, 0, 0], "S": [0, 0.783357385465521, 1.7290264375923594, 2.060748031034219, 2.2787485889783183, 2.648718288939445, -0.5681424030680832, 1.2423047404347072, 0.7500898340417048, 1.024040463667378, -1.1987220633160474, 0.4215588852672501, 0.9022883692297691, 0.4633443805678566, -0.5821590646936314, 0.41171617023787066, 0.7582537177375791, 0.8036415820234936, 0.7810947647226019, 1.5186593645993924, 1.555179369689812, -0.7213851175583837, 0.3409349855768263, -0.05613805381416219, 1.184145623379665, 1.2198638448838093, 1.2154017406227207, -0.48797384671598903, -2.2383187886964397, 0.9242571415201947, -1.2849974428615545, 0.4256092218561636, 0.7881508443671758, 0.8934834654088644, -0.24866560631437654, -0.21130216392220635, 0.7535780975912624, 0.4109152650008146, 0.27244383499665203, 1.2473233634412009, 0.42396904460622875, -0.7349959441494497, -0.7250333914407979, 1.154923932830813, 1.260659837942881, -0.5281913749203656, 2.199560797986056, -0.1444384360798626, -1.1310010417772167, 0.7690116833676693, -0.3672731553529204, -0.4909143663015248], "A": [1.835, 1.7850000000000001, 1.7650000000000001, 1.75, 1.71, 0.0, 2.72, 2.845, 2.58, 2.41, 3.045, 3.245, 3.4, 3.625, 4.47, 4.665, 4.83, 5.0, 4.265, 4.155, 4.015, 0.8300000000000001, 1.035, 0.625, 0.495, 0.34, 0.215, 1.32, 2.1550000000000002, 3.805, 1.53, 0.72, 2.25, 3.15, 4.36, 4.57, 2.945, 1.155, 0.41500000000000004, 4.92, 2.05, 3.5100000000000002, 2.645, 3.3200000000000003, 0.93, 4.21, 0.095, 3.91, 4.75, 1.435, 3.71, 0], "R": [1, 1, 1, 1, 0, 0, 0, 0, 0, 0, 0, 0, 0, 0, 0, 0, 0, 0, 0, 0, 0, 0, 0, 0, 0, 0, 0, 0, 0, 0, 0, 0, 0, 0, 0, 0, 0, 0, 0, 0, 0, 0, 0, 0, 0, 0, 0, 0, 0, 0, 0, 0]}