{"RTG": [8, 7, 6, 5, 4, 3, 2, 1, 0, 0, 0, 0, 0, 0, 0, 0, 0, 0, 0, 0, 0, 0, 0, 0, 0, 0, 0, 0, 0, 0, 0, 0, 0, 0, 0, 0, 0, 0, 0, 0, 0, 0, 0, 0, 0, 0, 0, 0, 0, 0, 0, 0], "S": [0, -0.5193532046837243, -0.43538446450642626, 0.783357385465521, -0.14944533764382856, 1.1737062158429918, 1.550053509588688, 2.3438345106132012, 2.5551020877188306, 2.6732740673741575, 1.3006506431464921, 0.37011310999987346, 1.154923932830813, -0.7940973879101138, -0.5613504714487526, 0.7535780975912624, 0.7216939239772742, -0.22824474011416213, 0.43333794832263955, 1.2450646428424186, -0.1445968462172942, 0.30905408296601417, 1.1199013749972255, 0.8771817164369324, 1.233874684983979, -0.5010243947417435, -2.019375394177136, 1.1101488684181469, 1.0000009442743154, 0.32211413453554105, -0.09101694669670529, -0.5681424030680832, -1.2809619500582092, 2.084491255479688, 2.014262628658444, 0.529575855818755, -0.7609918060846543, 0.7810947647226019, -0.06805584798382577, 0.5488342955281749, 0.4327458304589763, 0.791505350158265, 1.2066195172364638, 1.2167981233580216, 0.8188852879171115, 0.7352255488802192, -0.24856155848617614, 0.8492731788192288, 1.1347072427156868, -1.2849974428615545, 0.493019990916102, -0.36042160659606265], "A": [0.15, 0.995, 1.835, 1.885, 1.815, 1.795, 1.745, 1.725, 1.7, 2.775, 2.9, 2.645, 2.475, 3.725, 4.57, 4.73, 4.3950000000000005, 4.915, 3.29, 3.165, 3.41, 0.5750000000000001, 0.71, 0.425, 4.065, 1.285, 2.22, 0.315, 0.835, 2.315, 0.0, 3.895, 4.23, 4.18, 2.125, 3.5700000000000003, 5.0, 1.455, 3.025, 1.125, 4.65, 2.71, 0.5, 4.825, 4.3, 0.23500000000000001, 2.565, 3.345, 3.805, 1.54, 0.91, 0], "R": [1, 1, 1, 1, 1, 1, 1, 1, 0, 0, 0, 0, 0, 0, 0, 0, 0, 0, 0, 0, 0, 0, 0, 0, 0, 0, 0, 0, 0, 0, 0, 0, 0, 0, 0, 0, 0, 0, 0, 0, 0, 0, 0, 0, 0, 0, 0, 0, 0, 0, 0, 0]}