{"RTG": [23, 22, 21, 20, 19, 18, 17, 16, 15, 14, 13, 12, 11, 10, 9, 8, 7, 6, 5, 4, 3, 2, 1, 0, 0, 0, 0, 0, 0, 0, 0, 0, 0, 0, 0, 0, 0, 0, 0, 0, 0, 0, 0, 0, 0, 0, 0, 0, 0, 0, 0, 0], "S": [0, 2.084491255479688, 2.186387029405289, 1.314995406442874, -0.5681424030680832, 0.27208023610146237, 0.0866432673157289, 1.1971315791461121, 1.1935643644957392, 1.3014072903111207, 0.06518168505993671, -2.2362571854591744, 1.0814212867534516, 0.26116185121244917, -0.7349959441494497, -0.26899053000129997, 0.7810947647226019, 0.6977617291854273, 0.7360187314858049, 0.6612033019948327, -0.6404363206845495, 1.2766244561205646, 0.849990625769365, 1.1712103381729184, 2.6462676611234475, 2.648718288939445, 1.4202812468229182, 0.9438680768787604, -1.5023795661589565, -0.7197448335686071, 0.5340475232331015, 0.783357385465521, -0.428093934136053, 1.1380356008066348, 0.7008456084275234, -0.130551393865645, -0.32750870905583246, 0.22387517807153576, 0.8085877969105064, -0.6878780468282619, 0.09060725392395028, 1.2218576619033426, -0.5109588790481822, -0.5973820916024358, -0.8275862870460531, 1.129227959703775, 0.37860667503134976, 0.421746209599056, 1.05823352995558, 0.8058072136235602, -1.0846614795250824, 0.3165938873653324], "A": [4.23, 4.2, 4.1450000000000005, 0.0, 0.845, 1.05, 0.635, 0.52, 0.37, 0.255, 1.315, 2.1750000000000003, 2.295, 2.05, 3.145, 5.0, 4.855, 4.675, 4.53, 3.61, 2.73, 2.835, 2.605, 1.685, 1.71, 1.605, 3.365, 3.84, 2.48, 2.975, 1.835, 3.465, 3.27, 0.73, 4.41, 0.125, 1.16, 4.765, 3.975, 1.47, 0.44, 3.715, 0.9450000000000001, 1.935, 2.665, 3.0500000000000003, 4.94, 2.23, 4.595, 1.4000000000000001, 4.32, 0], "R": [1, 1, 1, 1, 1, 1, 1, 1, 1, 1, 1, 1, 1, 1, 1, 1, 1, 1, 1, 1, 1, 1, 1, 0, 0, 0, 0, 0, 0, 0, 0, 0, 0, 0, 0, 0, 0, 0, 0, 0, 0, 0, 0, 0, 0, 0, 0, 0, 0, 0, 0, 0]}