{"RTG": [10, 9, 8, 7, 6, 5, 4, 3, 2, 1, 0, 0, 0, 0, 0, 0, 0, 0, 0, 0, 0, 0, 0, 0, 0, 0, 0, 0, 0, 0, 0, 0, 0, 0, 0, 0, 0, 0, 0, 0, 0, 0, 0, 0, 0, 0, 0, 0, 0, 0, 0, 0], "S": [0, 1.1293561077306389, 0.8327877808682069, 1.2005613140987013, 1.2200896781036197, 1.2722439051238437, 1.0542425639738024, -0.6049491287165064, 1.1345633600572884, 2.2807160561275923, 2.539316846348272, 2.6640935024130794, -2.2239717903468845, 0.9147600389067359, 1.2423047404347072, 0.609313522152387, -1.1442504439522712, 0.12372982621026657, 1.2005038616307513, -0.428093934136053, 0.7143651627474831, 0.3165938873653324, 0.6612033019948327, 0.7002211277137405, 0.5690923241108877, 0.14065031128985822, -1.5129641137469552, -0.7349959441494497, -0.30250143554770165, 0.7810947647226019, -0.5681424030680832, -0.47945674206180294, -0.06421981724753852, 1.1283506934188439, 0.05135519972342358, 2.1990799042829505, 0.38008632231324074, 0.49351587614176184, 1.154923932830813, -0.03201196311671608, 0.8478622810701648, 0.8710105674086935, -0.2050297928400839, -0.6878780468282619, -0.7695552481135107, 1.9631888737933478, 0.8259366669938637, 1.8155548068888594, 0.26116185121244917, -0.7433870189333005, -0.11355670144341846, -0.4757085314032074], "A": [0.675, 0.715, 0.64, 0.445, 0.4, 0.32, 0.165, 1.59, 1.6500000000000001, 1.67, 1.69, 1.31, 2.57, 2.72, 2.86, 2.395, 3.075, 3.335, 3.465, 3.23, 4.32, 4.53, 4.7, 4.88, 4.1, 3.855, 2.05, 1.01, 5.0, 0.0, 3.6550000000000002, 1.8800000000000001, 2.215, 4.43, 4.205, 1.1400000000000001, 2.965, 2.645, 0.88, 4.785, 2.15, 1.445, 3.975, 3.565, 4.24, 4.615, 1.78, 2.295, 3.75, 0.075, 1.205, 0], "R": [1, 1, 1, 1, 1, 1, 1, 1, 1, 1, 0, 0, 0, 0, 0, 0, 0, 0, 0, 0, 0, 0, 0, 0, 0, 0, 0, 0, 0, 0, 0, 0, 0, 0, 0, 0, 0, 0, 0, 0, 0, 0, 0, 0, 0, 0, 0, 0, 0, 0, 0, 0]}