{"RTG": [25, 24, 23, 22, 21, 20, 19, 18, 17, 16, 15, 14, 13, 12, 11, 10, 9, 8, 7, 6, 5, 4, 3, 2, 1, 0, 0, 0, 0, 0, 0, 0, 0, 0, 0, 0, 0, 0, 0, 0, 0, 0, 0, 0, 0, 0, 0, 0, 0, 0, 0, 0], "S": [0, -1.5157966450157259, -0.5681424030680832, 0.1642534074841468, -0.6092041357060602, 0.3680109104289028, 0.4949049722078865, 1.1832205329391008, 1.1914882796809394, -2.2383187886964397, 1.0814212867534516, 1.0245921516336474, -0.4345148689017537, 0.7002211277137405, 0.8494306260888944, 0.41543750807331425, 0.6726275675323473, -0.130551393865645, 0.46043837533281906, 0.3857365692963434, 0.2847659930484283, 1.2243412031117622, 1.1288287176578806, 1.3223751932371433, 0.6137687486908822, -0.06490318263147667, 2.6730387989219673, 2.593288167724146, 2.1109965038009197, 0.6560959005237793, 1.4381036978079742, -0.6048098286998949, 2.0286591678260097, -0.6211852992102556, 1.2473233634412009, -1.1442504439522712, 0.02348309645291035, -0.5519999276125631, 0.42103107830772674, 1.2704887200104722, 0.23008588075507877, 0.7810947647226019, -0.5613504714487526, 0.7352255488802192, 1.2198638448838093, 0.8259366669938637, -0.4757085314032074, -0.2338234595287891, -1.054315683292044, -0.7657231146818407, -0.7762351625212653, -0.11355670144341846], "A": [3.85, 0.0, 0.86, 0.96, 0.8200000000000001, 0.76, 0.66, 0.63, 1.32, 2.1750000000000003, 2.235, 2.07, 4.7, 4.8100000000000005, 4.93, 4.535, 4.41, 3.04, 2.895, 3.2, 2.715, 2.6750000000000003, 2.765, 2.5500000000000003, 3.435, 1.695, 1.72, 1.6400000000000001, 0.29, 4.15, 4.055, 4.235, 3.615, 0.41500000000000004, 2.395, 1.875, 0.155, 1.1300000000000001, 3.315, 1.49, 5.0, 3.725, 4.3, 0.495, 4.615, 1.205, 3.115, 1.965, 3.525, 3.95, 0.075, 0], "R": [1, 1, 1, 1, 1, 1, 1, 1, 1, 1, 1, 1, 1, 1, 1, 1, 1, 1, 1, 1, 1, 1, 1, 1, 1, 0, 0, 0, 0, 0, 0, 0, 0, 0, 0, 0, 0, 0, 0, 0, 0, 0, 0, 0, 0, 0, 0, 0, 0, 0, 0, 0]}