{"RTG": [11, 10, 9, 8, 7, 6, 5, 4, 3, 2, 1, 0, 0, 0, 0, 0, 0, 0, 0, 0, 0, 0, 0, 0, 0, 0, 0, 0, 0, 0, 0, 0, 0, 0, 0, 0, 0, 0, 0, 0, 0, 0, 0, 0, 0, 0, 0, 0, 0, 0, 0, 0], "S": [0, 1.072987484673177, 1.201293032425701, 1.1228239058413378, 1.233874684983979, 1.2992127756900016, 0.8066810032092551, -0.45340702261723914, 1.9816540052700344, 1.4579884778504881, 2.2787485889783183, 2.510577190859736, 2.648718288939445, 1.1740795034056069, 0.9001162474095208, 0.6137687486908822, 0.5821843027492473, 0.2847659930484283, -0.5225634108889254, 0.00646266035523254, 2.1300292046727938, 0.8479373402835767, 1.66510693211448, 0.7810947647226019, 0.7665022349198103, 0.7582537177375791, -0.6250762041214045, -1.7120879587304418, -0.5681424030680832, 0.6068916248446233, 0.6726275675323473, -0.9311057892287455, -0.7506979107943184, -0.009124780770441163, 0.28719849522687874, -0.4836500766001137, 1.2704887200104722, -0.9092916740966068, 1.0867645302829678, 0.35682762061356665, 0.42396904460622875, 0.14978629205510915, 0.7690116833676693, -0.9252293777902464, 0.384592971877546, -0.6963956180988685, 0.6842214616603056, 1.1795391579642154, 0.27244383499665203, -0.16817882155834474, -1.4376841077764138, -1.7182524106449804], "A": [0.685, 0.645, 0.585, 0.425, 0.38, 0.3, 0.92, 1.77, 1.8, 1.75, 1.73, 1.71, 2.7, 2.83, 2.5500000000000003, 3.015, 3.2, 2.34, 3.43, 4.225, 4.295, 4.16, 5.0, 4.84, 4.665, 3.735, 1.2650000000000001, 0.0, 2.13, 4.535, 3.93, 3.575, 1.46, 1.075, 0.145, 3.315, 2.035, 2.225, 2.9250000000000003, 4.92, 4.44, 4.75, 2.465, 0.81, 4.04, 1.56, 2.63, 1.155, 3.105, 3.825, 1.37, 0], "R": [1, 1, 1, 1, 1, 1, 1, 1, 1, 1, 1, 0, 0, 0, 0, 0, 0, 0, 0, 0, 0, 0, 0, 0, 0, 0, 0, 0, 0, 0, 0, 0, 0, 0, 0, 0, 0, 0, 0, 0, 0, 0, 0, 0, 0, 0, 0, 0, 0, 0, 0, 0]}