{"RTG": [1, 0, 0, 0, 0, 0, 0, 0, 0, 0, 0, 0, 0, 0, 0, 0, 0, 0, 0, 0, 0, 0, 0, 0, 0, 0, 0, 0, 0, 0, 0, 0, 0, 0, 0, 0, 0, 0, 0, 0, 0, 0, 0, 0, 0, 0, 0, 0, 0, 0, 0, 0], "S": [0, 2.5551020877188306, 2.6730387989219673, 2.198622511720558, -0.5681424030680832, 1.1037847808441072, 1.2599296432649467, 0.49115730678697345, -1.1990031471571372, -0.1275144827788334, -0.9311057892287455, 0.8405098459569589, 0.4166613326088767, 0.8259366669938637, 0.19826562714405405, 0.384592971877546, -0.30250143554770165, 1.1664614388095813, 1.2230482233664581, 1.1460939208731853, -0.598610461628525, -0.6286623709632781, -0.5157422423457501, -2.201677621553729, 2.1300292046727938, 1.66510693211448, 0.624834862100612, -0.47432048764582246, 1.2254038456039946, -0.3116150948341032, 1.05823352995558, 0.920655627807069, 0.9438680768787604, 0.20124723393830407, 0.4035438731462402, 0.5519536381881391, 0.7810947647226019, 1.2722439051238437, 0.7002211277137405, 1.1390065784520442, -1.3691595699046264, 1.0141390956092324, -0.6737740081427814, -0.6592004082044743, 0.6612033019948327, -0.36042160659606265, 0.3573440360234566, -0.1285737335390223, -0.18008420118012206, -0.9737435211646027, 1.3644503580708482, 1.1686108490458247], "A": [1.725, 1.695, 1.645, 0.0, 2.59, 2.725, 2.875, 2.4250000000000003, 3.1, 3.93, 4.78, 4.9350000000000005, 4.615, 4.445, 0.81, 1.01, 0.615, 0.48, 0.33, 0.2, 3.49, 2.065, 1.305, 4.225, 4.16, 4.305, 3.705, 3.285, 1.895, 2.23, 0.705, 3.365, 1.485, 1.135, 2.98, 5.0, 0.4, 4.7, 2.6550000000000002, 3.815, 2.165, 4.045, 3.605, 4.53, 0.91, 3.205, 0.09, 2.32, 1.405, 1.805, 2.8000000000000003, 0], "R": [1, 0, 0, 0, 0, 0, 0, 0, 0, 0, 0, 0, 0, 0, 0, 0, 0, 0, 0, 0, 0, 0, 0, 0, 0, 0, 0, 0, 0, 0, 0, 0, 0, 0, 0, 0, 0, 0, 0, 0, 0, 0, 0, 0, 0, 0, 0, 0, 0, 0, 0, 0]}