{"RTG": [11, 10, 9, 8, 7, 6, 5, 4, 3, 2, 1, 0, 0, 0, 0, 0, 0, 0, 0, 0, 0, 0, 0, 0, 0, 0, 0, 0, 0, 0, 0, 0, 0, 0, 0, 0, 0, 0, 0, 0, 0, 0, 0, 0, 0, 0, 0, 0, 0, 0, 0, 0], "S": [0, 0.5508090681586929, 1.0392373462346414, 1.1929647133334638, 1.1269664878719414, 1.240122479297734, 1.3016856375865116, 0.7332462169914621, 1.4202812468229182, 2.1109965038009197, 2.4252267062251835, 2.583789023717434, 2.6732740673741575, -0.7758314779013478, -1.7182524106449804, 1.2607647850267172, 0.35215098025751895, 1.1390065784520442, -0.6399272688825074, -0.6250762041214045, 0.7765038309941795, 0.7433692441740283, -0.1681685232451838, 0.42396904460622875, 1.2699450427223564, -0.043400782201073435, 0.15531055956049092, -0.2767185250323555, -0.5681424030680832, -0.007359300230342257, 1.1283506934188439, -0.09101694669670529, 0.27750730430012266, -1.0793329670954217, 1.9631888737933478, -0.7387734467982239, 0.04047799628533581, 2.124266822246258, 0.7810947647226019, -0.4457386208748614, -0.4088659150438583, 0.49481502529770993, 0.7697164372501104, 1.2423047404347072, 0.5544970678689413, -1.6203663406350275, -1.4376841077764138, 0.8814861408638388, 0.8036415820234936, 0.9147600389067359, 1.0487836559167683, -0.9561600736877052], "A": [0.75, 0.6900000000000001, 0.655, 0.59, 0.42, 0.375, 0.295, 1.605, 1.6400000000000001, 1.6600000000000001, 1.675, 1.7, 1.93, 1.37, 2.785, 2.91, 2.6550000000000002, 2.485, 3.735, 4.58, 4.74, 4.405, 4.92, 3.3000000000000003, 3.1750000000000003, 3.42, 4.08, 0.0, 1.04, 2.215, 2.315, 2.11, 3.915, 4.24, 3.58, 1.175, 4.19, 5.0, 0.14, 0.915, 3.035, 4.66, 2.72, 4.495, 1.26, 3.825, 1.83, 4.83, 2.57, 3.355, 2.0300000000000002, 0], "R": [1, 1, 1, 1, 1, 1, 1, 1, 1, 1, 1, 0, 0, 0, 0, 0, 0, 0, 0, 0, 0, 0, 0, 0, 0, 0, 0, 0, 0, 0, 0, 0, 0, 0, 0, 0, 0, 0, 0, 0, 0, 0, 0, 0, 0, 0, 0, 0, 0, 0, 0, 0]}