{"RTG": [29, 28, 27, 26, 25, 24, 23, 22, 21, 20, 19, 18, 17, 16, 15, 14, 13, 12, 11, 10, 9, 8, 7, 6, 5, 4, 3, 2, 1, 0, 0, 0, 0, 0, 0, 0, 0, 0, 0, 0, 0, 0, 0, 0, 0, 0, 0, 0, 0, 0, 0, 0], "S": [0, 0.8216524061744304, 0.7765038309941795, 0.7063621804743907, 0.2454218611888777, 0.7220419228172474, 0.421746209599056, 0.6520050202483836, -0.7119997492397336, 1.8594942356609157, 2.0751036904311593, 2.1990799042829505, -1.1394990942280583, -0.5681424030680832, 0.27208023610146237, 0.0866432673157289, 1.1971315791461121, 1.1935643644957392, 1.3014072903111207, 0.06518168505993671, -2.2362571854591744, 1.0814212867534516, 0.1748996278641049, -0.7349959441494497, 0.46043837533281906, 0.5754088667607283, 0.5392684839855656, 0.7014264433005017, 1.1485285121397457, 0.9147600389067359, 2.6462676611234475, 2.648718288939445, 1.4202812468229182, -0.7811408998812415, 0.783357385465521, -1.0754068804073755, 0.7008456084275234, 0.4109152650008146, -0.32750870905583246, 0.22387517807153576, 1.2752776432954898, 0.09060725392395028, -0.44919934217062807, 1.2218576619033426, -0.5973820916024358, 0.7810947647226019, -0.8275862870460531, -1.2326682407776417, 1.3223751932371433, -0.17456529408862, -0.2844192542658805, 1.0245921516336474], "A": [4.63, 4.58, 4.72, 4.45, 4.8500000000000005, 4.94, 4.12, 4.035, 4.17, 4.1850000000000005, 4.205, 3.79, 0.0, 0.845, 1.05, 0.635, 0.52, 0.37, 0.255, 1.315, 2.1750000000000003, 2.3000000000000003, 2.05, 3.04, 3.22, 3.395, 2.85, 2.69, 2.57, 1.685, 1.71, 1.605, 3.555, 1.835, 2.45, 0.73, 2.945, 0.125, 1.16, 3.31, 1.47, 3.67, 0.44, 0.9450000000000001, 5.0, 1.935, 3.9, 2.765, 4.355, 3.13, 2.235, 0], "R": [1, 1, 1, 1, 1, 1, 1, 1, 1, 1, 1, 1, 1, 1, 1, 1, 1, 1, 1, 1, 1, 1, 1, 1, 1, 1, 1, 1, 1, 0, 0, 0, 0, 0, 0, 0, 0, 0, 0, 0, 0, 0, 0, 0, 0, 0, 0, 0, 0, 0, 0, 0]}