{"RTG": [27, 26, 25, 24, 23, 22, 21, 20, 19, 18, 17, 16, 15, 14, 13, 12, 11, 10, 9, 8, 7, 6, 5, 4, 3, 2, 1, 0, 0, 0, 0, 0, 0, 0, 0, 0, 0, 0, 0, 0, 0, 0, 0, 0, 0, 0, 0, 0, 0, 0, 0, 0], "S": [0, -0.1333343676888655, -0.5681424030680832, 0.5054056779022843, -0.5225634108889254, 0.8399611402853264, 1.0245921516336474, 1.1490434588248564, 0.2847659930484283, 0.8848719625808373, -0.3210934574237214, 1.2704887200104722, 0.7352255488802192, -0.130551393865645, 2.186387029405289, 1.8594942356609157, 0.8058072136235602, 0.7690116833676693, 0.43333794832263955, 0.6594579003937963, -0.19932815225345174, 1.1204461855443508, 1.2192840698341836, 1.0000009442743154, 1.2033515197286617, 0.35893135363273554, 1.1326765301622912, 1.0768972333907842, 2.6732740673741575, 2.539316846348272, -1.1897812690263538, -0.032732204163866366, -0.6430356987022964, -1.1185111654206692, 0.8492731788192288, 0.040343652882350874, -0.7085119626694121, 2.510577190859736, -2.2362571854591744, 0.7810947647226019, -0.5441132825174866, 0.4215588852672501, 0.623634391545786, 1.1929647133334638, 0.5331467533500495, 1.2992127756900016, 0.8188852879171115, -0.11803058692131012, -0.5574404173745552, -0.46555971502504534, -0.2338234595287891, 0.43977288007454873], "A": [1.45, 0.0, 2.2800000000000002, 2.34, 2.255, 2.235, 2.205, 3.2, 3.37, 3.455, 3.315, 4.3, 4.41, 4.2, 4.17, 4.595, 4.75, 4.915, 0.735, 0.895, 0.58, 0.45, 0.315, 2.795, 2.9050000000000002, 2.68, 1.82, 1.7, 1.67, 3.795, 1.18, 0.185, 1.985, 2.565, 1.045, 3.9650000000000003, 1.73, 1.315, 5.0, 3.6350000000000002, 3.045, 4.515, 0.655, 1.545, 0.38, 4.825, 0.085, 4.0600000000000005, 2.495, 3.115, 1.115, 0], "R": [1, 1, 1, 1, 1, 1, 1, 1, 1, 1, 1, 1, 1, 1, 1, 1, 1, 1, 1, 1, 1, 1, 1, 1, 1, 1, 1, 0, 0, 0, 0, 0, 0, 0, 0, 0, 0, 0, 0, 0, 0, 0, 0, 0, 0, 0, 0, 0, 0, 0, 0, 0]}