{"RTG": [17, 16, 15, 14, 13, 12, 11, 10, 9, 8, 7, 6, 5, 4, 3, 2, 1, 0, 0, 0, 0, 0, 0, 0, 0, 0, 0, 0, 0, 0, 0, 0, 0, 0, 0, 0, 0, 0, 0, 0, 0, 0, 0, 0, 0, 0, 0, 0, 0, 0, 0, 0], "S": [0, 0.7063621804743907, 0.8205579041063652, 0.7665022349198103, 0.6056070821428975, 0.5747902204568268, -0.2009931560051553, 0.7652276639764811, -0.5681424030680832, 0.2992456858903939, -0.4740018065749868, 0.8327877808682069, 1.1832205329391008, 1.1756294449900588, 0.587534579924061, -1.0773133856651251, 2.2096243099566566, 2.510577190859736, 2.665056914615652, 0.493019990916102, 0.9496061264010378, 0.5143621100491487, 1.127721295153221, 0.028266080697662052, 0.015058671514919365, -0.8348946779313645, -0.06490318263147667, -0.18412100953310084, 0.940457295044262, -0.6356053352110442, 1.233874684983979, -1.8790008443431394, 0.6517420719044649, -0.7253309927571581, 0.9242571415201947, -0.9311057892287455, 2.1300292046727938, 1.275078842405209, 1.4124672145230344, -1.1142781305849165, 0.4327458304589763, 1.3153844260682281, -0.6527118419102764, 0.23093654685116718, 1.9421985709844345, 1.2167981233580216, 2.356485375892664, -0.11803058692131012, -0.26302149708902195, -0.4438624640970557, 0.9985969048852414, 1.132872154906867], "A": [4.72, 4.7700000000000005, 4.84, 4.98, 4.5, 4.4, 4.575, 0.0, 0.84, 0.99, 0.715, 0.66, 0.62, 1.845, 1.97, 1.7550000000000001, 1.73, 1.705, 1.54, 2.825, 2.97, 2.67, 2.52, 3.18, 3.7600000000000002, 3.435, 4.085, 0.31, 0.19, 0.425, 1.2750000000000001, 2.27, 3.585, 2.1550000000000002, 3.93, 4.225, 3.305, 4.2700000000000005, 2.39, 1.125, 2.745, 1.42, 3.065, 4.175, 0.5, 1.655, 0.085, 2.08, 3.6750000000000003, 3.36, 2.595, 0], "R": [1, 1, 1, 1, 1, 1, 1, 1, 1, 1, 1, 1, 1, 1, 1, 1, 1, 0, 0, 0, 0, 0, 0, 0, 0, 0, 0, 0, 0, 0, 0, 0, 0, 0, 0, 0, 0, 0, 0, 0, 0, 0, 0, 0, 0, 0, 0, 0, 0, 0, 0, 0]}