{"RTG": [4, 3, 2, 1, 0, 0, 0, 0, 0, 0, 0, 0, 0, 0, 0, 0, 0, 0, 0, 0, 0, 0, 0, 0, 0, 0, 0, 0, 0, 0, 0, 0, 0, 0, 0, 0, 0, 0, 0, 0, 0, 0, 0, 0, 0, 0, 0, 0, 0, 0, 0, 0], "S": [0, 2.018703006539025, 1.4202812468229182, 2.356485375892664, 2.539316846348272, 2.6640935024130794, -1.8922897778740722, -0.5980416703876035, -0.5681424030680832, 1.313771510494162, 0.40577549456587986, 1.1637413930916065, -0.8626716533395865, -0.5109588790481822, 0.7299093747335014, 0.7131136754895187, -0.2695911284410121, 0.46108902787231554, 1.1514880559381484, 1.158880316031669, 1.2992127756900016, -0.017882150725342393, 0.3680109104289028, 1.2009822841548368, -0.24866560631437654, 0.4633443805678566, -0.6434383622202263, -0.007359300230342257, 1.1484487020849217, 0.26116185121244917, -0.08361090576424757, -1.4061401913825524, 2.1880040451103517, 1.620324142494948, -0.7762990261304845, 0.7810947647226019, 0.10777792340828776, 1.219269979845113, 0.591106254339909, -0.49337631073269567, -0.28949292123513, 0.8095437992284806, 1.66510693211448, 1.189694727779941, 0.8418830957241761, 0.6203485783512641, 1.2005038616307513, 1.1737062158429918, 0.7769529835142928, -1.5240886404133587, -1.1394990942280583, 0.4462543804591722], "A": [1.635, 1.605, 1.655, 1.67, 1.69, 1.36, 1.915, 0.0, 2.77, 2.89, 2.64, 2.47, 3.715, 4.5600000000000005, 4.7250000000000005, 4.38, 4.905, 0.67, 0.54, 0.38, 0.25, 0.8200000000000001, 3.2800000000000002, 3.15, 3.4, 4.05, 1.04, 2.195, 2.295, 2.09, 3.88, 4.215, 4.26, 3.56, 5.0, 1.17, 0.455, 3.0100000000000002, 0.925, 0.12, 4.64, 4.16, 2.705, 4.815, 0.74, 3.335, 1.815, 2.56, 1.2550000000000001, 3.79, 4.4750000000000005, 0], "R": [1, 1, 1, 1, 0, 0, 0, 0, 0, 0, 0, 0, 0, 0, 0, 0, 0, 0, 0, 0, 0, 0, 0, 0, 0, 0, 0, 0, 0, 0, 0, 0, 0, 0, 0, 0, 0, 0, 0, 0, 0, 0, 0, 0, 0, 0, 0, 0, 0, 0, 0, 0]}