{"RTG": [6, 5, 4, 3, 2, 1, 0, 0, 0, 0, 0, 0, 0, 0, 0, 0, 0, 0, 0, 0, 0, 0, 0, 0, 0, 0, 0, 0, 0, 0, 0, 0, 0, 0, 0, 0, 0, 0, 0, 0, 0, 0, 0, 0, 0, 0, 0, 0, 0, 0, 0, 0], "S": [0, -0.11355670144341846, -0.5281913749203656, 1.4579884778504881, 0.783357385465521, 1.8155548068888594, 2.060748031034219, 2.6246497070519292, 2.6194882783227276, -0.9252293777902464, 1.2704887200104722, -0.1336677750241096, 0.21347584363378308, 0.9620205374516724, 0.10058988888118321, 1.314995406442874, -0.7078722906587652, 0.7810947647226019, 0.7665022349198103, 0.7468985423979649, 1.2228604805951775, 1.290558467107689, 1.2005613140987013, -0.17547507025194733, 0.849990625769365, 1.1740795034056069, -1.6203663406350275, 1.0814212867534516, 0.5210538878624557, -0.5344493610789871, 0.5054056779022843, 0.5674801530142803, -0.4345148689017537, 0.7417519397012445, 0.3193365979811941, 1.1712103381729184, -0.28307668106601713, -0.7253309927571581, -1.5129641137469552, -0.5681424030680832, 2.1880040451103517, 0.42396904460622875, 0.06986426174581307, 1.124212497936378, 0.7824357235715943, 0.27244383499665203, 0.4256092218561636, 0.35893135363273554, 0.2992456858903939, -0.8797078913319923, 1.2473233634412009, 0.8848719625808373], "A": [0.075, 0.93, 1.8, 1.835, 1.78, 1.7650000000000001, 1.715, 1.68, 2.465, 3.315, 3.44, 3.1950000000000003, 4.29, 4.4350000000000005, 4.1450000000000005, 4.005, 5.0, 4.84, 4.67, 0.485, 0.36, 0.64, 0.24, 2.835, 2.7, 1.26, 2.1750000000000003, 0.755, 3.72, 2.2800000000000002, 2.985, 2.07, 4.565, 1.08, 2.605, 1.44, 3.585, 3.855, 0.0, 4.215, 4.92, 3.08, 0.5650000000000001, 4.755, 1.155, 1.53, 2.9050000000000002, 0.84, 2.365, 0.41500000000000004, 3.37, 0], "R": [1, 1, 1, 1, 1, 1, 0, 0, 0, 0, 0, 0, 0, 0, 0, 0, 0, 0, 0, 0, 0, 0, 0, 0, 0, 0, 0, 0, 0, 0, 0, 0, 0, 0, 0, 0, 0, 0, 0, 0, 0, 0, 0, 0, 0, 0, 0, 0, 0, 0, 0, 0]}