{"RTG": [27, 26, 25, 24, 23, 22, 21, 20, 19, 18, 17, 16, 15, 14, 13, 12, 11, 10, 9, 8, 7, 6, 5, 4, 3, 2, 1, 0, 0, 0, 0, 0, 0, 0, 0, 0, 0, 0, 0, 0, 0, 0, 0, 0, 0, 0, 0, 0, 0, 0, 0, 0], "S": [0, -0.2319763522557701, -0.5681424030680832, 0.2045054376024882, -0.5973820916024358, 0.377304667011703, 1.2599296432649467, 1.3223751932371433, 0.7997946265823738, -0.6399272688825074, -0.44124323692021794, 0.623634391545786, 0.8011459087892528, 0.8313089284247416, 0.47891439095336297, -0.17456529408862, -0.28307668106601713, 1.0567075262404362, 1.2005038616307513, 0.15531055956049092, 1.2473233634412009, 1.2207514698396822, 1.0000009442743154, 1.1199013749972255, -0.7251050469638722, 1.050618440940789, 0.9858819527773454, -0.5157422423457501, 2.6730387989219673, 2.539316846348272, 2.510577190859736, -0.785730101527414, 0.3321029361393006, -0.6049491287165064, -1.512229542652904, 2.124266822246258, 1.1870405829024617, 0.7810947647226019, 1.8888071569415663, 1.1293561077306389, -0.7695552481135107, -0.8169671187903633, 0.41313196293813004, 1.1551915578798113, -0.24866560631437654, 0.5781725177034593, 0.4721344441138844, -2.18235760737755, -0.11355670144341846, 0.6989865678173576, -0.8348946779313645, -1.0957773882808306], "A": [1.8900000000000001, 0.0, 0.855, 0.9450000000000001, 0.8150000000000001, 2.725, 2.765, 2.84, 2.485, 3.68, 4.515, 4.6450000000000005, 4.775, 4.9, 4.355, 1.44, 3.2600000000000002, 3.335, 3.42, 0.41500000000000004, 0.465, 0.315, 0.5750000000000001, 4.0200000000000005, 2.17, 2.24, 2.065, 1.695, 1.67, 1.73, 1.22, 3.055, 0.165, 3.845, 4.19, 4.14, 5.0, 4.245, 0.675, 3.565, 2.36, 1.1, 2.6, 3.15, 1.55, 2.96, 1.335, 0.075, 4.71, 3.7600000000000002, 1.975, 0], "R": [1, 1, 1, 1, 1, 1, 1, 1, 1, 1, 1, 1, 1, 1, 1, 1, 1, 1, 1, 1, 1, 1, 1, 1, 1, 1, 1, 0, 0, 0, 0, 0, 0, 0, 0, 0, 0, 0, 0, 0, 0, 0, 0, 0, 0, 0, 0, 0, 0, 0, 0, 0]}