{"RTG": [25, 24, 23, 22, 21, 20, 19, 18, 17, 16, 15, 14, 13, 12, 11, 10, 9, 8, 7, 6, 5, 4, 3, 2, 1, 0, 0, 0, 0, 0, 0, 0, 0, 0, 0, 0, 0, 0, 0, 0, 0, 0, 0, 0, 0, 0, 0, 0, 0, 0, 0, 0], "S": [0, 0.5946153418392212, 0.8316743936656834, 0.8205579041063652, 0.7871845460010397, 0.6369849008242138, 0.780918615055049, -0.011464620116161107, -0.5681424030680832, 0.1642534074841468, 0.040343652882350874, 1.1514880559381484, 1.1914882796809394, 1.1501940146532572, 1.219269979845113, 1.2881202542280985, 1.0000009442743154, -2.201677621553729, 1.0814212867534516, 0.9421555065576516, -0.4345148689017537, -0.16817882155834474, -0.5613504714487526, 1.1602292902251623, 1.3266242924078386, 1.0444516324076214, 2.6640935024130794, 2.486335711065681, 2.5551020877188306, -0.6048098286998949, 0.5392684839855656, -0.6399272688825074, -0.7799098430293636, 1.099627421136071, -1.3264683727487805, -0.5519999276125631, 2.186387029405289, -0.06421981724753852, 0.49351587614176184, 0.2560876713757903, 1.9631888737933478, 0.7810947647226019, 0.3146398464699526, -0.8797078913319923, 1.1037847808441072, 0.4254157691859527, 1.2457424006890583, -0.5441132825174866, -0.7568219640141731, -0.611716481250362, -1.0773133856651251, -0.11355670144341846], "A": [4.875, 4.82, 4.7700000000000005, 4.585, 4.5200000000000005, 4.655, 4.34, 0.0, 0.86, 1.045, 0.67, 0.63, 0.545, 0.455, 0.39, 0.315, 1.305, 2.1750000000000003, 2.245, 2.07, 3.105, 3.725, 2.695, 2.755, 2.815, 1.69, 1.665, 1.725, 4.055, 3.395, 2.485, 3.535, 3.265, 3.89, 0.155, 4.2, 1.8800000000000001, 2.965, 1.495, 4.24, 5.0, 1.1500000000000001, 2.365, 2.59, 0.78, 3.325, 3.6350000000000002, 1.415, 0.9550000000000001, 1.97, 0.075, 0], "R": [1, 1, 1, 1, 1, 1, 1, 1, 1, 1, 1, 1, 1, 1, 1, 1, 1, 1, 1, 1, 1, 1, 1, 1, 1, 0, 0, 0, 0, 0, 0, 0, 0, 0, 0, 0, 0, 0, 0, 0, 0, 0, 0, 0, 0, 0, 0, 0, 0, 0, 0, 0]}