{"RTG": [28, 27, 26, 25, 24, 23, 22, 21, 20, 19, 18, 17, 16, 15, 14, 13, 12, 11, 10, 9, 8, 7, 6, 5, 4, 3, 2, 1, 0, 0, 0, 0, 0, 0, 0, 0, 0, 0, 0, 0, 0, 0, 0, 0, 0, 0, 0, 0, 0, 0, 0, 0], "S": [0, 0.7468985423979649, 0.826452834105411, 0.6838990714313047, 0.7861115957725884, 0.47891439095336297, 0.8405098459569589, -0.5681424030680832, 0.1642534074841468, 0.040343652882350874, 1.1514880559381484, 1.1914882796809394, 1.1501940146532572, 1.219269979845113, 1.2881202542280985, 1.0000009442743154, -2.201677621553729, 1.0814212867534516, 0.9421555065576516, -0.4345148689017537, -0.16817882155834474, -1.4056490068099121, 1.1602292902251623, 1.3266242924078386, 1.0444516324076214, 2.199560797986056, 1.9631888737933478, 1.9421985709844345, 0.00646266035523254, 2.6640935024130794, 2.486335711065681, 2.5551020877188306, -0.6399272688825074, -0.6944213635994284, 1.1718425673152988, -0.5519999276125631, -0.06421981724753852, 0.49351587614176184, 0.2560876713757903, -0.6841722909757619, 0.3146398464699526, 0.7810947647226019, -0.8797078913319923, -0.1681685232451838, 1.1701627407828141, -0.4611514236144929, 1.1037847808441072, 0.4254157691859527, -0.7568219640141731, -0.611716481250362, 0.14424649044003368, -1.0773133856651251], "A": [4.67, 4.62, 4.54, 4.835, 4.9, 4.78, 0.0, 0.86, 1.045, 0.67, 0.63, 0.545, 0.455, 0.39, 0.315, 1.305, 2.1750000000000003, 2.245, 2.07, 3.105, 3.8200000000000003, 2.695, 2.755, 2.815, 4.21, 4.24, 4.175, 3.43, 1.69, 1.665, 1.725, 2.485, 3.595, 3.275, 0.155, 1.8800000000000001, 2.965, 1.495, 3.98, 1.1500000000000001, 5.0, 2.365, 4.405, 3.34, 3.7, 2.59, 0.78, 1.415, 0.9550000000000001, 3.19, 1.97, 0], "R": [1, 1, 1, 1, 1, 1, 1, 1, 1, 1, 1, 1, 1, 1, 1, 1, 1, 1, 1, 1, 1, 1, 1, 1, 1, 1, 1, 1, 0, 0, 0, 0, 0, 0, 0, 0, 0, 0, 0, 0, 0, 0, 0, 0, 0, 0, 0, 0, 0, 0, 0, 0]}