{"RTG": [21, 20, 19, 18, 17, 16, 15, 14, 13, 12, 11, 10, 9, 8, 7, 6, 5, 4, 3, 2, 1, 0, 0, 0, 0, 0, 0, 0, 0, 0, 0, 0, 0, 0, 0, 0, 0, 0, 0, 0, 0, 0, 0, 0, 0, 0, 0, 0, 0, 0, 0, 0], "S": [0, 0.5668338030505861, 1.0887396232185838, 1.3006506431464921, 1.2766244561205646, 0.4304544603542519, 0.9438680768787604, -0.3764877984809053, 1.275078842405209, -0.5681424030680832, 0.2992456858903939, -0.2543664896025655, 1.1293561077306389, 1.14814577970639, 1.221849818761846, 1.240122479297734, 1.10297997475711, -0.4371655090445092, 0.587534579924061, -1.0957773882808306, 2.2787485889783183, 2.5551020877188306, 2.6732740673741575, 0.3249895437356506, 0.41465958780389967, 0.6090386641418352, 0.7096778610505728, 0.6466991670257178, 0.38850455016500957, -1.182399402186969, -0.9374506081177982, -1.7985319445633705, 0.7810947647226019, -0.44151905624948234, 1.1065611909486615, 0.5241625713457142, 0.4215588852672501, 2.199560797986056, 0.8132786627774347, 0.27750730430012266, 0.42103107830772674, -1.1394990942280583, 1.723220249425911, -1.0846614795250824, 0.718905993062926, -0.7253309927571581, 0.8478622810701648, -0.1444384360798626, 0.4949049722078865, 1.8888071569415663, 1.1867253408604772, -0.7001124557070517], "A": [2.865, 2.81, 2.775, 2.73, 3.21, 3.365, 3.46, 3.305, 0.0, 0.84, 1.0150000000000001, 0.675, 0.605, 0.49, 0.42, 0.325, 0.22, 1.845, 1.975, 1.75, 1.725, 1.7, 1.51, 4.315, 4.51, 4.69, 4.865, 4.11, 3.9050000000000002, 2.37, 1.27, 5.0, 3.685, 2.18, 2.545, 3.045, 4.21, 4.6000000000000005, 2.11, 1.1300000000000001, 3.79, 1.62, 1.4000000000000001, 2.265, 3.585, 4.785, 0.095, 0.76, 4.245, 2.615, 4.0, 0], "R": [1, 1, 1, 1, 1, 1, 1, 1, 1, 1, 1, 1, 1, 1, 1, 1, 1, 1, 1, 1, 1, 0, 0, 0, 0, 0, 0, 0, 0, 0, 0, 0, 0, 0, 0, 0, 0, 0, 0, 0, 0, 0, 0, 0, 0, 0, 0, 0, 0, 0, 0, 0]}