{"RTG": [5, 4, 3, 2, 1, 0, 0, 0, 0, 0, 0, 0, 0, 0, 0, 0, 0, 0, 0, 0, 0, 0, 0, 0, 0, 0, 0, 0, 0, 0, 0, 0, 0, 0, 0, 0, 0, 0, 0, 0, 0, 0, 0, 0, 0, 0, 0, 0, 0, 0, 0, 0], "S": [0, 0.0074048302044516555, 0.2053593529541412, 1.899839506890742, 2.2787485889783183, 2.510577190859736, 2.648718288939445, -0.0017655707758112728, -0.5681424030680832, -0.2575596417689937, -0.7486598192425545, 0.8542846964258753, 0.48221651102654217, 0.8095437992284806, 0.41171617023787066, 1.5186593645993924, 1.7668558624147594, 0.35607588040206334, 1.184145623379665, 1.2198638448838093, 1.2154017406227207, -0.48797384671598903, 0.0866432673157289, 1.1392762323358923, 1.0444516324076214, 0.3327416839338406, -0.7548756490013011, -2.1283174002063725, 0.4302381124583138, -0.6250762041214045, 1.2752776432954898, 0.280033209144718, 0.7881508443671758, 0.6136213460770834, -0.18412100953310084, -0.5973820916024358, -1.2050087939706549, 1.151436074096337, 1.2473233634412009, 0.7063621804743907, 0.27244383499665203, 0.6459327577795845, -0.25787601304066904, -1.5023795661589565, -0.5441132825174866, 1.1867253408604772, -0.1444384360798626, 0.7181670574127406, 1.3220304032576353, 0.5209078855902575, 2.199560797986056, -0.9737435211646027], "A": [2.095, 1.865, 1.7750000000000001, 1.75, 1.73, 1.71, 2.31, 0.0, 3.12, 3.955, 4.805, 4.96, 4.64, 4.47, 4.265, 4.165, 0.8250000000000001, 0.625, 0.495, 0.34, 0.215, 1.05, 2.685, 2.815, 2.535, 3.52, 1.295, 2.95, 3.735, 3.31, 1.5, 0.72, 3.39, 4.085, 0.9450000000000001, 2.42, 2.2, 0.41500000000000004, 4.72, 1.155, 3.225, 4.37, 3.84, 3.6350000000000002, 2.615, 0.095, 4.555, 1.6, 4.89, 4.21, 1.405, 0], "R": [1, 1, 1, 1, 1, 0, 0, 0, 0, 0, 0, 0, 0, 0, 0, 0, 0, 0, 0, 0, 0, 0, 0, 0, 0, 0, 0, 0, 0, 0, 0, 0, 0, 0, 0, 0, 0, 0, 0, 0, 0, 0, 0, 0, 0, 0, 0, 0, 0, 0, 0, 0]}