{"RTG": [5, 4, 3, 2, 1, 0, 0, 0, 0, 0, 0, 0, 0, 0, 0, 0, 0, 0, 0, 0, 0, 0, 0, 0, 0, 0, 0, 0, 0, 0, 0, 0, 0, 0, 0, 0, 0, 0, 0, 0, 0, 0, 0, 0, 0, 0, 0, 0, 0, 0, 0, 0], "S": [0, 1.1737062158429918, 0.3941168188128473, 1.550053509588688, 1.899839506890742, 2.5551020877188306, 2.6732740673741575, 1.0245921516336474, -0.9899543682703261, 0.529575855818755, -0.5681424030680832, 0.7801908353249076, 0.5392684839855656, 0.23093654685116718, -0.6772614302070163, 1.1686108490458247, 1.1288287176578806, 0.2454218611888777, 0.7468985423979649, 0.7861115957725884, 0.7810947647226019, 2.1646963807230764, 1.4381036978079742, 0.8479373402835767, 0.35607588040206334, 1.1756294449900588, 1.2228604805951775, 1.183550878322407, -0.5689652042600516, 0.0866432673157289, -2.078054622311628, -1.5129641137469552, 0.35130374988897833, 0.7417519397012445, 0.7769529835142928, 0.8327877808682069, 0.16883208745421255, -0.5973820916024358, -0.7001124557070517, 0.42396904460622875, 1.2636906207954577, -0.6286623709632781, -0.5344493610789871, 0.3146398464699526, 1.2752776432954898, 0.7690116833676693, -0.1444384360798626, -0.8566861004606161, -0.7197448335686071, -1.0846614795250824, -0.28174751465887515, 1.3049009603131116], "A": [1.815, 1.855, 1.795, 1.7750000000000001, 1.725, 1.7, 2.235, 2.375, 2.125, 0.0, 3.235, 3.395, 3.065, 3.6, 2.8000000000000003, 2.6750000000000003, 4.45, 4.67, 4.835, 5.0, 4.22, 4.15, 4.295, 0.8250000000000001, 0.62, 0.485, 0.335, 0.20500000000000002, 1.05, 1.29, 3.855, 2.92, 4.565, 2.56, 0.715, 1.48, 0.9450000000000001, 4.0, 4.92, 0.405, 3.49, 3.72, 1.1500000000000001, 3.31, 4.75, 0.095, 2.04, 2.48, 1.4000000000000001, 3.14, 2.74, 0], "R": [1, 1, 1, 1, 1, 0, 0, 0, 0, 0, 0, 0, 0, 0, 0, 0, 0, 0, 0, 0, 0, 0, 0, 0, 0, 0, 0, 0, 0, 0, 0, 0, 0, 0, 0, 0, 0, 0, 0, 0, 0, 0, 0, 0, 0, 0, 0, 0, 0, 0, 0, 0]}