{"RTG": [25, 24, 23, 22, 21, 20, 19, 18, 17, 16, 15, 14, 13, 12, 11, 10, 9, 8, 7, 6, 5, 4, 3, 2, 1, 0, 0, 0, 0, 0, 0, 0, 0, 0, 0, 0, 0, 0, 0, 0, 0, 0, 0, 0, 0, 0, 0, 0, 0, 0, 0, 0], "S": [0, 0.6612033019948327, 0.4462543804591722, 0.7871845460010397, 0.7582537177375791, 0.8531075124258279, 0.7220419228172474, 2.0286591678260097, 2.1990799042829505, 1.7668558624147594, -0.5681424030680832, 0.27208023610146237, 0.0866432673157289, 1.1971315791461121, 1.1935643644957392, 1.3014072903111207, 0.06518168505993671, -2.2362571854591744, 1.0814212867534516, 0.1748996278641049, -0.7349959441494497, -0.24866560631437654, -0.6016781995881259, 1.3049009603131116, 0.7500898340417048, 1.187614098414235, 2.6462676611234475, 2.648718288939445, 1.4202812468229182, 0.8219396147231978, -1.5129641137469552, -0.5550393478506724, 0.783357385465521, 0.7810947647226019, 0.5800560575903002, -0.5197320190323577, 1.2009822841548368, 0.7008456084275234, -0.32750870905583246, 0.22387517807153576, -0.6874175835325607, 0.09060725392395028, 1.2218576619033426, -0.5613504714487526, -0.5973820916024358, -0.8275862870460531, 1.1326765301622912, 0.28265279438418606, 1.0245921516336474, -0.17456529408862, 0.421746209599056, -1.0846614795250824], "A": [4.53, 4.4750000000000005, 4.585, 4.665, 4.79, 4.8500000000000005, 4.235, 4.205, 4.165, 0.0, 0.845, 1.05, 0.635, 0.52, 0.37, 0.255, 1.315, 2.1750000000000003, 2.3000000000000003, 2.05, 3.15, 3.62, 2.74, 2.845, 2.62, 1.685, 1.71, 1.605, 3.375, 3.855, 2.49, 1.835, 5.0, 2.99, 3.475, 3.2800000000000002, 0.73, 0.125, 1.16, 3.99, 1.47, 0.44, 3.725, 0.9450000000000001, 1.935, 2.68, 3.06, 2.235, 4.355, 4.94, 1.4000000000000001, 0], "R": [1, 1, 1, 1, 1, 1, 1, 1, 1, 1, 1, 1, 1, 1, 1, 1, 1, 1, 1, 1, 1, 1, 1, 1, 1, 0, 0, 0, 0, 0, 0, 0, 0, 0, 0, 0, 0, 0, 0, 0, 0, 0, 0, 0, 0, 0, 0, 0, 0, 0, 0, 0]}