{"RTG": [23, 22, 21, 20, 19, 18, 17, 16, 15, 14, 13, 12, 11, 10, 9, 8, 7, 6, 5, 4, 3, 2, 1, 0, 0, 0, 0, 0, 0, 0, 0, 0, 0, 0, 0, 0, 0, 0, 0, 0, 0, 0, 0, 0, 0, 0, 0, 0, 0, 0, 0, 0], "S": [0, 1.8888071569415663, 2.1880040451103517, 2.0751036904311593, -0.5681424030680832, 0.27208023610146237, 0.0866432673157289, 1.1971315791461121, 1.1935643644957392, 1.3014072903111207, 0.06518168505993671, -2.2362571854591744, 1.0814212867534516, 0.26116185121244917, -0.7349959441494497, -0.26899053000129997, 0.7810947647226019, 0.6977617291854273, 0.7360187314858049, -0.5628831503192052, 1.2766244561205646, 0.7997946265823738, 1.1712103381729184, 0.6838990714313047, 2.6462676611234475, 2.648718288939445, 1.4202812468229182, 0.7554559803553068, -1.4664759182334537, -0.7197448335686071, 0.5519536381881391, 0.783357385465521, -0.5960565376578272, 1.2009822841548368, 0.7008456084275234, 0.10058988888118321, -0.32750870905583246, 0.22387517807153576, -0.7213851175583837, 0.8085877969105064, 0.09060725392395028, -0.661659592454025, 1.2218576619033426, -0.5973820916024358, -0.8275862870460531, 1.129227959703775, 0.3321029361393006, 0.421746209599056, 1.05823352995558, 0.8192364636416227, -1.0846614795250824, 2.2096243099566566], "A": [4.245, 4.215, 4.1850000000000005, 0.0, 0.845, 1.05, 0.635, 0.52, 0.37, 0.255, 1.315, 2.1750000000000003, 2.295, 2.05, 3.145, 5.0, 4.855, 4.675, 3.63, 2.73, 2.84, 2.605, 4.54, 1.685, 1.71, 1.605, 3.38, 3.87, 2.48, 2.98, 1.835, 3.485, 3.2800000000000002, 0.73, 4.4350000000000005, 0.125, 1.16, 4.015, 4.765, 1.47, 3.74, 0.44, 0.9450000000000001, 1.935, 2.665, 3.055, 4.94, 2.23, 4.605, 1.4000000000000001, 1.7550000000000001, 0], "R": [1, 1, 1, 1, 1, 1, 1, 1, 1, 1, 1, 1, 1, 1, 1, 1, 1, 1, 1, 1, 1, 1, 1, 0, 0, 0, 0, 0, 0, 0, 0, 0, 0, 0, 0, 0, 0, 0, 0, 0, 0, 0, 0, 0, 0, 0, 0, 0, 0, 0, 0, 0]}