{"RTG": [44, 43, 42, 41, 40, 39, 38, 37, 36, 35, 34, 33, 32, 31, 30, 29, 28, 27, 26, 25, 24, 23, 22, 21, 20, 19, 18, 17, 16, 15, 14, 13, 12, 11, 10, 9, 8, 7, 6, 5, 4, 3, 2, 1, 0, 0, 0, 0, 0, 0, 0, 0], "S": [0, 1.2192840698341836, 1.2552709899027514, 1.10297997475711, 1.124212497936378, 1.1832205329391008, 0.6203485783512641, -0.6356053352110442, 1.2265483993932222, 2.1109965038009197, 2.4252267062251835, 2.6194882783227276, -2.2113535522026915, 0.8492731788192288, 1.2423047404347072, 0.609313522152387, -1.0785053980520602, 0.06986426174581307, 0.9438680768787604, -0.7250333914407979, 0.9578542139492628, -0.23905034826659827, 0.7810947647226019, 0.7665022349198103, 0.7582537177375791, -0.7486598192425545, -0.7985100098253909, -0.2543664896025655, 0.6726275675323473, -0.661659592454025, 1.7668558624147594, 2.084491255479688, -0.5681424030680832, 0.2053593529541412, 1.1413307041700922, 0.3146398464699526, 1.154923932830813, -0.03201196311671608, 0.5143621100491487, 0.42396904460622875, -0.5628831503192052, -0.4354061667458947, 0.7690116833676693, 0.8124124524666402, -1.5157966450157259, 2.6246497070519292, -0.2050297928400839, -0.043400782201073435, -0.11803058692131012, 0.33376010508273046, -0.7197448335686071, -0.785730101527414], "A": [0.45, 0.41000000000000003, 0.325, 0.5650000000000001, 0.66, 0.74, 0.19, 1.595, 1.6400000000000001, 1.6600000000000001, 1.68, 1.33, 2.565, 2.72, 2.86, 2.3850000000000002, 3.08, 3.365, 3.5100000000000002, 3.25, 4.365, 5.0, 4.84, 4.665, 3.955, 2.045, 1.0150000000000001, 4.535, 3.74, 4.165, 4.23, 0.0, 1.865, 2.21, 1.1500000000000001, 2.645, 0.88, 2.97, 4.92, 3.63, 4.07, 4.75, 2.145, 3.85, 1.715, 1.445, 3.1750000000000003, 0.085, 4.46, 2.48, 1.22, 0], "R": [1, 1, 1, 1, 1, 1, 1, 1, 1, 1, 1, 1, 1, 1, 1, 1, 1, 1, 1, 1, 1, 1, 1, 1, 1, 1, 1, 1, 1, 1, 1, 1, 1, 1, 1, 1, 1, 1, 1, 1, 1, 1, 1, 1, 0, 0, 0, 0, 0, 0, 0, 0]}