{"RTG": [5, 4, 3, 2, 1, 0, 0, 0, 0, 0, 0, 0, 0, 0, 0, 0, 0, 0, 0, 0, 0, 0, 0, 0, 0, 0, 0, 0, 0, 0, 0, 0, 0, 0, 0, 0, 0, 0, 0, 0, 0, 0, 0, 0, 0, 0, 0, 0, 0, 0, 0, 0], "S": [0, -0.11803058692131012, -0.36042160659606265, 2.2787485889783183, 1.8155548068888594, 2.510577190859736, 2.648718288939445, 0.3249895437356506, 1.1849486762474712, 1.3266242924078386, 0.37011310999987346, -0.9816023194918702, 0.015058671514919365, -0.7057535105063594, -0.12888793902105405, 0.7810947647226019, 0.7665022349198103, 0.7582537177375791, -0.7762351625212653, 1.2228604805951775, 1.290558467107689, 1.2005613140987013, 0.27750730430012266, -0.8928179219706346, -0.09834637685729146, 0.6494093557430308, 0.5508090681586929, -0.5613504714487526, 1.66510693211448, 0.8399611402853264, -0.08326043425258514, 2.1300292046727938, 1.2256976844807996, 0.1738487017905306, 0.49481502529770993, -1.1095620561736692, -1.5202825455833266, -0.5681424030680832, 0.7824357235715943, 1.1485285121397457, -1.4864591883310811, 0.4633443805678566, 1.124212497936378, -0.5821590646936314, -0.44017286079018214, 1.8238428669741287, 0.41543750807331425, 0.4035438731462402, 0.2454218611888777, 1.1260754615276558, 1.0567075262404362, 0.3409349855768263], "A": [0.085, 0.91, 1.75, 1.78, 1.73, 1.71, 1.51, 2.625, 2.755, 2.9, 2.46, 3.18, 3.505, 4.3500000000000005, 5.0, 4.84, 4.665, 3.95, 0.485, 0.36, 0.64, 2.11, 1.225, 0.245, 4.525, 0.75, 3.725, 4.16, 2.255, 4.09, 4.225, 3.33, 1.06, 3.035, 1.98, 1.3800000000000001, 0.0, 4.755, 2.69, 3.835, 3.4, 0.5650000000000001, 3.625, 2.335, 1.625, 4.93, 1.135, 4.45, 2.185, 3.2600000000000002, 0.8300000000000001, 0], "R": [1, 1, 1, 1, 1, 0, 0, 0, 0, 0, 0, 0, 0, 0, 0, 0, 0, 0, 0, 0, 0, 0, 0, 0, 0, 0, 0, 0, 0, 0, 0, 0, 0, 0, 0, 0, 0, 0, 0, 0, 0, 0, 0, 0, 0, 0, 0, 0, 0, 0, 0, 0]}