{"RTG": [23, 22, 21, 20, 19, 18, 17, 16, 15, 14, 13, 12, 11, 10, 9, 8, 7, 6, 5, 4, 3, 2, 1, 0, 0, 0, 0, 0, 0, 0, 0, 0, 0, 0, 0, 0, 0, 0, 0, 0, 0, 0, 0, 0, 0, 0, 0, 0, 0, 0, 0, 0], "S": [0, -1.2384763947727195, -0.5681424030680832, 0.1642534074841468, -0.6092041357060602, 0.3680109104289028, 0.4949049722078865, 1.1832205329391008, 1.1914882796809394, -2.2383187886964397, 1.0814212867534516, 1.0245921516336474, -0.4345148689017537, 0.791505350158265, 0.7690116833676693, 0.6090386641418352, 0.5444024669777516, -0.21130216392220635, 0.5821843027492473, -0.28174751465887515, 0.37011310999987346, 1.1712103381729184, 0.7769529835142928, 1.154923932830813, 2.6732740673741575, 2.583789023717434, 2.2787485889783183, -0.3764877984809053, 0.6560959005237793, 0.14065031128985822, 1.2473233634412009, 0.7810947647226019, -0.6211852992102556, 1.275078842405209, 0.3971961720618536, -0.5519999276125631, -0.6958626735149382, 0.42103107830772674, 2.1646963807230764, -1.0370239909719803, -0.3881858065598431, 1.2607647850267172, 1.620324142494948, 1.2198638448838093, 0.9438680768787604, -0.5765074546122056, -0.47432048764582246, -0.28307668106601713, 0.7765038309941795, 0.7143651627474831, -0.11355670144341846, 0.44388205005933845], "A": [3.8000000000000003, 0.0, 0.86, 0.96, 0.8200000000000001, 0.76, 0.66, 0.63, 1.32, 2.1750000000000003, 2.235, 2.07, 4.65, 4.75, 4.51, 4.885, 4.36, 3.015, 3.14, 2.9, 2.605, 2.56, 2.645, 1.7, 1.675, 1.75, 3.46, 0.29, 4.1, 0.41500000000000004, 5.0, 3.615, 3.305, 1.5250000000000001, 0.155, 3.97, 1.1300000000000001, 4.22, 2.38, 1.9000000000000001, 2.785, 4.26, 0.495, 3.365, 1.21, 3.705, 1.44, 4.58, 3.23, 0.075, 4.95, 0], "R": [1, 1, 1, 1, 1, 1, 1, 1, 1, 1, 1, 1, 1, 1, 1, 1, 1, 1, 1, 1, 1, 1, 1, 0, 0, 0, 0, 0, 0, 0, 0, 0, 0, 0, 0, 0, 0, 0, 0, 0, 0, 0, 0, 0, 0, 0, 0, 0, 0, 0, 0, 0]}