{"RTG": [10, 9, 8, 7, 6, 5, 4, 3, 2, 1, 0, 0, 0, 0, 0, 0, 0, 0, 0, 0, 0, 0, 0, 0, 0, 0, 0, 0, 0, 0, 0, 0, 0, 0, 0, 0, 0, 0, 0, 0, 0, 0, 0, 0, 0, 0, 0, 0, 0, 0, 0, 0], "S": [0, -0.49352352380335235, -0.5681424030680832, 0.2045054376024882, -0.5973820916024358, 0.377304667011703, 1.3644503580708482, 0.587534579924061, 1.7290264375923594, 1.9816540052700344, 2.593288167724146, 2.6730387989219673, 0.5804748080628606, -1.0754068804073755, 0.6800540626825456, 0.5544970678689413, 0.7360187314858049, 0.7450548739706984, 0.7810947647226019, 0.7352255488802192, 0.9215906391411742, -0.6958626735149382, 0.28265279438418606, 1.1718425673152988, 0.4633443805678566, 0.9001162474095208, 1.1602292902251623, 1.2473233634412009, 1.158880316031669, 0.2360780316584261, -2.078054622311628, 0.015058671514919365, 0.39342310011908804, 1.1988872073150763, -1.2384763947727195, 1.1551915578798113, 0.09060725392395028, -0.4064917918700017, 0.438911988125878, -0.22824474011416213, 2.199560797986056, -0.7657231146818407, 0.7957554899833702, -0.7985100098253909, 1.2628973292464318, 0.7871845460010397, 1.1413307041700922, 0.4166613326088767, -0.19572881840451012, 0.6284470719106436, 1.3265893946558156, -1.3264683727487805], "A": [3.65, 0.0, 0.855, 0.9450000000000001, 0.8150000000000001, 1.805, 1.845, 1.7850000000000001, 1.77, 1.72, 1.695, 2.275, 2.45, 2.1350000000000002, 4.495, 4.675, 4.845, 5.0, 4.3, 4.13, 3.97, 3.06, 3.275, 3.4, 2.83, 2.695, 0.41500000000000004, 0.54, 0.265, 1.29, 3.18, 2.94, 0.65, 3.8000000000000003, 2.6, 1.47, 0.135, 1.12, 4.3950000000000005, 4.21, 3.525, 4.76, 2.045, 0.35000000000000003, 4.585, 2.21, 4.9350000000000005, 1.19, 1.555, 2.7600000000000002, 3.89, 0], "R": [1, 1, 1, 1, 1, 1, 1, 1, 1, 1, 0, 0, 0, 0, 0, 0, 0, 0, 0, 0, 0, 0, 0, 0, 0, 0, 0, 0, 0, 0, 0, 0, 0, 0, 0, 0, 0, 0, 0, 0, 0, 0, 0, 0, 0, 0, 0, 0, 0, 0, 0, 0]}