{"RTG": [22, 21, 20, 19, 18, 17, 16, 15, 14, 13, 12, 11, 10, 9, 8, 7, 6, 5, 4, 3, 2, 1, 0, 0, 0, 0, 0, 0, 0, 0, 0, 0, 0, 0, 0, 0, 0, 0, 0, 0, 0, 0, 0, 0, 0, 0, 0, 0, 0, 0, 0, 0], "S": [0, -0.9561600736877052, -0.5681424030680832, 0.1642534074841468, -0.6092041357060602, 0.3680109104289028, 0.4949049722078865, 1.1832205329391008, 1.1914882796809394, -2.2383187886964397, 0.49115730678697345, 0.5821843027492473, -0.1861306929802691, 1.1602292902251623, 1.154923932830813, 0.3327416839338406, -0.6929902457178543, 0.7861115957725884, 0.4166613326088767, 0.7063621804743907, 0.7417519397012445, 0.2454218611888777, -0.7609918060846543, 2.6640935024130794, 2.486335711065681, 2.5551020877188306, 0.6560959005237793, 0.26116185121244917, 2.0286591678260097, 1.8594942356609157, 0.9985969048852414, -1.0364517181494661, 1.2473233634412009, -0.5519999276125631, 0.42103107830772674, 0.3165938873653324, 1.1065611909486615, 0.3027282790335336, -0.19947597225900737, 0.1134268335735682, 1.1718425673152988, -1.204898730905284, 0.7810947647226019, 1.2198638448838093, -1.3264683727487805, 1.2341595925880817, -0.4438624640970557, -0.4757085314032074, 0.8095437992284806, 0.3643491653233505, 0.025247930055477295, -0.4572802851966546], "A": [2.0300000000000002, 0.0, 0.86, 0.96, 0.8200000000000001, 0.76, 0.66, 0.63, 1.32, 2.875, 3.015, 3.16, 2.695, 2.645, 2.535, 3.995, 4.835, 4.9350000000000005, 4.72, 4.565, 4.45, 3.5700000000000003, 1.69, 1.665, 1.725, 0.29, 2.295, 4.235, 4.17, 3.36, 3.7800000000000002, 0.41500000000000004, 0.155, 1.1300000000000001, 4.32, 2.18, 1.5050000000000001, 3.4450000000000003, 1.87, 3.275, 2.415, 5.0, 0.495, 3.89, 2.79, 3.6750000000000003, 1.205, 4.64, 2.115, 4.095, 1.43, 0], "R": [1, 1, 1, 1, 1, 1, 1, 1, 1, 1, 1, 1, 1, 1, 1, 1, 1, 1, 1, 1, 1, 1, 0, 0, 0, 0, 0, 0, 0, 0, 0, 0, 0, 0, 0, 0, 0, 0, 0, 0, 0, 0, 0, 0, 0, 0, 0, 0, 0, 0, 0, 0]}