{"RTG": [25, 24, 23, 22, 21, 20, 19, 18, 17, 16, 15, 14, 13, 12, 11, 10, 9, 8, 7, 6, 5, 4, 3, 2, 1, 0, 0, 0, 0, 0, 0, 0, 0, 0, 0, 0, 0, 0, 0, 0, 0, 0, 0, 0, 0, 0, 0, 0, 0, 0, 0, 0], "S": [0, 0.7016149151198066, 0.7582537177375791, 0.7765038309941795, 0.5544970678689413, 0.7220419228172474, 0.4166613326088767, 0.5176853876426791, 2.186387029405289, 1.9421985709844345, -0.5681424030680832, 0.27208023610146237, 0.0866432673157289, 1.1971315791461121, 1.1935643644957392, 1.3014072903111207, 0.06518168505993671, -2.2362571854591744, 1.0814212867534516, 0.26116185121244917, -0.7349959441494497, -0.26899053000129997, -0.5628831503192052, 1.2766244561205646, 0.849990625769365, 1.1712103381729184, 2.6462676611234475, 2.648718288939445, 1.4202812468229182, 0.7554559803553068, -1.4389975327009001, -0.7197448335686071, 0.5340475232331015, 0.783357385465521, -0.5960565376578272, 1.2009822841548368, 0.7008456084275234, -0.32750870905583246, 0.22387517807153576, -0.7251050469638722, -0.7011682182012821, 0.09060725392395028, 1.2218576619033426, -0.5973820916024358, 0.7810947647226019, -0.8275862870460531, 1.129227959703775, 0.37860667503134976, 1.05823352995558, -0.1681685232451838, -1.0846614795250824, 2.2096243099566566], "A": [4.715, 4.665, 4.58, 4.495, 4.8500000000000005, 4.9350000000000005, 4.3100000000000005, 4.2, 4.175, 0.0, 0.845, 1.05, 0.635, 0.52, 0.37, 0.255, 1.315, 2.1750000000000003, 2.295, 2.05, 3.145, 3.63, 2.73, 2.835, 2.605, 1.685, 1.71, 1.605, 3.38, 3.875, 2.48, 2.975, 1.835, 3.485, 3.2800000000000002, 0.73, 0.125, 1.16, 4.0200000000000005, 3.745, 1.47, 0.44, 0.9450000000000001, 5.0, 1.935, 2.665, 3.0500000000000003, 2.23, 4.405, 1.4000000000000001, 1.7550000000000001, 0], "R": [1, 1, 1, 1, 1, 1, 1, 1, 1, 1, 1, 1, 1, 1, 1, 1, 1, 1, 1, 1, 1, 1, 1, 1, 1, 0, 0, 0, 0, 0, 0, 0, 0, 0, 0, 0, 0, 0, 0, 0, 0, 0, 0, 0, 0, 0, 0, 0, 0, 0, 0, 0]}