{"RTG": [22, 21, 20, 19, 18, 17, 16, 15, 14, 13, 12, 11, 10, 9, 8, 7, 6, 5, 4, 3, 2, 1, 0, 0, 0, 0, 0, 0, 0, 0, 0, 0, 0, 0, 0, 0, 0, 0, 0, 0, 0, 0, 0, 0, 0, 0, 0, 0, 0, 0, 0, 0], "S": [0, 0.8934834654088644, 1.1490434588248564, 0.9720001096732416, -0.5681424030680832, 0.32211413453554105, -0.3935566625341845, 1.072987484673177, 1.184145623379665, 1.1348906924437472, 1.2200896781036197, 1.2881202542280985, 1.0000009442743154, -0.27455451950087434, -0.6958626735149382, 0.8188852879171115, 0.41543750807331425, 0.6989865678173576, 0.6951830673805045, -0.08895775174841293, 0.7456394742923096, -0.06805584798382577, 2.539316846348272, 2.6730387989219673, 2.13684204514209, 1.2243412031117622, 0.7997946265823738, 0.9730814183255039, -0.7799098430293636, -1.2153810007194785, 2.186387029405289, 1.314995406442874, 1.620324142494948, -0.8835498934886132, 1.260659837942881, -0.9194276956093578, -1.0754068804073755, 0.5143621100491487, -0.5519999276125631, 0.4633443805678566, 0.7801908353249076, 0.43977288007454873, 0.7810947647226019, 1.154923932830813, -0.47945674206180294, 0.8250163897131615, -1.4389975327009001, -1.968180204763193, -0.7985100098253909, -0.36042160659606265, -0.11355670144341846, 0.46043837533281906], "A": [2.25, 2.205, 2.16, 0.0, 0.835, 1.0, 0.685, 0.625, 0.555, 0.445, 0.39, 0.315, 3.125, 3.97, 4.825, 4.93, 4.71, 4.545, 4.415, 1.565, 1.455, 1.67, 1.695, 1.76, 2.715, 2.84, 2.575, 3.535, 1.24, 4.2, 4.1450000000000005, 4.26, 3.765, 3.3200000000000003, 1.945, 2.45, 2.97, 0.155, 3.4, 3.235, 1.115, 5.0, 2.645, 3.6550000000000002, 4.625, 3.875, 1.355, 2.045, 0.91, 0.075, 3.04, 0], "R": [1, 1, 1, 1, 1, 1, 1, 1, 1, 1, 1, 1, 1, 1, 1, 1, 1, 1, 1, 1, 1, 1, 0, 0, 0, 0, 0, 0, 0, 0, 0, 0, 0, 0, 0, 0, 0, 0, 0, 0, 0, 0, 0, 0, 0, 0, 0, 0, 0, 0, 0, 0]}