{"RTG": [5, 4, 3, 2, 1, 0, 0, 0, 0, 0, 0, 0, 0, 0, 0, 0, 0, 0, 0, 0, 0, 0, 0, 0, 0, 0, 0, 0, 0, 0, 0, 0, 0, 0, 0, 0, 0, 0, 0, 0, 0, 0, 0, 0, 0, 0, 0, 0, 0, 0, 0, 0], "S": [0, 0.29901449907859046, 1.7290264375923594, 2.13684204514209, 2.404467632602444, 2.593288167724146, 2.6640935024130794, -0.5681424030680832, 1.2423047404347072, 0.7500898340417048, 1.024040463667378, -1.1987220633160474, 0.4215588852672501, 0.9022883692297691, 0.4633443805678566, -0.5821590646936314, 0.41171617023787066, 0.7582537177375791, 0.8036415820234936, 0.7810947647226019, 1.620324142494948, 1.555179369689812, -0.7078722906587652, 0.377304667011703, 1.1664614388095813, 1.2230482233664581, 1.1460939208731853, -0.598610461628525, -0.05613805381416219, -2.078054622311628, 0.8710105674086935, -1.2849974428615545, -0.17456529408862, 0.8934834654088644, 0.8771817164369324, 0.7535780975912624, -0.24866560631437654, 0.4109152650008146, -0.009124780770441163, -0.5281913749203656, 0.42396904460622875, -0.7250333914407979, -0.7349959441494497, 0.35049370059763607, 1.2722439051238437, 1.154923932830813, 1.260659837942881, 2.1990799042829505, -0.1285737335390223, 0.7690116833676693, -1.182399402186969, 0.493019990916102], "A": [1.86, 1.7850000000000001, 1.76, 1.74, 1.72, 1.69, 0.0, 2.72, 2.845, 2.58, 2.41, 3.045, 3.245, 3.4, 3.625, 4.47, 4.665, 4.83, 5.0, 4.26, 4.155, 4.005, 0.8150000000000001, 0.615, 0.48, 0.33, 0.2, 1.035, 1.29, 2.15, 3.805, 4.355, 2.25, 0.71, 4.57, 3.15, 2.945, 1.46, 0.93, 4.92, 3.5100000000000002, 2.05, 1.145, 0.4, 2.645, 3.3200000000000003, 4.205, 0.09, 4.75, 3.9050000000000002, 1.54, 0], "R": [1, 1, 1, 1, 1, 0, 0, 0, 0, 0, 0, 0, 0, 0, 0, 0, 0, 0, 0, 0, 0, 0, 0, 0, 0, 0, 0, 0, 0, 0, 0, 0, 0, 0, 0, 0, 0, 0, 0, 0, 0, 0, 0, 0, 0, 0, 0, 0, 0, 0, 0, 0]}