{"RTG": [9, 8, 7, 6, 5, 4, 3, 2, 1, 0, 0, 0, 0, 0, 0, 0, 0, 0, 0, 0, 0, 0, 0, 0, 0, 0, 0, 0, 0, 0, 0, 0, 0, 0, 0, 0, 0, 0, 0, 0, 0, 0, 0, 0, 0, 0, 0, 0, 0, 0, 0, 0], "S": [0, -0.17456529408862, -0.5681424030680832, 0.2404961358400748, -0.5573659080551784, 0.377304667011703, 1.550053509588688, 0.8814861408638388, 1.899839506890742, 2.13684204514209, 2.648718288939445, 1.2599296432649467, 0.7014264433005017, 1.0675806827655183, -1.2050087939706549, 0.3321029361393006, 1.1380356008066348, 0.38641500747199387, 0.7810947647226019, 0.7665022349198103, 0.7582537177375791, -1.4664759182334537, 1.2636906207954577, 1.176806974670785, 0.1500898090710972, -2.18235760737755, 1.1870405829024617, -0.6592004082044743, 0.9720001096732416, 0.6612033019948327, -0.6737740081427814, 2.1300292046727938, -0.043400782201073435, 0.6284470719106436, 1.2005613140987013, 0.8399611402853264, 0.4035438731462402, 0.4302381124583138, -0.36679091592001095, -0.6664423878806288, -0.5915936314210155, 0.42396904460622875, 1.1464646165049321, 0.7690116833676693, -0.6800648534759454, -0.6833665323328018, 2.539316846348272, 1.2154017406227207, -0.1333343676888655, 1.4124672145230344, 0.0866432673157289, 1.2256976844807996], "A": [4.355, 0.0, 0.85, 0.935, 0.8150000000000001, 1.795, 1.83, 1.7750000000000001, 1.76, 1.71, 2.725, 2.85, 2.585, 2.42, 3.055, 3.27, 3.4050000000000002, 5.0, 4.84, 4.665, 3.87, 0.405, 0.53, 0.26, 1.335, 4.14, 3.605, 2.16, 4.53, 4.045, 4.225, 3.1750000000000003, 1.555, 0.64, 2.255, 1.135, 2.95, 0.13, 2.055, 3.73, 4.92, 2.65, 4.75, 1.215, 3.5, 1.67, 0.34, 1.45, 4.2700000000000005, 1.05, 3.33, 0], "R": [1, 1, 1, 1, 1, 1, 1, 1, 1, 0, 0, 0, 0, 0, 0, 0, 0, 0, 0, 0, 0, 0, 0, 0, 0, 0, 0, 0, 0, 0, 0, 0, 0, 0, 0, 0, 0, 0, 0, 0, 0, 0, 0, 0, 0, 0, 0, 0, 0, 0, 0, 0]}