{"RTG": [10, 9, 8, 7, 6, 5, 4, 3, 2, 1, 0, 0, 0, 0, 0, 0, 0, 0, 0, 0, 0, 0, 0, 0, 0, 0, 0, 0, 0, 0, 0, 0, 0, 0, 0, 0, 0, 0, 0, 0, 0, 0, 0, 0, 0, 0, 0, 0, 0, 0, 0, 0], "S": [0, 1.1514880559381484, 1.1914882796809394, 1.1501940146532572, 1.219269979845113, 1.2881202542280985, 1.0000009442743154, 0.377304667011703, -0.13120091854260618, 2.198622511720558, 2.583789023717434, 2.6732740673741575, -0.7758314779013478, 1.2829686885252671, 0.35893135363273554, 1.1464646165049321, -0.7197448335686071, -0.5915936314210155, 0.7652276639764811, 0.7318721648963916, -0.2009931560051553, 0.42396904460622875, 1.2599255689740672, -0.0968313948440262, 0.2318331862051065, -0.032732204163866366, -0.3605851279422107, 1.1490434588248564, -1.621789297070172, -0.30250143554770165, 0.18863804225015912, -0.0017655707758112728, -1.182399402186969, 2.0286591678260097, -0.7506979107943184, 2.0751036904311593, 0.7810947647226019, 0.5243572241097797, -0.6433226681011133, 1.7290264375923594, 0.780918615055049, -0.5681424030680832, 1.2243412031117622, -0.4088659150438583, 0.2560876713757903, 0.8188852879171115, 0.42661607931867784, -1.3691595699046264, 0.5176853876426791, 0.8492731788192288, 1.0942090702771463, 0.5544970678689413], "A": [0.67, 0.63, 0.545, 0.455, 0.39, 0.315, 0.8150000000000001, 0.065, 1.645, 1.675, 1.7, 1.93, 2.7800000000000002, 2.9050000000000002, 2.65, 2.48, 3.73, 4.575, 4.735, 4.4, 4.92, 3.295, 3.17, 3.415, 1.18, 4.075, 2.205, 1.375, 1.01, 2.105, 2.31, 3.9050000000000002, 4.235, 3.575, 4.1850000000000005, 5.0, 3.0300000000000002, 0.18, 1.7850000000000001, 4.655, 0.0, 2.715, 0.915, 1.495, 4.825, 1.105, 3.815, 4.3100000000000005, 2.565, 3.35, 4.495, 0], "R": [1, 1, 1, 1, 1, 1, 1, 1, 1, 1, 0, 0, 0, 0, 0, 0, 0, 0, 0, 0, 0, 0, 0, 0, 0, 0, 0, 0, 0, 0, 0, 0, 0, 0, 0, 0, 0, 0, 0, 0, 0, 0, 0, 0, 0, 0, 0, 0, 0, 0, 0, 0]}