{"RTG": [5, 4, 3, 2, 1, 0, 0, 0, 0, 0, 0, 0, 0, 0, 0, 0, 0, 0, 0, 0, 0, 0, 0, 0, 0, 0, 0, 0, 0, 0, 0, 0, 0, 0, 0, 0, 0, 0, 0, 0, 0, 0, 0, 0, 0, 0, 0, 0, 0, 0, 0, 0], "S": [0, 0.384592971877546, -0.03201196311671608, 0.47240745786319704, 2.404467632602444, 1.9816540052700344, 2.6246497070519292, 2.6194882783227276, -0.9561600736877052, 0.45867151981736537, 0.17769761202432371, 1.1485285121397457, 0.6982589645466594, -0.7495170589353438, 1.2704887200104722, -0.1336677750241096, 0.5033711967483209, 0.8479373402835767, 0.2454218611888777, 1.1870405829024617, -0.7001124557070517, 0.7002211277137405, 0.6466991670257178, -0.5681424030680832, 1.2722439051238437, 0.49295855336629363, 1.185463162109889, -1.7120879587304418, 0.7810947647226019, -0.5109588790481822, 0.7871845460010397, 0.1321564168933086, 0.25207635626420094, 1.1484487020849217, -0.4836500766001137, 1.2829686885252671, -1.512229542652904, -0.7253309927571581, 1.1756294449900588, 2.1880040451103517, -0.8626716533395865, 0.8399611402853264, -1.414747719560874, 0.8478622810701648, -0.5980416703876035, 0.3146398464699526, 0.5519536381881391, 0.8127354545276446, 0.6369849008242138, 1.219837753571638, 0.8848719625808373, 0.4307974516011793], "A": [0.81, 0.88, 0.765, 1.74, 1.77, 1.715, 1.68, 2.0300000000000002, 2.88, 3.0700000000000003, 2.69, 2.555, 2.355, 3.315, 3.44, 3.215, 4.295, 4.45, 4.14, 4.0, 4.7, 4.865, 0.0, 0.4, 0.28, 0.525, 1.2650000000000001, 5.0, 3.715, 4.585, 1.475, 1.07, 2.195, 0.145, 2.7800000000000002, 3.845, 3.585, 0.62, 4.215, 2.47, 2.255, 1.385, 4.785, 1.915, 1.1500000000000001, 2.98, 1.57, 4.5200000000000005, 0.46, 3.37, 4.945, 0], "R": [1, 1, 1, 1, 1, 0, 0, 0, 0, 0, 0, 0, 0, 0, 0, 0, 0, 0, 0, 0, 0, 0, 0, 0, 0, 0, 0, 0, 0, 0, 0, 0, 0, 0, 0, 0, 0, 0, 0, 0, 0, 0, 0, 0, 0, 0, 0, 0, 0, 0, 0, 0]}