{"RTG": [23, 22, 21, 20, 19, 18, 17, 16, 15, 14, 13, 12, 11, 10, 9, 8, 7, 6, 5, 4, 3, 2, 1, 0, 0, 0, 0, 0, 0, 0, 0, 0, 0, 0, 0, 0, 0, 0, 0, 0, 0, 0, 0, 0, 0, 0, 0, 0, 0, 0, 0, 0], "S": [0, -0.7762990261304845, -0.5681424030680832, 0.1642534074841468, -0.6092041357060602, 0.3680109104289028, 0.4949049722078865, 1.1832205329391008, 1.1914882796809394, -2.2383187886964397, 1.0814212867534516, 1.0245921516336474, -0.4345148689017537, -0.1681685232451838, 0.37011310999987346, 1.3049009603131116, 1.1740795034056069, 1.2607647850267172, -0.074182758754499, 0.7810947647226019, 0.5209078855902575, 0.7170916018157362, 0.7871845460010397, -0.6929902457178543, 2.6730387989219673, 2.593288167724146, 2.1109965038009197, 0.5754088667607283, 0.6560959005237793, 0.9985969048852414, 2.199560797986056, 1.555179369689812, -1.0364517181494661, 1.3027192822091056, 1.2473233634412009, 0.12372982621026657, 0.1134268335735682, -0.5519999276125631, 0.42103107830772674, -1.0370239909719803, 0.23008588075507877, -0.19947597225900737, 0.8478622810701648, 1.2198638448838093, -0.4438624640970557, 0.5747902204568268, -1.2809619500582092, -0.4757085314032074, 1.2450646428424186, -1.054315683292044, 0.5891517867554916, 1.132872154906867], "A": [3.56, 0.0, 0.86, 0.96, 0.8200000000000001, 0.76, 0.66, 0.63, 1.32, 2.1750000000000003, 2.235, 2.07, 4.405, 2.9, 2.74, 2.7, 2.785, 2.515, 5.0, 4.89, 4.6850000000000005, 4.585, 3.995, 1.695, 1.72, 1.6400000000000001, 3.22, 0.29, 3.36, 4.21, 4.155, 3.7800000000000002, 4.275, 0.41500000000000004, 3.075, 1.87, 0.155, 1.1300000000000001, 2.38, 1.49, 3.4450000000000003, 4.785, 0.495, 3.6750000000000003, 4.5, 3.895, 1.205, 3.29, 1.965, 2.995, 2.595, 0], "R": [1, 1, 1, 1, 1, 1, 1, 1, 1, 1, 1, 1, 1, 1, 1, 1, 1, 1, 1, 1, 1, 1, 1, 0, 0, 0, 0, 0, 0, 0, 0, 0, 0, 0, 0, 0, 0, 0, 0, 0, 0, 0, 0, 0, 0, 0, 0, 0, 0, 0, 0, 0]}