{"RTG": [23, 22, 21, 20, 19, 18, 17, 16, 15, 14, 13, 12, 11, 10, 9, 8, 7, 6, 5, 4, 3, 2, 1, 0, 0, 0, 0, 0, 0, 0, 0, 0, 0, 0, 0, 0, 0, 0, 0, 0, 0, 0, 0, 0, 0, 0, 0, 0, 0, 0, 0, 0], "S": [0, 0.4035438731462402, 0.25207635626420094, -0.5765074546122056, -0.5681424030680832, -0.35007698439985496, 0.3496659885000683, 0.5942894159677002, 0.23093654685116718, -0.8865485997154794, 0.8564619056302556, 0.7450548739706984, 0.7216939239772742, 0.6494093557430308, 0.10058988888118321, 0.8132786627774347, 1.1935643644957392, 1.128847864961221, 1.2200896781036197, 1.3014072903111207, 0.8758965088053228, -0.6399272688825074, -0.7057535105063594, 2.539316846348272, 2.6732740673741575, 2.3438345106132012, 2.1614265129414165, 1.0554799424175512, 1.7165118520294746, 0.40772630398627313, -0.5613504714487526, 1.1740795034056069, 0.1321564168933086, 0.6517420719044649, 1.2599255689740672, 0.7810947647226019, -0.5980416703876035, 0.8219396147231978, 1.1867253408604772, -0.2548394412801817, -0.4457386208748614, 1.1260754615276558, 0.2847659930484283, -1.7182524106449804, 1.0392373462346414, 1.2033515197286617, -1.4647684387382283, -0.6016781995881259, 0.8854292108061834, -0.9374506081177982, -0.7213855572269114, 0.4307974516011793], "A": [1.135, 1.07, 1.21, 0.0, 2.075, 2.915, 3.0, 3.065, 3.935, 4.8, 4.845, 4.73, 4.525, 4.4350000000000005, 4.6000000000000005, 0.52, 0.56, 0.445, 0.37, 0.305, 2.485, 3.505, 1.67, 1.7, 1.745, 4.195, 4.135, 4.255, 0.79, 3.725, 2.7, 1.475, 2.27, 3.295, 5.0, 1.915, 3.375, 2.615, 0.9, 0.14, 2.185, 3.2, 1.37, 0.6900000000000001, 2.795, 3.83, 3.62, 1.575, 2.37, 4.03, 4.945, 0], "R": [1, 1, 1, 1, 1, 1, 1, 1, 1, 1, 1, 1, 1, 1, 1, 1, 1, 1, 1, 1, 1, 1, 1, 0, 0, 0, 0, 0, 0, 0, 0, 0, 0, 0, 0, 0, 0, 0, 0, 0, 0, 0, 0, 0, 0, 0, 0, 0, 0, 0, 0, 0]}