{"RTG": [23, 22, 21, 20, 19, 18, 17, 16, 15, 14, 13, 12, 11, 10, 9, 8, 7, 6, 5, 4, 3, 2, 1, 0, 0, 0, 0, 0, 0, 0, 0, 0, 0, 0, 0, 0, 0, 0, 0, 0, 0, 0, 0, 0, 0, 0, 0, 0, 0, 0, 0, 0], "S": [0, -0.6664423878806288, -0.5681424030680832, 0.1642534074841468, -0.6092041357060602, 0.3680109104289028, 0.4949049722078865, 1.1832205329391008, 1.1914882796809394, -2.2383187886964397, 0.3857365692963434, 0.37860667503134976, 1.2423047404347072, 1.1326765301622912, 1.313771510494162, 0.43020799552765826, 0.21347584363378308, -0.7250333914407979, -0.17456529408862, 0.7810947647226019, 0.5209078855902575, 0.7259718516629005, 0.7535780975912624, -0.8086308259890348, 2.665056914615652, 2.510577190859736, 2.486335711065681, 0.6560959005237793, -0.0017655707758112728, 1.7668558624147594, 0.025247930055477295, 2.084491255479688, -0.661659592454025, 1.2473233634412009, 1.1701627407828141, -0.5519999276125631, -0.3116150948341032, 0.42103107830772674, 0.3476295436147299, 1.1400171087098125, 0.8405098459569589, 0.4462543804591722, -1.186829352316274, -0.5628831503192052, 1.2198638448838093, 0.38641500747199387, -1.512229542652904, -0.4757085314032074, -0.3672731553529204, 1.1380356008066348, 0.5519536381881391, 0.6068916248446233], "A": [2.055, 0.0, 0.86, 0.96, 0.8200000000000001, 0.76, 0.66, 0.63, 1.32, 2.895, 3.0500000000000003, 2.72, 2.68, 2.77, 2.54, 3.1950000000000003, 3.5100000000000002, 4.355, 5.0, 4.89, 4.68, 4.57, 3.9450000000000003, 1.705, 1.73, 1.665, 0.29, 2.31, 4.165, 4.095, 4.23, 3.74, 0.41500000000000004, 3.34, 0.155, 1.895, 1.1300000000000001, 1.5150000000000001, 2.19, 4.78, 4.4750000000000005, 2.43, 3.63, 0.495, 3.4050000000000002, 3.845, 1.205, 1.435, 3.27, 2.98, 2.13, 0], "R": [1, 1, 1, 1, 1, 1, 1, 1, 1, 1, 1, 1, 1, 1, 1, 1, 1, 1, 1, 1, 1, 1, 1, 0, 0, 0, 0, 0, 0, 0, 0, 0, 0, 0, 0, 0, 0, 0, 0, 0, 0, 0, 0, 0, 0, 0, 0, 0, 0, 0, 0, 0]}