{"RTG": [33, 32, 31, 30, 29, 28, 27, 26, 25, 24, 23, 22, 21, 20, 19, 18, 17, 16, 15, 14, 13, 12, 11, 10, 9, 8, 7, 6, 5, 4, 3, 2, 1, 0, 0, 0, 0, 0, 0, 0, 0, 0, 0, 0, 0, 0, 0, 0, 0, 0, 0, 0], "S": [0, 0.00646266035523254, 0.21347584363378308, -0.16817882155834474, 0.9578542139492628, 1.1718425673152988, 0.3659378656084991, 1.2918036410372127, 1.1602292902251623, 1.2607647850267172, -0.074182758754499, -0.5681424030680832, 0.2045054376024882, 0.0866432673157289, 1.1929647133334638, 1.1398863076022887, 1.2207514698396822, 1.2722439051238437, 1.0542425639738024, 0.7008456084275234, -0.598610461628525, -1.1958523683721816, 1.190400491309068, 0.0596368921205919, 1.8063011458935552, 2.0286591678260097, 2.1646963807230764, 0.7810947647226019, 0.6977617291854273, 0.7259718516629005, -1.054315683292044, -0.984767779832423, 0.7817142987958644, 2.6194882783227276, 2.665056914615652, 2.13684204514209, 0.7299093747335014, 0.8124124524666402, -0.3782782412797233, -0.7486598192425545, -0.6772614302070163, 0.7456394742923096, -1.0370239909719803, -0.611716481250362, 0.8205579041063652, -0.5157422423457501, -0.1285737335390223, -2.1283174002063725, -0.6048098286998949, -0.44151905624948234, 0.421746209599056, 0.3941168188128473], "A": [3.43, 3.1950000000000003, 3.105, 3.25, 3.275, 2.93, 2.735, 2.695, 2.785, 2.515, 0.0, 0.855, 1.05, 0.655, 0.6, 0.465, 0.4, 0.32, 0.73, 0.2, 1.395, 4.28, 4.335, 4.25, 4.235, 4.22, 5.0, 4.855, 4.68, 1.965, 3.775, 2.2600000000000002, 1.68, 1.705, 1.76, 4.5600000000000005, 2.145, 1.2, 3.955, 3.6, 1.565, 2.38, 0.9550000000000001, 4.7700000000000005, 2.065, 0.09, 1.295, 4.055, 3.685, 4.94, 1.855, 0], "R": [1, 1, 1, 1, 1, 1, 1, 1, 1, 1, 1, 1, 1, 1, 1, 1, 1, 1, 1, 1, 1, 1, 1, 1, 1, 1, 1, 1, 1, 1, 1, 1, 1, 0, 0, 0, 0, 0, 0, 0, 0, 0, 0, 0, 0, 0, 0, 0, 0, 0, 0, 0]}