{"RTG": [15, 14, 13, 12, 11, 10, 9, 8, 7, 6, 5, 4, 3, 2, 1, 0, 0, 0, 0, 0, 0, 0, 0, 0, 0, 0, 0, 0, 0, 0, 0, 0, 0, 0, 0, 0, 0, 0, 0, 0, 0, 0, 0, 0, 0, 0, 0, 0, 0, 0, 0, 0], "S": [0, 1.1302751163004074, 1.3223751932371433, 1.2423047404347072, -0.5681424030680832, 0.2992456858903939, -0.2543664896025655, 1.1514880559381484, 1.1398863076022887, 1.2230482233664581, 1.2552709899027514, 1.0000009442743154, 0.587534579924061, -1.1095620561736692, 2.3438345106132012, 2.593288167724146, 2.6640935024130794, 0.04365670661903363, -0.4672195710409025, 0.5928665680352182, 0.7259718516629005, 0.6977617291854273, 0.41465958780389967, 0.7810947647226019, 0.38850455016500957, -0.9785792591984844, 0.8429601913364685, -0.034142590711439366, 0.6136213460770834, -1.1142781305849165, -1.320838392830492, -0.6238152741688394, 1.1400171087098125, -0.7413584525528033, 0.7769529835142928, 2.199560797986056, -1.1394990942280583, 0.49351587614176184, 0.7970323007868108, 0.3643491653233505, 0.9635249207235376, 0.438911988125878, 1.2752776432954898, 0.5804748080628606, 0.8313089284247416, 0.4949049722078865, -1.808714120923141, 1.8888071569415663, -0.11299887448909537, 0.421746209599056, -0.5550393478506724, -0.5281913749203656], "A": [2.805, 2.765, 2.72, 0.0, 0.84, 1.0150000000000001, 0.67, 0.6, 0.48, 0.41000000000000003, 0.315, 1.845, 1.98, 1.745, 1.72, 1.69, 1.465, 3.66, 4.505, 4.68, 4.855, 4.315, 5.0, 4.11, 3.9250000000000003, 3.24, 3.09, 3.39, 2.39, 1.245, 0.17, 2.19, 3.515, 2.56, 4.21, 3.79, 2.965, 4.59, 2.115, 1.58, 1.12, 3.31, 2.275, 4.775, 0.76, 1.365, 4.245, 0.08, 4.94, 2.49, 0.93, 0], "R": [1, 1, 1, 1, 1, 1, 1, 1, 1, 1, 1, 1, 1, 1, 1, 0, 0, 0, 0, 0, 0, 0, 0, 0, 0, 0, 0, 0, 0, 0, 0, 0, 0, 0, 0, 0, 0, 0, 0, 0, 0, 0, 0, 0, 0, 0, 0, 0, 0, 0, 0, 0]}