{"RTG": [25, 24, 23, 22, 21, 20, 19, 18, 17, 16, 15, 14, 13, 12, 11, 10, 9, 8, 7, 6, 5, 4, 3, 2, 1, 0, 0, 0, 0, 0, 0, 0, 0, 0, 0, 0, 0, 0, 0, 0, 0, 0, 0, 0, 0, 0, 0, 0, 0, 0, 0, 0], "S": [0, 0.718905993062926, 1.1283506934188439, 1.1065611909486615, -0.5681424030680832, 0.2045054376024882, 0.040343652882350874, 1.1694360114222457, 1.184145623379665, 1.176806974670785, 1.219837753571638, 1.294516094678491, 1.0542425639738024, -2.201677621553729, -0.2338234595287891, -0.8865485997154794, 0.8205579041063652, 0.5946153418392212, 0.8011459087892528, 0.6090386641418352, -0.12888793902105405, 1.2423047404347072, 1.313771510494162, 0.7997946265823738, -0.7057535105063594, 2.3438345106132012, 2.6246497070519292, 2.6462676611234475, 0.028266080697662052, 1.555179369689812, 1.2699450427223564, 0.493019990916102, -0.5109588790481822, -1.0269167683512421, 0.7810947647226019, -0.2767185250323555, 2.1300292046727938, -0.5519999276125631, 0.7554559803553068, 0.5674801530142803, 0.27244383499665203, -1.204898730905284, -1.4056490068099121, -0.6211852992102556, 0.5754088667607283, 1.1867253408604772, -0.3672731553529204, 0.4534819021847498, -0.5157422423457501, -0.611716481250362, 0.7652276639764811, 0.4903847194743459], "A": [2.265, 2.215, 2.18, 0.0, 0.855, 1.045, 0.665, 0.625, 0.53, 0.46, 0.385, 0.32, 1.305, 3.115, 3.935, 4.7700000000000005, 4.875, 4.6450000000000005, 4.51, 4.3500000000000005, 2.72, 2.77, 2.84, 3.505, 1.745, 1.715, 1.685, 2.52, 4.155, 3.3000000000000003, 1.54, 3.715, 1.96, 5.0, 4.08, 4.225, 0.155, 3.38, 2.985, 1.155, 2.415, 3.8200000000000003, 3.615, 3.22, 2.615, 1.435, 0.77, 2.065, 0.9550000000000001, 4.575, 1.85, 0], "R": [1, 1, 1, 1, 1, 1, 1, 1, 1, 1, 1, 1, 1, 1, 1, 1, 1, 1, 1, 1, 1, 1, 1, 1, 1, 0, 0, 0, 0, 0, 0, 0, 0, 0, 0, 0, 0, 0, 0, 0, 0, 0, 0, 0, 0, 0, 0, 0, 0, 0, 0, 0]}