{"RTG": [24, 23, 22, 21, 20, 19, 18, 17, 16, 15, 14, 13, 12, 11, 10, 9, 8, 7, 6, 5, 4, 3, 2, 1, 0, 0, 0, 0, 0, 0, 0, 0, 0, 0, 0, 0, 0, 0, 0, 0, 0, 0, 0, 0, 0, 0, 0, 0, 0, 0, 0, 0], "S": [0, -0.7495170589353438, -0.5681424030680832, 0.1642534074841468, -0.6092041357060602, 0.3680109104289028, 0.4949049722078865, 1.1832205329391008, 1.1914882796809394, -2.2383187886964397, 0.2847659930484283, 0.8219396147231978, -0.5197320190323577, 1.2752776432954898, 0.3165938873653324, 0.5317048528935276, 0.8164466281105316, 0.7690116833676693, 0.5209078855902575, 1.0554799424175512, -0.5574404173745552, 2.014262628658444, 2.186387029405289, 0.4903847194743459, -0.9971860540038541, 2.6730387989219673, 2.486335711065681, 2.5551020877188306, 1.2829686885252671, 1.133107637799685, 0.35682762061356665, -1.1394990942280583, 0.6560959005237793, 1.2473233634412009, 0.2326502036687028, 0.7810947647226019, -0.5519999276125631, 1.1484487020849217, 0.42103107830772674, 0.37860667503134976, -0.526117465012331, 0.280033209144718, -1.1310010417772167, 1.2198638448838093, 0.6068916248446233, -0.4757085314032074, 1.2423047404347072, 0.7299093747335014, 0.6517420719044649, -0.11355670144341846, -0.5526260678947568, 0.8316743936656834], "A": [2.355, 0.0, 0.86, 0.96, 0.8200000000000001, 0.76, 0.66, 0.63, 1.32, 3.2, 3.375, 3.475, 3.31, 4.32, 4.49, 4.635, 4.75, 4.89, 4.135, 4.0600000000000005, 4.18, 4.2, 1.85, 2.025, 1.695, 1.665, 1.725, 2.7800000000000002, 2.66, 2.9250000000000003, 3.79, 0.29, 0.41500000000000004, 2.5300000000000002, 5.0, 0.155, 2.195, 1.1300000000000001, 3.0500000000000003, 3.64, 1.5, 3.91, 0.495, 2.13, 1.205, 2.72, 4.5600000000000005, 2.27, 0.075, 1.425, 4.82, 0], "R": [1, 1, 1, 1, 1, 1, 1, 1, 1, 1, 1, 1, 1, 1, 1, 1, 1, 1, 1, 1, 1, 1, 1, 1, 0, 0, 0, 0, 0, 0, 0, 0, 0, 0, 0, 0, 0, 0, 0, 0, 0, 0, 0, 0, 0, 0, 0, 0, 0, 0, 0, 0]}