{"RTG": [24, 23, 22, 21, 20, 19, 18, 17, 16, 15, 14, 13, 12, 11, 10, 9, 8, 7, 6, 5, 4, 3, 2, 1, 0, 0, 0, 0, 0, 0, 0, 0, 0, 0, 0, 0, 0, 0, 0, 0, 0, 0, 0, 0, 0, 0, 0, 0, 0, 0, 0, 0], "S": [0, 0.8205579041063652, 0.8316743936656834, 0.42396904460622875, 0.8164466281105316, 0.7535780975912624, 0.002822489698097361, -0.5681424030680832, 0.1642534074841468, 0.040343652882350874, 1.1514880559381484, 1.1914882796809394, 1.1501940146532572, 1.219269979845113, 1.2881202542280985, 1.0000009442743154, -2.201677621553729, 1.0814212867534516, 0.9421555065576516, -0.4345148689017537, -0.16817882155834474, -0.8348946779313645, 1.1602292902251623, 1.3266242924078386, 1.0444516324076214, 2.6640935024130794, 2.486335711065681, 2.5551020877188306, 0.38850455016500957, 0.30905408296601417, -0.6399272688825074, -0.7260747810041374, 1.8063011458935552, -0.7762990261304845, 1.1380356008066348, -0.5519999276125631, -0.06421981724753852, 0.49351587614176184, 0.2560876713757903, 0.5176853876426791, 2.1614265129414165, 0.3146398464699526, -0.8797078913319923, 0.7810947647226019, 0.2847659930484283, -1.503718626120767, 1.1037847808441072, -0.4672195710409025, 0.4254157691859527, -0.7568219640141731, -0.611716481250362, 1.1701627407828141], "A": [4.7700000000000005, 4.82, 4.92, 4.635, 4.57, 4.425, 0.0, 0.86, 1.045, 0.67, 0.63, 0.545, 0.455, 0.39, 0.315, 1.305, 2.1750000000000003, 2.245, 2.07, 3.105, 3.7600000000000002, 2.695, 2.755, 2.815, 1.69, 1.665, 1.725, 4.11, 3.41, 2.485, 3.96, 4.25, 3.56, 3.27, 0.155, 1.8800000000000001, 2.965, 1.495, 4.3100000000000005, 4.195, 1.1500000000000001, 2.365, 5.0, 3.2, 3.86, 2.59, 3.66, 0.78, 1.415, 0.9550000000000001, 3.34, 0], "R": [1, 1, 1, 1, 1, 1, 1, 1, 1, 1, 1, 1, 1, 1, 1, 1, 1, 1, 1, 1, 1, 1, 1, 1, 0, 0, 0, 0, 0, 0, 0, 0, 0, 0, 0, 0, 0, 0, 0, 0, 0, 0, 0, 0, 0, 0, 0, 0, 0, 0, 0, 0]}