{"RTG": [22, 21, 20, 19, 18, 17, 16, 15, 14, 13, 12, 11, 10, 9, 8, 7, 6, 5, 4, 3, 2, 1, 0, 0, 0, 0, 0, 0, 0, 0, 0, 0, 0, 0, 0, 0, 0, 0, 0, 0, 0, 0, 0, 0, 0, 0, 0, 0, 0, 0, 0, 0], "S": [0, 1.313771510494162, 1.2766244561205646, 0.6543334699031734, 0.3327416839338406, -0.6776977831069698, -0.5681424030680832, 0.2992456858903939, -0.2543664896025655, 1.1293561077306389, 1.14814577970639, 1.221849818761846, 1.2473233634412009, 1.10297997475711, -0.4371655090445092, -0.4611514236144929, 0.6838990714313047, 0.7697164372501104, 0.8564619056302556, 0.43333794832263955, -0.22824474011416213, 2.583789023717434, 2.198622511720558, 2.6732740673741575, -0.7202755602478425, 1.2254038456039946, -0.1861306929802691, 0.38641500747199387, -0.6737740081427814, -2.1283174002063725, 0.7486707964918938, 2.1646963807230764, 1.4124672145230344, -1.5129641137469552, -0.7811408998812415, 1.66510693211448, 0.591106254339909, 0.09060725392395028, 0.7810947647226019, -0.7349959441494497, 1.05823352995558, 0.4035438731462402, 1.640461454575373, 1.187614098414235, -0.1444384360798626, 0.4949049722078865, 0.7216939239772742, 1.1701627407828141, -0.5281913749203656, -1.1958523683721816, -0.8086308259890348, 0.12372982621026657], "A": [2.77, 2.73, 2.855, 2.535, 2.35, 0.0, 0.84, 1.0150000000000001, 0.675, 0.605, 0.49, 0.41500000000000004, 0.325, 0.22, 3.7, 4.54, 4.66, 4.8, 4.915, 4.3950000000000005, 1.675, 1.645, 1.7, 1.925, 3.285, 3.16, 3.4050000000000002, 4.045, 1.295, 2.14, 4.22, 4.2700000000000005, 3.855, 3.555, 4.16, 3.0100000000000002, 1.47, 5.0, 2.05, 2.23, 1.135, 1.79, 2.62, 0.095, 0.76, 4.73, 3.34, 0.93, 1.395, 3.9450000000000003, 3.075, 0], "R": [1, 1, 1, 1, 1, 1, 1, 1, 1, 1, 1, 1, 1, 1, 1, 1, 1, 1, 1, 1, 1, 1, 0, 0, 0, 0, 0, 0, 0, 0, 0, 0, 0, 0, 0, 0, 0, 0, 0, 0, 0, 0, 0, 0, 0, 0, 0, 0, 0, 0, 0, 0]}