{"RTG": [9, 8, 7, 6, 5, 4, 3, 2, 1, 0, 0, 0, 0, 0, 0, 0, 0, 0, 0, 0, 0, 0, 0, 0, 0, 0, 0, 0, 0, 0, 0, 0, 0, 0, 0, 0, 0, 0, 0, 0, 0, 0, 0, 0, 0, 0, 0, 0, 0, 0, 0, 0], "S": [0, 1.1935643644957392, 1.2230482233664581, 1.2805352156985943, 1.1460939208731853, 1.1971315791461121, 0.7881508443671758, -0.6433226681011133, 0.6842214616603056, 2.6194882783227276, 2.665056914615652, 1.2696251559757619, 1.154923932830813, 1.3006506431464921, 0.35130374988897833, -0.7197448335686071, 0.5754088667607283, 0.5392684839855656, -0.7104987145618867, 0.14978629205510915, 0.7259718516629005, 0.7450548739706984, 0.7810947647226019, 2.124266822246258, 0.5188737380858635, 1.8063011458935552, 0.4327458304589763, -0.6077964200381839, -2.1283174002063725, 0.529575855818755, -1.4376841077764138, 0.6517420719044649, 0.06986426174581307, -1.1185111654206692, -0.5681424030680832, 0.7417519397012445, 1.2752776432954898, -0.8169671187903633, -0.7486598192425545, 0.32211413453554105, 0.4179323833926717, -0.28307668106601713, 1.2066195172364638, -0.4513534362588481, 0.13123823407706264, 0.7957554899833702, 1.1484487020849217, -0.07443101875082657, -0.11299887448909537, 0.5942894159677002, -0.6286623709632781, 2.404467632602444], "A": [0.52, 0.48, 0.395, 0.33, 0.635, 0.72, 0.18, 1.56, 1.68, 1.705, 1.81, 2.645, 2.775, 2.92, 2.48, 3.22, 3.395, 3.59, 4.44, 4.68, 4.845, 5.0, 4.19, 4.115, 4.25, 1.125, 0.9500000000000001, 1.295, 2.125, 3.825, 2.27, 3.08, 1.985, 0.0, 4.565, 3.31, 2.36, 3.955, 0.835, 4.925, 1.44, 2.71, 3.6950000000000003, 1.055, 4.76, 2.195, 4.345, 0.08, 3.0, 3.49, 1.74, 0], "R": [1, 1, 1, 1, 1, 1, 1, 1, 1, 0, 0, 0, 0, 0, 0, 0, 0, 0, 0, 0, 0, 0, 0, 0, 0, 0, 0, 0, 0, 0, 0, 0, 0, 0, 0, 0, 0, 0, 0, 0, 0, 0, 0, 0, 0, 0, 0, 0, 0, 0, 0, 0]}