{"RTG": [31, 30, 29, 28, 27, 26, 25, 24, 23, 22, 21, 20, 19, 18, 17, 16, 15, 14, 13, 12, 11, 10, 9, 8, 7, 6, 5, 4, 3, 2, 1, 0, 0, 0, 0, 0, 0, 0, 0, 0, 0, 0, 0, 0, 0, 0, 0, 0, 0, 0, 0, 0], "S": [0, 0.7500898340417048, 1.2033515197286617, 1.3265893946558156, 1.1722023515752833, 0.43020799552765826, -0.5681424030680832, 0.2045054376024882, 0.0866432673157289, 1.1929647133334638, 1.1327279928260916, 1.219269979845113, 1.294516094678491, 0.8758965088053228, -2.078054622311628, -0.5344493610789871, 0.7535780975912624, 0.7170916018157362, 0.002822489698097361, 0.7450548739706984, 0.5364555030845335, -0.7202755602478425, 1.275078842405209, 1.0567075262404362, 0.9438680768787604, -0.18412100953310084, 1.0245921516336474, -0.0017655707758112728, 1.0814212867534516, 1.8238428669741287, 2.356485375892664, 2.583789023717434, 2.6732740673741575, -1.1310010417772167, 1.8063011458935552, 0.23093654685116718, -0.7762990261304845, -0.5519999276125631, 2.124266822246258, 0.5210538878624557, -0.28307668106601713, -0.7349959441494497, 0.3146398464699526, 0.8085877969105064, 0.5519536381881391, -1.3287532923747882, -0.6077964200381839, -1.1684325326578182, 1.2696251559757619, 0.0596368921205919, -0.4758467683438055, -0.11355670144341846], "A": [2.845, 2.795, 2.7600000000000002, 2.6350000000000002, 2.54, 0.0, 0.855, 1.05, 0.655, 0.595, 0.455, 0.385, 0.305, 1.29, 3.72, 4.57, 4.6850000000000005, 4.425, 4.845, 4.97, 1.925, 3.305, 3.2600000000000002, 3.365, 4.085, 2.235, 2.31, 2.1750000000000003, 1.625, 1.655, 1.675, 1.7, 3.91, 4.25, 3.065, 3.56, 0.155, 4.19, 0.755, 1.44, 2.05, 1.1500000000000001, 4.765, 2.98, 3.81, 0.9500000000000001, 2.435, 1.81, 4.335, 3.47, 0.075, 0], "R": [1, 1, 1, 1, 1, 1, 1, 1, 1, 1, 1, 1, 1, 1, 1, 1, 1, 1, 1, 1, 1, 1, 1, 1, 1, 1, 1, 1, 1, 1, 1, 0, 0, 0, 0, 0, 0, 0, 0, 0, 0, 0, 0, 0, 0, 0, 0, 0, 0, 0, 0, 0]}