{"RTG": [27, 26, 25, 24, 23, 22, 21, 20, 19, 18, 17, 16, 15, 14, 13, 12, 11, 10, 9, 8, 7, 6, 5, 4, 3, 2, 1, 0, 0, 0, 0, 0, 0, 0, 0, 0, 0, 0, 0, 0, 0, 0, 0, 0, 0, 0, 0, 0, 0, 0, 0, 0], "S": [0, -1.186524735350794, -0.5681424030680832, 0.1642534074841468, -0.6092041357060602, 0.3680109104289028, 0.4949049722078865, 1.1832205329391008, 1.1914882796809394, -2.2383187886964397, 1.0093963694162764, 1.2457424006890583, 0.7554559803553068, 2.084491255479688, 1.620324142494948, 2.199560797986056, 0.7810947647226019, 0.6977617291854273, 0.7360187314858049, 0.1134268335735682, 0.849990625769365, 0.5143621100491487, 1.1485285121397457, -1.0882046889653323, -0.17397932286250575, 2.4252267062251835, 1.9226645203488157, 2.6194882783227276, 2.648718288939445, 0.6560959005237793, 0.6726275675323473, 1.2473233634412009, 1.024040463667378, -0.6929902457178543, -0.7104987145618867, -0.5519999276125631, 1.0867645302829678, -0.08257389710244357, 0.42103107830772674, 0.14978629205510915, 0.8085877969105064, 1.2198638448838093, -0.06805584798382577, 0.26116185121244917, -1.3264683727487805, -1.1095620561736692, 1.3265893946558156, -0.657719301396538, 0.26206678582391096, -0.4757085314032074, 0.421746209599056, -0.4448451563527119], "A": [2.4050000000000002, 0.0, 0.86, 0.96, 0.8200000000000001, 0.76, 0.66, 0.63, 1.32, 3.255, 3.325, 3.38, 4.23, 4.26, 4.21, 5.0, 4.855, 4.675, 1.87, 2.835, 2.97, 2.69, 3.785, 2.085, 1.6600000000000001, 1.6300000000000001, 1.68, 1.71, 0.29, 4.535, 0.41500000000000004, 2.58, 3.995, 3.59, 0.155, 2.225, 3.095, 1.1300000000000001, 4.44, 4.765, 0.495, 1.455, 2.295, 3.89, 1.98, 2.7600000000000002, 3.495, 4.105, 1.205, 4.94, 3.69, 0], "R": [1, 1, 1, 1, 1, 1, 1, 1, 1, 1, 1, 1, 1, 1, 1, 1, 1, 1, 1, 1, 1, 1, 1, 1, 1, 1, 1, 0, 0, 0, 0, 0, 0, 0, 0, 0, 0, 0, 0, 0, 0, 0, 0, 0, 0, 0, 0, 0, 0, 0, 0, 0]}