{"RTG": [25, 24, 23, 22, 21, 20, 19, 18, 17, 16, 15, 14, 13, 12, 11, 10, 9, 8, 7, 6, 5, 4, 3, 2, 1, 0, 0, 0, 0, 0, 0, 0, 0, 0, 0, 0, 0, 0, 0, 0, 0, 0, 0, 0, 0, 0, 0, 0, 0, 0, 0, 0], "S": [0, 0.8492731788192288, 0.028266080697662052, 1.0675806827655183, 1.1815012598688805, 0.6543334699031734, 0.5340475232331015, -0.24866560631437654, -0.5681424030680832, 0.2045054376024882, 0.040343652882350874, 1.1832205329391008, 1.1756294449900588, 1.2008932538035024, 1.219269979845113, 1.2978622792095647, 0.8758965088053228, 0.6203485783512641, -0.6929902457178543, 0.7220419228172474, 0.5073931917166381, 0.7016149151198066, 0.7652276639764811, 0.2454218611888777, 2.2096243099566566, 2.5551020877188306, 2.6732740673741575, 0.7456394742923096, -0.8566861004606161, -0.7695552481135107, -2.019375394177136, 1.9631888737933478, 1.8594942356609157, 1.0942090702771463, -1.0364517181494661, 0.9858819527773454, -0.06490318263147667, 0.22426911458075124, -0.4064917918700017, 1.099627421136071, -0.18008420118012206, -0.4615336624388271, -0.4572802851966546, 0.9242571415201947, -0.611716481250362, 0.35049370059763607, 1.3223751932371433, -1.3264683727487805, -0.44919934217062807, 0.3321029361393006, 0.8011459087892528, 0.025247930055477295], "A": [2.565, 2.52, 2.585, 2.61, 2.855, 2.975, 3.15, 0.0, 0.855, 1.045, 0.66, 0.62, 0.515, 0.455, 0.365, 0.305, 0.74, 3.995, 4.8500000000000005, 4.965, 4.715, 4.575, 4.45, 1.7550000000000001, 1.725, 1.7, 1.565, 2.04, 3.565, 1.285, 4.24, 4.17, 3.35, 3.7800000000000002, 2.24, 3.435, 4.325, 0.135, 3.265, 2.32, 1.905, 1.43, 2.1550000000000002, 0.9550000000000001, 1.145, 2.765, 3.89, 3.67, 3.055, 4.6450000000000005, 4.095, 0], "R": [1, 1, 1, 1, 1, 1, 1, 1, 1, 1, 1, 1, 1, 1, 1, 1, 1, 1, 1, 1, 1, 1, 1, 1, 1, 0, 0, 0, 0, 0, 0, 0, 0, 0, 0, 0, 0, 0, 0, 0, 0, 0, 0, 0, 0, 0, 0, 0, 0, 0, 0, 0]}