{"RTG": [51, 50, 49, 48, 47, 46, 45, 44, 43, 42, 41, 40, 39, 38, 37, 36, 35, 34, 33, 32, 31, 30, 29, 28, 27, 26, 25, 24, 23, 22, 21, 20, 19, 18, 17, 16, 15, 14, 13, 12, 11, 10, 9, 8, 7, 6, 5, 4, 3, 2, 1, 0], "S": [0, 0.7997946265823738, 1.2341595925880817, 1.3266242924078386, 1.1551915578798113, 0.028266080697662052, 1.133107637799685, -0.034142590711439366, -0.5681424030680832, 0.2045054376024882, 0.0866432673157289, 1.1929647133334638, 1.1327279928260916, 1.219269979845113, 1.294516094678491, 0.8758965088053228, -2.078054622311628, -1.0793329670954217, 0.8313089284247416, 0.5690923241108877, 0.791505350158265, 0.6090386641418352, -0.17456529408862, -0.3881858065598431, -0.428093934136053, 1.8238428669741287, 1.2265483993932222, 2.198622511720558, 2.356485375892664, 2.486335711065681, 2.6194882783227276, 1.1484487020849217, -0.4438624640970557, 1.4381036978079742, 1.1380356008066348, 0.0074048302044516555, 0.26116185121244917, -0.4354061667458947, 2.1300292046727938, 0.7810947647226019, -0.5519999276125631, 1.0942090702771463, 0.5210538878624557, -1.0882046889653323, 0.3146398464699526, 0.5800560575903002, -0.7506979107943184, -0.6077964200381839, 0.7765038309941795, -0.8641358306892514, 0.14424649044003368, -1.1142781305849165], "A": [2.84, 2.79, 2.755, 2.6, 2.52, 2.66, 3.09, 0.0, 0.855, 1.05, 0.655, 0.595, 0.455, 0.385, 0.305, 1.29, 3.915, 4.775, 4.88, 4.65, 4.51, 4.355, 1.9000000000000001, 3.465, 1.625, 1.595, 1.645, 1.655, 1.665, 1.68, 2.195, 3.6750000000000003, 4.15, 3.27, 2.095, 2.295, 4.07, 4.225, 5.0, 0.155, 3.35, 0.755, 3.785, 1.1500000000000001, 2.99, 3.575, 0.9500000000000001, 4.58, 1.41, 3.19, 2.39, 0], "R": [1, 1, 1, 1, 1, 1, 1, 1, 1, 1, 1, 1, 1, 1, 1, 1, 1, 1, 1, 1, 1, 1, 1, 1, 1, 1, 1, 1, 1, 1, 1, 1, 1, 1, 1, 1, 1, 1, 1, 1, 1, 1, 1, 1, 1, 1, 1, 1, 1, 1, 1, 0]}