{"RTG": [29, 28, 27, 26, 25, 24, 23, 22, 21, 20, 19, 18, 17, 16, 15, 14, 13, 12, 11, 10, 9, 8, 7, 6, 5, 4, 3, 2, 1, 0, 0, 0, 0, 0, 0, 0, 0, 0, 0, 0, 0, 0, 0, 0, 0, 0, 0, 0, 0, 0, 0, 0], "S": [0, 1.1065611909486615, 0.7486707964918938, 1.1283506934188439, -0.5681424030680832, 0.2045054376024882, 0.040343652882350874, 1.1694360114222457, 1.184145623379665, 1.176806974670785, 1.219837753571638, 1.294516094678491, 1.0542425639738024, -2.201677621553729, 0.17769761202432371, 1.1718425673152988, 1.2005038616307513, -0.1336677750241096, 0.5668338030505861, 1.2766244561205646, 1.1392762323358923, -0.074182758754499, 1.190400491309068, 0.0596368921205919, 1.8063011458935552, 2.0286591678260097, 2.1646963807230764, 0.7810947647226019, 0.6977617291854273, 0.7259718516629005, 2.6246497070519292, 2.404467632602444, 2.6462676611234475, -1.2384763947727195, 0.4573498151461132, 0.7299093747335014, -0.7202755602478425, -0.5519999276125631, -0.5821590646936314, -0.6878780468282619, -1.0370239909719803, 0.27244383499665203, 0.5143621100491487, 0.8205579041063652, -0.043400782201073435, -0.5973820916024358, -0.3672731553529204, 0.47240745786319704, -0.7834705376033333, 0.421746209599056, 1.132872154906867, -1.3264683727487805], "A": [2.18, 2.14, 2.215, 0.0, 0.855, 1.045, 0.665, 0.625, 0.53, 0.46, 0.385, 0.32, 1.305, 3.0700000000000003, 3.275, 3.335, 3.44, 2.865, 2.73, 2.685, 2.515, 4.28, 4.335, 4.25, 4.235, 4.22, 5.0, 4.855, 4.68, 1.715, 1.74, 1.685, 3.8000000000000003, 1.5350000000000001, 4.5600000000000005, 1.925, 0.155, 3.625, 3.975, 2.38, 1.155, 2.97, 4.7700000000000005, 3.1750000000000003, 0.9450000000000001, 1.435, 0.765, 3.54, 4.94, 2.595, 3.89, 0], "R": [1, 1, 1, 1, 1, 1, 1, 1, 1, 1, 1, 1, 1, 1, 1, 1, 1, 1, 1, 1, 1, 1, 1, 1, 1, 1, 1, 1, 1, 0, 0, 0, 0, 0, 0, 0, 0, 0, 0, 0, 0, 0, 0, 0, 0, 0, 0, 0, 0, 0, 0, 0]}