{"RTG": [25, 24, 23, 22, 21, 20, 19, 18, 17, 16, 15, 14, 13, 12, 11, 10, 9, 8, 7, 6, 5, 4, 3, 2, 1, 0, 0, 0, 0, 0, 0, 0, 0, 0, 0, 0, 0, 0, 0, 0, 0, 0, 0, 0, 0, 0, 0, 0, 0, 0, 0, 0], "S": [0, 0.5928665680352182, 0.2454218611888777, 0.7065887481278916, 0.7039863856329738, 0.7957554899833702, 0.7861115957725884, 0.4307974516011793, -0.5681424030680832, 0.1642534074841468, 0.040343652882350874, 1.1293561077306389, 1.1971315791461121, 1.128847864961221, 1.2200896781036197, 1.2881202542280985, 1.0000009442743154, -2.2239717903468845, 1.1065611909486615, 0.9421555065576516, -0.26302149708902195, -0.16817882155834474, -0.8348946779313645, 1.1602292902251623, 1.3266242924078386, 1.0444516324076214, 2.6732740673741575, 2.583789023717434, 2.2787485889783183, 0.30905408296601417, 0.14065031128985822, -0.6399272688825074, -0.7762990261304845, 1.1380356008066348, -0.7762351625212653, 1.9631888737933478, 0.37144358779605585, -0.5519999276125631, 0.49351587614176184, 0.8479373402835767, -0.4615336624388271, 0.27244383499665203, -0.8797078913319923, 2.0751036904311593, 0.2847659930484283, 1.1037847808441072, -0.4672195710409025, -0.6077964200381839, 0.7810947647226019, -0.4572802851966546, -1.503718626120767, 1.1701627407828141], "A": [4.505, 4.45, 4.55, 4.695, 4.76, 4.835, 4.945, 0.0, 0.86, 1.045, 0.675, 0.635, 0.56, 0.445, 0.39, 0.315, 1.31, 2.18, 2.245, 2.08, 3.105, 3.7600000000000002, 2.695, 2.755, 2.815, 1.7, 1.675, 1.75, 3.41, 4.1, 2.485, 3.56, 3.27, 3.95, 4.24, 1.52, 0.155, 2.965, 4.295, 1.905, 1.155, 2.365, 4.1850000000000005, 3.2, 2.59, 3.66, 0.9500000000000001, 5.0, 1.43, 3.86, 3.34, 0], "R": [1, 1, 1, 1, 1, 1, 1, 1, 1, 1, 1, 1, 1, 1, 1, 1, 1, 1, 1, 1, 1, 1, 1, 1, 1, 0, 0, 0, 0, 0, 0, 0, 0, 0, 0, 0, 0, 0, 0, 0, 0, 0, 0, 0, 0, 0, 0, 0, 0, 0, 0, 0]}