{"RTG": [21, 20, 19, 18, 17, 16, 15, 14, 13, 12, 11, 10, 9, 8, 7, 6, 5, 4, 3, 2, 1, 0, 0, 0, 0, 0, 0, 0, 0, 0, 0, 0, 0, 0, 0, 0, 0, 0, 0, 0, 0, 0, 0, 0, 0, 0, 0, 0, 0, 0, 0, 0], "S": [0, -0.7740292084447152, -0.5681424030680832, 0.1642534074841468, -0.6092041357060602, 0.3680109104289028, 0.4949049722078865, 1.1832205329391008, 1.1914882796809394, -2.2383187886964397, 1.0814212867534516, 1.0245921516336474, -0.4345148689017537, -0.2679591565011226, 0.7810947647226019, 0.47891439095336297, 0.4301388341903039, 1.2918036410372127, 1.1602292902251623, 1.2829686885252671, 0.2326502036687028, -0.7085119626694121, 2.6730387989219673, 2.593288167724146, 2.1109965038009197, 0.780918615055049, 0.3573440360234566, 0.6560959005237793, 2.014262628658444, 0.6520050202483836, 1.9631888737933478, -0.8835498934886132, 1.2473233634412009, 1.1347072427156868, 0.6838990714313047, 0.28265279438418606, 0.1134268335735682, -0.5519999276125631, 0.42103107830772674, -1.1142781305849165, 0.8205579041063652, 0.23008588075507877, 0.15531055956049092, -0.49352352380335235, 1.2198638448838093, -1.4664759182334537, -0.4757085314032074, -1.054315683292044, 0.5674801530142803, 0.37416928039478276, 1.1718425673152988, -0.11355670144341846], "A": [3.5300000000000002, 0.0, 0.86, 0.96, 0.8200000000000001, 0.76, 0.66, 0.63, 1.32, 2.1750000000000003, 2.235, 2.07, 4.375, 5.0, 4.9, 2.8850000000000002, 2.735, 2.695, 2.7800000000000002, 2.5300000000000002, 3.9650000000000003, 1.695, 1.72, 1.6400000000000001, 4.655, 3.205, 0.29, 4.18, 4.12, 4.24, 3.765, 0.41500000000000004, 3.345, 4.54, 3.06, 1.87, 0.155, 1.1300000000000001, 2.39, 4.7700000000000005, 1.49, 3.42, 3.65, 0.495, 3.87, 1.205, 1.965, 2.985, 4.465, 3.275, 0.075, 0], "R": [1, 1, 1, 1, 1, 1, 1, 1, 1, 1, 1, 1, 1, 1, 1, 1, 1, 1, 1, 1, 1, 0, 0, 0, 0, 0, 0, 0, 0, 0, 0, 0, 0, 0, 0, 0, 0, 0, 0, 0, 0, 0, 0, 0, 0, 0, 0, 0, 0, 0, 0, 0]}