{"RTG": [23, 22, 21, 20, 19, 18, 17, 16, 15, 14, 13, 12, 11, 10, 9, 8, 7, 6, 5, 4, 3, 2, 1, 0, 0, 0, 0, 0, 0, 0, 0, 0, 0, 0, 0, 0, 0, 0, 0, 0, 0, 0, 0, 0, 0, 0, 0, 0, 0, 0, 0, 0], "S": [0, 0.13840231823318014, 2.1300292046727938, 2.186387029405289, -0.715299091384201, -0.5681424030680832, 0.27208023610146237, 0.0866432673157289, 1.1971315791461121, 1.1935643644957392, 1.3014072903111207, 0.06518168505993671, -2.2362571854591744, 1.0814212867534516, 0.26116185121244917, -0.7349959441494497, -0.26899053000129997, 0.7810947647226019, 0.6977617291854273, 0.7259718516629005, -0.7762990261304845, 1.2766244561205646, 0.849990625769365, 1.1712103381729184, 2.6462676611234475, 2.648718288939445, 1.4202812468229182, 1.1701627407828141, -0.7197448335686071, -1.0882046889653323, 0.7065887481278916, 0.5340475232331015, 0.783357385465521, 0.7008456084275234, 0.08002013972113022, 1.0093963694162764, -0.32750870905583246, 0.22387517807153576, 0.09060725392395028, 0.8205579041063652, 1.2218576619033426, 0.33376010508273046, -0.4438624640970557, -0.5973820916024358, -1.182399402186969, -0.8275862870460531, 1.129227959703775, 0.6520050202483836, 0.37860667503134976, 0.421746209599056, 1.05823352995558, -1.0846614795250824], "A": [4.33, 4.225, 4.2, 4.01, 0.0, 0.845, 1.05, 0.635, 0.52, 0.37, 0.255, 1.315, 2.1750000000000003, 2.295, 2.05, 3.145, 5.0, 4.855, 4.68, 3.56, 2.73, 2.835, 2.605, 1.685, 1.71, 1.605, 3.34, 2.48, 3.785, 4.55, 2.975, 1.835, 0.73, 3.4250000000000003, 3.255, 0.125, 1.16, 1.47, 4.7700000000000005, 0.44, 4.46, 3.6750000000000003, 0.9450000000000001, 3.9050000000000002, 1.935, 2.665, 4.12, 3.0500000000000003, 4.94, 2.23, 1.4000000000000001, 0], "R": [1, 1, 1, 1, 1, 1, 1, 1, 1, 1, 1, 1, 1, 1, 1, 1, 1, 1, 1, 1, 1, 1, 1, 0, 0, 0, 0, 0, 0, 0, 0, 0, 0, 0, 0, 0, 0, 0, 0, 0, 0, 0, 0, 0, 0, 0, 0, 0, 0, 0, 0, 0]}