{"RTG": [1, 0, 0, 0, 0, 0, 0, 0, 0, 0, 0, 0, 0, 0, 0, 0, 0, 0, 0, 0, 0, 0, 0, 0, 0, 0, 0, 0, 0, 0, 0, 0, 0, 0, 0, 0, 0, 0, 0, 0, 0, 0, 0, 0, 0, 0, 0, 0, 0, 0, 0, 0], "S": [0, 0.02348309645291035, 2.6730387989219673, 2.539316846348272, 2.510577190859736, -0.5681424030680832, 1.2423047404347072, 0.7500898340417048, 1.024040463667378, -1.1987220633160474, 0.4215588852672501, 0.9022883692297691, 0.4633443805678566, -0.5821590646936314, 0.41171617023787066, 0.7582537177375791, 0.8036415820234936, 0.7810947647226019, 1.620324142494948, 1.555179369689812, -0.7078722906587652, 0.3680109104289028, -0.20518968612651028, 1.184145623379665, 1.221849818761846, 1.2154017406227207, -0.5320126392908179, -2.18235760737755, 0.529575855818755, -1.2849974428615545, 0.9858819527773454, -0.17456529408862, 0.7535780975912624, 0.8327877808682069, -0.24866560631437654, 0.27244383499665203, 0.3476295436147299, 0.4109152650008146, -1.0849883657686858, 0.42396904460622875, 1.2552709899027514, -0.7250333914407979, 1.154923932830813, 1.260659837942881, -0.45340702261723914, 2.1990799042829505, -0.1444384360798626, 0.7690116833676693, -1.182399402186969, -0.0017655707758112728, -1.0006152363742993, -0.4909143663015248], "A": [1.875, 1.695, 1.67, 1.73, 0.0, 2.72, 2.845, 2.58, 2.41, 3.045, 3.245, 3.4, 3.625, 4.47, 4.665, 4.83, 5.0, 4.26, 4.155, 4.005, 0.8200000000000001, 1.02, 0.625, 0.49, 0.34, 0.21, 1.335, 2.125, 3.805, 2.24, 4.355, 4.57, 0.715, 3.15, 1.155, 1.5150000000000001, 2.945, 2.0100000000000002, 4.92, 0.41000000000000003, 3.5100000000000002, 2.645, 3.3200000000000003, 0.92, 4.205, 0.095, 4.75, 3.9050000000000002, 2.31, 1.23, 3.71, 0], "R": [1, 0, 0, 0, 0, 0, 0, 0, 0, 0, 0, 0, 0, 0, 0, 0, 0, 0, 0, 0, 0, 0, 0, 0, 0, 0, 0, 0, 0, 0, 0, 0, 0, 0, 0, 0, 0, 0, 0, 0, 0, 0, 0, 0, 0, 0, 0, 0, 0, 0, 0, 0]}