{"RTG": [4, 3, 2, 1, 0, 0, 0, 0, 0, 0, 0, 0, 0, 0, 0, 0, 0, 0, 0, 0, 0, 0, 0, 0, 0, 0, 0, 0, 0, 0, 0, 0, 0, 0, 0, 0, 0, 0, 0, 0, 0, 0, 0, 0, 0, 0, 0, 0, 0, 0, 0, 0], "S": [0, 0.3941168188128473, 1.640461454575373, 1.9816540052700344, 2.2096243099566566, 2.6246497070519292, 2.6194882783227276, -0.5681424030680832, 1.2066195172364638, 0.7997946265823738, 0.8492731788192288, -1.0785053980520602, 0.5243572241097797, 0.5754088667607283, 0.38641500747199387, -0.6211852992102556, 0.33376010508273046, 0.7582537177375791, 0.8036415820234936, 0.7810947647226019, 1.8888071569415663, 1.66510693211448, -0.6929902457178543, 0.377304667011703, 1.1664614388095813, 1.2230482233664581, 1.1460939208731853, -0.598610461628525, -0.05613805381416219, -2.078054622311628, 0.7486707964918938, 0.0596368921205919, -1.2384763947727195, 0.7417519397012445, 0.8771817164369324, 1.0245921516336474, -0.009124780770441163, -0.27455451950087434, 0.3782747663821225, 1.2704887200104722, 0.42396904460622875, -0.5281913749203656, 1.2722439051238437, 0.35049370059763607, -0.8566861004606161, 1.1722023515752833, -0.7413584525528033, 0.7690116833676693, -0.1285737335390223, -1.2326682407776417, 2.1990799042829505, -0.47432048764582246], "A": [1.855, 1.79, 1.77, 1.7550000000000001, 1.715, 1.68, 0.0, 2.71, 2.84, 2.565, 2.3850000000000002, 3.0300000000000002, 3.22, 3.4050000000000002, 3.615, 4.46, 4.665, 4.83, 5.0, 4.245, 4.16, 3.995, 0.8150000000000001, 0.615, 0.48, 0.33, 0.2, 1.035, 1.29, 2.14, 4.335, 3.8000000000000003, 4.565, 0.71, 2.235, 1.46, 3.125, 2.935, 3.315, 4.92, 0.93, 0.4, 1.145, 2.04, 2.6350000000000002, 3.515, 4.75, 0.09, 3.9, 4.205, 3.705, 0], "R": [1, 1, 1, 1, 0, 0, 0, 0, 0, 0, 0, 0, 0, 0, 0, 0, 0, 0, 0, 0, 0, 0, 0, 0, 0, 0, 0, 0, 0, 0, 0, 0, 0, 0, 0, 0, 0, 0, 0, 0, 0, 0, 0, 0, 0, 0, 0, 0, 0, 0, 0, 0]}