{"RTG": [24, 23, 22, 21, 20, 19, 18, 17, 16, 15, 14, 13, 12, 11, 10, 9, 8, 7, 6, 5, 4, 3, 2, 1, 0, 0, 0, 0, 0, 0, 0, 0, 0, 0, 0, 0, 0, 0, 0, 0, 0, 0, 0, 0, 0, 0, 0, 0, 0, 0, 0, 0], "S": [0, -1.0785053980520602, -0.5681424030680832, 0.1642534074841468, -0.6092041357060602, 0.3680109104289028, 0.4949049722078865, 1.1832205329391008, 1.1914882796809394, -2.2383187886964397, 0.7801908353249076, 1.2005038616307513, 0.6858565367473983, 1.275078842405209, 1.7165118520294746, 0.9620205374516724, 2.0286591678260097, 2.1880040451103517, 0.826452834105411, 0.8085877969105064, 0.41543750807331425, 0.29901449907859046, -0.6664423878806288, 2.583789023717434, 2.198622511720558, 2.6732740673741575, 0.9496061264010378, 1.1392762323358923, 0.5674801530142803, -1.0364517181494661, 0.6560959005237793, 0.9147600389067359, 1.2473233634412009, -0.6958626735149382, 0.5928665680352182, -0.6772614302070163, -0.5519999276125631, 0.42103107830772674, 1.1413307041700922, 0.7810947647226019, 0.016953564100676687, 0.16883208745421255, 0.5804748080628606, 1.2198638448838093, 0.37011310999987346, 0.7039863856329738, -0.3605851279422107, -0.9952350182638754, -0.4757085314032074, -0.46555971502504534, -1.4664759182334537, -0.44124323692021794], "A": [2.3850000000000002, 0.0, 0.86, 0.96, 0.8200000000000001, 0.76, 0.66, 0.63, 1.32, 3.235, 3.335, 3.3850000000000002, 3.305, 4.255, 4.29, 4.235, 4.215, 4.62, 4.765, 4.93, 1.86, 2.055, 1.675, 1.645, 1.7, 2.825, 2.685, 2.985, 3.7800000000000002, 0.29, 2.57, 0.41500000000000004, 3.97, 4.505, 3.6, 0.155, 1.1300000000000001, 2.21, 5.0, 3.085, 1.48, 2.275, 0.495, 2.9, 4.695, 4.075, 1.955, 1.205, 2.495, 3.87, 3.68, 0], "R": [1, 1, 1, 1, 1, 1, 1, 1, 1, 1, 1, 1, 1, 1, 1, 1, 1, 1, 1, 1, 1, 1, 1, 1, 0, 0, 0, 0, 0, 0, 0, 0, 0, 0, 0, 0, 0, 0, 0, 0, 0, 0, 0, 0, 0, 0, 0, 0, 0, 0, 0, 0]}