{"RTG": [25, 24, 23, 22, 21, 20, 19, 18, 17, 16, 15, 14, 13, 12, 11, 10, 9, 8, 7, 6, 5, 4, 3, 2, 1, 0, 0, 0, 0, 0, 0, 0, 0, 0, 0, 0, 0, 0, 0, 0, 0, 0, 0, 0, 0, 0, 0, 0, 0, 0, 0, 0], "S": [0, -0.043400782201073435, -0.5681424030680832, 0.07219968659936347, -0.3935566625341845, 0.3959299450209885, 0.6203485783512641, 1.1031253948915591, 1.1988872073150763, -0.4757085314032074, -0.6664423878806288, -0.6929902457178543, 0.7220419228172474, 0.48221651102654217, 0.7063621804743907, 0.7765038309941795, 0.33376010508273046, 1.1637413930916065, 1.1392762323358923, 0.43020799552765826, 0.6543334699031734, 0.5519536381881391, -0.7762990261304845, 1.8238428669741287, 2.4252267062251835, 2.6194882783227276, 2.648718288939445, 0.6560959005237793, 1.8063011458935552, 1.9421985709844345, 0.1748996278641049, 1.0487836559167683, -0.984767779832423, 1.2473233634412009, -1.414747719560874, -0.5519999276125631, -0.3116150948341032, 1.1400171087098125, -0.06490318263147667, -0.011464620116161107, 1.1380356008066348, 1.2198638448838093, -1.2050087939706549, 0.43558581507364647, -1.3684260504266743, -0.44919934217062807, 0.23093654685116718, 0.14065031128985822, 0.7810947647226019, 1.3006506431464921, 0.16883208745421255, 0.791505350158265], "A": [3.1750000000000003, 0.0, 0.87, 1.0, 0.8, 0.74, 0.68, 0.65, 1.205, 2.055, 3.995, 4.8500000000000005, 4.96, 4.72, 4.58, 4.46, 2.64, 2.685, 2.54, 2.855, 2.98, 3.56, 1.625, 1.6600000000000001, 1.68, 1.71, 0.29, 4.25, 4.175, 2.3000000000000003, 3.355, 3.775, 0.41500000000000004, 1.385, 0.155, 1.895, 2.19, 3.435, 4.34, 3.27, 0.495, 2.42, 1.11, 3.8850000000000002, 3.67, 3.065, 4.1, 5.0, 2.775, 1.48, 4.65, 0], "R": [1, 1, 1, 1, 1, 1, 1, 1, 1, 1, 1, 1, 1, 1, 1, 1, 1, 1, 1, 1, 1, 1, 1, 1, 1, 0, 0, 0, 0, 0, 0, 0, 0, 0, 0, 0, 0, 0, 0, 0, 0, 0, 0, 0, 0, 0, 0, 0, 0, 0, 0, 0]}