{"RTG": [6, 5, 4, 3, 2, 1, 0, 0, 0, 0, 0, 0, 0, 0, 0, 0, 0, 0, 0, 0, 0, 0, 0, 0, 0, 0, 0, 0, 0, 0, 0, 0, 0, 0, 0, 0, 0, 0, 0, 0, 0, 0, 0, 0, 0, 0, 0, 0, 0, 0, 0, 0], "S": [0, 1.6217806950522773, 0.9635249207235376, 2.018703006539025, 2.198622511720558, 2.356485375892664, 2.486335711065681, 2.6462676611234475, -1.0849883657686858, -0.5681424030680832, 0.5668338030505861, 0.4215588852672501, 1.1326765301622912, 0.43020799552765826, 0.9578542139492628, 0.4633443805678566, -0.5441132825174866, 0.4777299050634701, 0.7582537177375791, 0.8036415820234936, 0.7810947647226019, 1.190400491309068, 1.4381036978079742, -0.7213851175583837, 0.5210538878624557, 1.1199013749972255, 1.2247109249108254, 0.6560959005237793, -0.611716481250362, -0.09101694669670529, -0.785730101527414, -1.3287532923747882, -0.5807826452226514, 1.1065611909486615, -0.22095008144629988, 1.3223751932371433, -0.2679591565011226, 0.7652276639764811, 1.1832205329391008, 0.348248328649486, -0.7413584525528033, 0.42396904460622875, -1.1684325326578182, 2.199560797986056, -1.968180204763193, -0.14944533764382856, 1.2978622792095647, 1.260659837942881, 0.4721344441138844, 0.2045054376024882, 0.3643491653233505, -1.1310010417772167], "A": [1.615, 1.58, 1.635, 1.645, 1.655, 1.665, 1.685, 2.0100000000000002, 0.0, 2.865, 3.045, 2.68, 2.54, 3.25, 3.4, 3.6350000000000002, 4.48, 4.665, 4.83, 5.0, 4.28, 4.15, 4.015, 0.755, 0.5750000000000001, 0.435, 0.29, 0.9550000000000001, 2.315, 1.22, 3.81, 0.16, 2.18, 3.1550000000000002, 2.765, 4.375, 4.575, 0.66, 1.085, 3.515, 4.92, 2.435, 4.21, 1.355, 1.885, 0.365, 3.3200000000000003, 2.96, 0.855, 2.115, 3.91, 0], "R": [1, 1, 1, 1, 1, 1, 0, 0, 0, 0, 0, 0, 0, 0, 0, 0, 0, 0, 0, 0, 0, 0, 0, 0, 0, 0, 0, 0, 0, 0, 0, 0, 0, 0, 0, 0, 0, 0, 0, 0, 0, 0, 0, 0, 0, 0, 0, 0, 0, 0, 0, 0]}